:020000040000FA
:0600000068EF50F0120051
:020006001200E6
:08000800E9CFE4FFEACFE4FFB9
:10001000F6CFE4FFF7CFE4FFF5CFE4FFF3CFE4FF43
:10002000F4CFE4FFFACFE4FF00EE00F0140EE80492
:1000300003E3EECFE4FFFBD700EE14F0120EE8046A
:1000400003E3EECFE4FFFBD7E652D9CFE6FFDACFEA
:10005000E6FFE1CFD9FFE2CFDAFFE652E652E25007
:10006000000EF350E124266E276A000E272226C0D8
:10007000DEFF27C0DDFFDECF26F0DDCF27F0050154
:1000800026506C5D27506D5904E2DECF6CF5DDCF54
:100090006DF59EA207D005012A2B000E2B232C23E1
:1000A0002D239E929EAAC9D0E250000EF350E12467
:1000B000266E276A000E272226C0DEFF27C0DDFF3E
:1000C000DECF26F0DDCF27F0050126506C5D2750EE
:1000D0006D5904E2DECF6CF5DDCF6DF59EAAACD094
:1000E000AB50020B03E1AB50040B05E0AB980000F2
:1000F000AB88AB9EAB8E6AEC4FF00001866F5DCF94
:10010000E9FF5ECFEAFF060EE926000EEA22E9CFFC
:1001100026F0EACF27F05DCFE9FF5ECFEAFF040EBD
:10012000E926000EEA222650EE24E76E2750EE2044
:10013000EA6EE7CFE9FF86C0EFFF5DCFE9FF5ECF54
:10014000EAFFEECF2AF0EFCF2BF05DCFE9FF5ECFD5
:10015000EAFF040EE926000EEA22EECF28F0EFCFE8
:1001600029F0010E2826000E292228C008F029C0F7
:1001700009F02AC00DF02BC00EF042EC50F004C084
:1001800026F005C027F05DCFE9FF5ECFEAFF040E41
:1001900026C0EBFF050E27C0EBFF5DCFE9FF5ECF6A
:1001A000EAFF040EE926000EEA22EECF26F0EFCF9A
:1001B00027F05DCFE9FF5ECFEAFF020EE926000ED1
:1001C000EA22EECF28F0EFCF29F02850261802E1DE
:1001D0002950271830E15DCFE9FF5ECFEAFFEECF6F
:1001E0002AF0EFCF2BF05DCFE9FF5ECFEAFF020EE2
:1001F000E926000EEA22EECF28F0EFCF29F0010E1B
:100200002826000E292228C008F029C009F02AC09B
:100210000DF02BC00EF042EC50F004C026F005C0EB
:1002200027F05DCFE9FF5ECFEAFF020E26C0EBFFAD
:10023000030E27C0EBFF52D79E9AE552E552E552D6
:10024000E5CFDAFFE7CFD9FFE55200EE25F0120E39
:10025000E80403E3E5CFEDFFFBD700EE13F0140E47
:10026000E80403E3E5CFEDFFFBD7E5CFFAFFE5CFE9
:10027000F4FFE5CFF3FFE5CFF5FFE5CFF7FFE5CFDF
:0C028000F6FFE5CFEAFFE5CFE9FF110033
:04028C00020052A179
:1002900000004A0F00001300000050A100005D0F95
:0602A00000000200000056
:0A02A6000F01380E006F1F0E016FEC
:1002B000480E026F250E036FB80E046F240E056FF3
:1002C0008E0E066F1C0E076F0E0E086F140E096F50
:1002D0005A0E0A6F0E0E0B6FB20E0C6F160E0D6FCC
:1002E000C60E0E6F140E0F6FF00E106F130E116FFF
:1002F000920E126F110E136F060E146F180E156FFB
:10030000600E166F230E176F600E186F130E196FA5
:100310001C0E1A6F240E1B6FFA0E1C6F1F0E1D6F22
:10032000640E1E6F220E1F6FC00E206F0B0E216F0A
:10033000220E226F230E236F6A0E246F230E256F69
:10034000F60E266F050E276FA80E286F060E296F72
:10035000D00E2A6F0A0E2B6FBA0E2C6F050E2D6F62
:10036000B20E2E6F0D0E2F6F660E306F730E316F43
:10037000DC0E326F750E336F820E346F750E356F73
:10038000EE0E366F210E376F7A0E386F040E396F0E
:10039000060E3A6F060E3B6F260E3C6F1B0E3D6F2E
:1003A0009A0E3E6F1A0E3F6F060E406F1B0E416F86
:1003B0005E0E426F040E436FE20E446F040E456FF3
:1003C0005A0E466F0C0E476F120081EC13F0830E2D
:1003D000F36EFD0E6CEC15F007E3FD0EDB507D0FA8
:1003E000146E240E145C02E3010E37D0FD0EDB50B8
:1003F0007D0FE96EEA6AD890E936EA36000EE92602
:100400000F0EEA22EE50ED1002E1020E26D0FD0E94
:10041000DB507D0FE96EEA6AD890E936EA36000EC5
:10042000E9260F0EEA22EECF14F0EFCF15F0F90E09
:10043000DBCFE6FFFA0EDBCFE6FFFB0EDBCFE6FFFE
:10044000FC0EDBCFE6FF04D015C0FAFF1450F96EA6
:10045000FBDFE552E552E552E55290EF13F07DECFB
:1004600016F0E66A98EC16F0E6EC14F002E2E16AA7
:10047000E552F8EC14F090EF13F0D9CFE6FFDACFA5
:10048000E6FFE1CFD9FFE2CFDAFFFA0EDBCFE9FFDB
:10049000FB0EDBCFEAFF300EEF6E010EE76EFA0EB9
:1004A000DBCFE9FFFB0EDBCFEAFFE750E926000ECA
:1004B000EA227C0EEF6E020EE76EFA0EDBCFE9FF4A
:1004C000FB0EDBCFEAFFE750E926000EEA22EF6AD7
:1004D000FF00000E00D0E552E5CFDAFFE7CFD9FFED
:1004E000120081EC13F00D0EE12402E3E168E65204
:1004F000E16E7EEC13F0510825E143EC17F022E1A8
:100500006A0E8EEC15F0E66EA6EC15F0E552E7509B
:10051000EE6EED6A6B0E8EEC15F0156E146AA6EC9D
:1005200015F01450EE261550ED2271EC17F0D5ECB5
:1005300015F0060E0FEC16F002E2E16AE552E16EEC
:10054000145030D0020EDB6AFDEC16F006E007EC2A
:1005500017F0070F11EC17F0F7D7D950070F80EC01
:1005600016F0D950030FA8EC13F0070F8DEC13F021
:10057000DB5014E1FF0EE76E030EDBCF14F0040E28
:100580004BEC15F06A0E99EC13F0030E040E48ECD8
:1005900014F06B0E99EC13F0DF6A02D0010EDF6EDF
:1005A000E0EC15F0000E146E0D0EE15C02E2E16A63
:1005B000E552E16E145090EF13F07DEC16F02C0E26
:1005C000E66E020E05012915E8407F0BE66E6BEC26
:1005D00017F002E2E16AE5528AEC15F0010E05011E
:1005E0002915E66E6BEC17F002E2E16AE552F8ECD1
:1005F00014F090EF13F081EC13F0F1EC47F087EC7E
:1006000013F090EF13F083EC16F051EC15F0040E9C
:10061000C6EC15F014EC17F003E013EC16F00EE145
:1006200005EC16F00BE10BEC17F003E017EC17F0FC
:1006300005E140EC16F002E1010EDB6A010EDB5031
:1006400024E114EC17F006E10BEC17F003E1020EC5
:10065000DCC4DBFF14EC17F006E117EC17F003E144
:10066000020EDDC4DBFF13EC16F006E10BEC17F015
:1006700003E1020EDEC4DBFF13EC16F006E117EC1B
:1006800017F003E1020EDFC4DBFFDF6A51EC16F066
:100690006BEC17F002E2E16AE552F8EC14F0E55277
:1006A000E552E55290EF13F09FEC16F0300804E0AD
:1006B0007EEC13F031080FE105EC16F00CE1EDECE7
:1006C00015F0300803E00BEC17F005E140EC16F0F4
:1006D00002E1010EDB6A010EDB5024E17EEC13F037
:1006E000300804E1040E0401C01103D0FB0E040124
:1006F000C015C06FEDEC15F0300803E1080EC01115
:1007000002D0F70EC015C06F836E7EEC13F0D00FD1
:10071000146EEDEC15F0D00FE82414240501296FB8
:10072000DF6A02D0010EDF6EE0EC15F0E552E55213
:1007300090EF13F081EC13F0180EE12402E3E1686E
:10074000E652E16EDE6ADD6A020EDB6AF36E030ECC
:10075000CBEC15F0120EF3CFDBFF150EF36E130E7C
:10076000CBEC15F0140EF3CFDBFF130EF36E150E6A
:10077000CBEC15F0160EF3CFDBFF100EF36E170E59
:10078000F3CFDBFFD950040FE96EDACFEAFF000E9A
:10079000EA226E0EEE6E050EED6E0A0EDB6AFD0E9F
:1007A000DB50020802E2020E01D0010EF36E0B0EC6
:1007B000F3CFDBFF090EDB6A020EF36E090E6CEC61
:1007C00015F001E3C8D0D9CF14F0DACF15F0090E37
:1007D000DB50020DD950F324E96EDA50A3EC16F089
:1007E000060E166E030E176E69EC14F0165C93EC91
:1007F00015F0186E050EE15C02E2E16AE552E16E69
:100800001850640ED0EC15F0D950120F186E000E6F
:10081000DA20196E030E1A6E69EC14F0020D1850EE
:10082000F324E96E195097EC14F0F3CF16F0F4CFDF
:1008300017F08AEC14F016C0EEFF17C0EDFF010EA2
:10084000D0EC15F0080EDB6AD950120F74EC16F0DC
:10085000166E69EC14F0020D1450F324E96E155075
:1008600097EC14F00C0EF3CFDBFF0D0EF4CFDBFF93
:10087000D9500E0F166E000EDA20176E090EDB50DF
:10088000020D1650F324E96E1750F420EA6EEECFF5
:1008900014F0EFCF15F00C0EDBCF18F00D0EDBCF00
:1008A00019F0960E185E000E195A19501518E8AE78
:1008B00002D0153404D01450185C1550195833E286
:1008C000D9500E0F1C6E000EDA201D6E090EDB5083
:1008D000020D1C50F324E96E1D50F420EA6EEECF99
:1008E0001AF0EFCF1BF0960EE76E0C0EDBCF1EF06A
:1008F0000D0EDBCF1FF0E7501E26000E1F221B50EF
:100900001F18E8AE02D01F3404D01E501A5C1F50CE
:100910001B5809E2140EF36E080E6CEC15F003E29E
:10092000080EDB2A10D0140EF36E080E6CEC15F0D6
:100930000AE28AEC14F00C0EDBCFEEFF0D0EDBCFDB
:10094000EDFF080EDB6A080EDB50140801E07CD7CF
:10095000090EDB2A31D70E0EDBCF14F00F0EDBCFE2
:1009600015F0C80EE76E100EDBCF16F0110EDBCFC0
:1009700017F0E7501626000E172217501518E8AE8C
:1009800002D0153404D01450165C155017581DE3CE
:10099000100EDBCF18F0110EDBCF19F0C80EE76E8A
:1009A0000E0EDBCF1AF00F0EDBCF1BF0E7501A262E
:1009B000000E1B221B501918E8AE02D0193404D0C7
:1009C00018501A5C19501B5805E2010EF36E0A0EFE
:1009D000F3CFDBFF0E0EDB6A0F0EDB6A100EDB6A55
:1009E000110EDB6AFD0EDB50166E176A030E0D6EDC
:1009F0000E6A16C008F017C009F042EC50F004C0AF
:100A000016F005C017F0010ED89016361736E80616
:100A1000FBE1040EDB501624146E050EDB5017208C
:100A2000156E0B0EDBCF1AF01B6A1ABE1B68020E86
:100A3000D8801A56000E1B56030E086E096A1AC09B
:100A40000DF01BC00EF003EC42F006C018F007C01A
:100A500019F0010ED89018361936E806FBE114504B
:100A60001824E96E15501920EA6E060EEECFDBFF52
:100A7000070EEDCFDBFFC5EC16F0000E145C040E84
:100A800015581AE2060EDBCFE6FF070EDBCFE6FFB6
:100A9000060E146E030E156E69EC14F0145C93ECE4
:100AA00015F0166E050EE15C02E2E16AE552E16EB8
:100AB0001650640ED0EC15F00A0EDB50146E180EB2
:100AC000E15C02E2E16AE552E16E145090EF13F04E
:100AD00054EC16F0E652EBEC14F014EC17F003E0D3
:100AE00013EC16F012E105EC16F00FE10BEC17F029
:100AF00007E017EC17F004E0EDEC15F0330805E122
:100B000040EC16F002E1030EDB6A030EDB504CE111
:100B100000EC17F0040EDB6A00EC15F007E1020EA2
:100B2000DB50030803E1E66A00EC14F000EC15F07A
:100B300007E1A2EC15F004E1010EE66E00EC14F002
:100B400000EC15F007E1020EDB0404E1020EE66E94
:100B500000EC14F004EC15F008E1020EDB50030881
:100B600004E1030EE66E00EC14F004EC15F007E16E
:100B7000A2EC15F004E1040EE66E00EC14F004ECB7
:100B800015F007E1020EDB0404E1050EE66E00EC51
:100B900014F071EC17F0040E49EC16F002E2E16A71
:100BA000E552E16E145002D01FEC17F0000E91ECEC
:100BB00016F002E2E16AE552E16E145090EF13F094
:100BC00081EC13F00F0EE12402E3E168E65226EC1B
:100BD00014F07EEC13F006E1010EDB6A0401650EF1
:100BE000F16F22D0020EDB6AFDEC16F009E00EEC8C
:100BF00017F006E007EC17F0050F11EC17F0F4D72B
:100C0000D950050F80EC16F0E3EC15F00DE1020E63
:100C1000DB500AE0D950030FA8EC13F0050F8DEC60
:100C200013F0030EDBCFF1F4010EDB5007E1DF6AB6
:100C3000E0EC15F00401010EF06F04D00401F06B3C
:100C40001FEC17F0000E146E0F0EE15C02E2E16A79
:100C5000E552E16E145090EF13F083EC16F0E6527B
:100C600087EC13F07EEC13F0510834E143EC17F0FD
:100C700031E1DF6A020ED9EC15F0410E9EEC13F063
:100C80002C0EEF6E0401C0B104D0FAEC13F0300E5C
:100C900003D0FAEC13F0310EEF6E050ED9EC15F01F
:100CA0002C0EEF6E060ED9EC15F0420EEF6E070E0D
:100CB000D9EC15F02C0EEF6EC0B304D0D0EC14F0CC
:100CC000300E03D0D0EC14F0310EEF6E090ED9ECDB
:100CD00015F0EF6A14EC17F003E013EC16F064E182
:100CE00005EC16F061E1EDEC15F0300803E00BECDB
:100CF00017F05AE1010EDF6E6EEC17F031E195EC62
:100D000016F0410804E095EC16F0420829E1050EC2
:100D100076EC13F02C0824E1060E76EC13F0300884
:100D200005E0060E76EC13F031081AE1070E76ECBA
:100D300013F016E1060E76EC13F0D00F09E1FE0E6B
:100D4000146E95EC16F0BF0F145C0401C01506D0AC
:100D500095EC16F0BF0F010F0401C011C06FDF6AE0
:100D600040EC16F013E1EDEC15F0D00F09E1FE0EAA
:100D7000146E7EEC13F0BF0F145C0401C01504D098
:100D8000C9EC16F00401C011C06FDF6ADF5005E145
:100D9000C0C483FF010EDB6A03D0DE52010EDD6E9C
:100DA000DB50300F4DEC16F0000EE552E55290EF9F
:100DB00013F07DEC16F0E66A6AC5E6FF6BC5E6FF48
:100DC00079EC13F002E2E16AE552F8EC14F090EFEE
:100DD00013F083EC16F0010EDF6EFD0EDB504108C0
:100DE0000BE1FC0EDB50310807E1DF6AEFEC16F097
:100DF00052C5EEFF53C5EDFFFD0EDB5041080BE180
:100E0000FC0EDB50320807E1EFEC16F054C5EEFFA4
:100E100055C5EDFFDF6AFD0EDB5042080BE1FC0E0D
:100E2000DB50310807E1EFEC16F056C5EEFF57C571
:100E3000EDFFDF6AFD0EDB5042080BE1FC0EDB50DC
:100E4000320807E1EFEC16F058C5EEFF59C5EDFF8B
:100E5000DF6ADF50E55290EF13F0CDEC16F002E3BD
:100E6000E168E6520CEC16F003E013EC16F00EE12C
:100E700005EC16F00BE10BEC17F003E017EC17F0A4
:100E800005E140EC16F002E1010EDB6A010EDB50D9
:100E900001E0ABD0E6EC15F0030EEFCFDBFFEDEC9D
:100EA00015F0D00FDF6E080EDB6A090EDB6A030E49
:100EB00080EC14F0030EDF2414240F01486F480E59
:100EC000E66E0F0EE66EA5D8E552E552040EF3CF9E
:100ED000DBFF050EF4CFDBFF030E80EC14F0DF0424
:100EE000B0EC14F0EF5011E1020EDB6A21EC16F0C9
:100EF00002E2E16AE552E16E1650E66A040EE66E21
:100F00009E0EA2EC13F01DE21AD0030E80EC14F03A
:100F1000DF04142460EC15F0C40EE926040EEA2266
:100F2000EE50ED1011E1020EDB6A5BEC17F0EF6A98
:100F3000E66A000EE66E9E0EA2EC13F002E2E16A93
:100F4000E552E16E145051D0020EDB6AD950080F01
:100F50002CEC17F0300EDF24E66E030E08EC15F0D3
:100F6000190E146E156A080EDBCF08F0090E17EC87
:100F700014F0660E086E096A060EDBCF0DF0070E40
:100F8000DBCF0EF003EC42F0060E06C0DBFF070ECF
:100F900007C0DBFF0A0E5FEC16F0040E5FEC16F0E4
:100FA000AAEC15F0060EDB50165C146E070EDB5033
:100FB0001758156E060E14C0DBFF070E15C0DBFFB9
:100FC000020E21EC16F002E2E16AE552E16E1650E3
:100FD000E66A2D0E9DEC14F0DCEC14F0ABEC13F093
:100FE00002E2E16AE552E16E1650010EDB0406E111
:100FF000020EF36EDB6E5BEC17F0EF6A000E146E00
:101000000A0EE15C02E2E16AE552E16E145090EFF3
:1010100013F0CDEC16F002E3E168E652E16E98ECD5
:1010200016F0F8EC3EF0E552E552F3CFDEFFF4CFD8
:10103000DDFF0EEC15F0060EDB6A070EDB6A080E0C
:10104000DB6A090EDB6A7EEC13F0FC0F60EC15F036
:10105000420EE926050EEA22020EEECFDBFF030E5A
:10106000EECFDBFF040EEECFDBFF050EEECFDBFF96
:101070007EEC13F0FC0F60EC15F0320EE926050E45
:10108000EA22EECF18F0EECF19F0EECF1AF0EFCF44
:101090001BF0DECF14F0DDCF15F0166A176A14C00E
:1010A00006F015C007F016C008F017C009F018C008
:1010B0000BF019C00CF01AC00DF01BC00EF072EC52
:1010C0004EF0060E02C0DBFF070E03C0DBFF080E6A
:1010D00004C0DBFF090E05C0DBFFB1EC15F0AAEC84
:1010E00015F0D950060F2DEC16F067EC16F01734FA
:1010F000000E171809E6D880000E1454000E15547F
:10110000000E1654000E17540BE2C5EC16F0080E34
:10111000DBCF16F0090EDBCF17F008EC14F002D08D
:101120000EEC15F0500E146EC30E156E166A176A8B
:1011300008EC14F0020EDBCF06F0030EDBCF07F055
:10114000040EDBCF08F0050EDBCF09F0A00E0B6E0E
:10115000860E0C6E010E0D6E0E6AA2EC41F0020EB0
:1011600006C0DBFF030E07C0DBFF040E08C0DBFF79
:10117000050E09C0DBFFB1EC15F014C0F3FF15C07C
:10118000F4FF0A0EE15C02E2E16AE552E16E90EFE3
:1011900013F0CDEC16F002E3E168E6520CEC16F029
:1011A00003E013EC16F005E143EC17F002E1010E49
:1011B000DB6A010EDB5001E0C2D014EC17F006E14F
:1011C000000EE66EE66A010ED3EC14F013EC16F096
:1011D00006E1000EE66EE66A020ED3EC14F0060E8F
:1011E000070EDBCF18F0176A800E1816196A0F0E5B
:1011F0001F0B17C014F018C015F019C016F006E048
:10120000D890163215321432E806FAE1020E14C0F4
:10121000DBFF060E070EDBCF15F0000E780E15165D
:101220001550156AE830E830E8301F0B146EDC0EFC
:101230001426070E1522080E14C0DBFF090E15C078
:10124000DBFFC5EC16F0800E1416070E1516D890AD
:1012500015321432E804FBE1030E14C0DBFF7C0EF0
:10126000AAEC16F0D89015321432D89015321432F8
:10127000040E14C0DBFF030EAAEC16F0050E14C01A
:10128000DBFF71EC17F0FB0EE66E9D0EA2EC13F087
:1012900002E2E16AE55285EC14F0020EDB50410FE8
:1012A0009DEC14F0F60EE66E9D0EA2EC13F002E239
:1012B000E16AE55285EC14F0040E49EC16F002E206
:1012C000E16AE5528AEC15F0EF0EE66E9D0EA2EC97
:1012D00013F002E2E16AE55285EC14F0030E49ECEA
:1012E00016F002E2E16AE5528AEC15F0E90EE66ECC
:1012F0009D0EA2EC13F002E2E16AE55285EC14F0D7
:10130000080EDBCFE6FF090E0FEC16F002E2E16AF1
:10131000E5528AEC15F0E00EE66E9D0EA2EC13F09D
:1013200002E2E16AE5528AEC15F0D5EC15F06BECBF
:1013300017F002E2E16AE552E16E145002D01FECB0
:1013400017F0000E146E0A0EE15C02E2E16AE5524B
:10135000E16E145090EF13F07DEC16F090EF13F067
:1013600054EC16F0020EDB6A030EDB6ADE52010E4D
:10137000DD6EE6EC15F0EFCF14F0300E145C1CE3DC
:101380007EEC13F0370818E343EC17F015E1010E7B
:10139000DB6A7EEC13F0D00F0F01496F490EE66E49
:1013A0000F0EE66EF8EC3EF0E552E552020EF3CF7A
:1013B000DBFF030EF4CFDBFF010EDB500CE1DF6A35
:1013C00051EC16F0030E0FEC16F002E2E16AE55262
:1013D000E16E145002D01FEC17F0000E146E040ED4
:1013E000E15C02E2E16AE552E16E145090EF13F025
:1013F0004DEC17F0BE0EE66E9D0EA2EC13F002E26D
:10140000E16AE552F8EC14F0E55290EF13F081EC4C
:1014100013F0060EE12402E3E168E6520CEC16F04C
:1014200003E013EC16F00EE105EC16F00BE10BEC0B
:1014300017F003E017EC17F005E140EC16F002E1BD
:10144000010EDB6A010EDB502CE132EC14F0050ECC
:10145000EFCFDBFF57EC16F00BE1D950020F2CEC6D
:1014600017F0D5EC15F0040E08EC15F0D1EC16F0E1
:10147000010EDB5016E1DF6A57EC16F00BE151EC80
:1014800016F0030E0FEC16F002E2E16AE552E16E8F
:10149000145007D008EC16F0430EEF6EFAEC13F080
:1014A000EF6A010EDB0404E1020EDF6EE0EC15F0E2
:1014B000000E146E060EE15C02E2E16AE552E16E96
:1014C000145090EF13F081EC13F02C0EE12402E3A2
:1014D000E168E65226EC14F0020EDB6AFDEC16F031
:1014E00006E00EEC17F003E0AFEC17F0F7D7B3EC23
:1014F00017F031E1020EDB502EE071EC14F0E3EC5A
:1015000015F006E00EEC17F003E0A5EC17F0F7D7A6
:10151000A9EC17F00EEC17F01EE153EC14F01BE0F1
:1015200071EC14F0E3EC15F009E00EEC17F006E0B6
:1015300007EC17F0180F35EC16F0F4D7D950180F48
:1015400096EC13F0EF6AE3EC15F005E153EC14F0C0
:1015500002E0010EDB6A010EDB5001E098D0D950A9
:10156000220F1DEC16F0DB503EE1D950220F2DEC7E
:1015700016F0D00ED880EE54070EED5434E3220E50
:10158000DBCF06F0230EDBCF07F0086A096A0E0EE8
:101590000B6E820E0C6E0D6A0E6A72EC4EF002C07B
:1015A00006F003C007F004C008F005C009F0E80E1B
:1015B0000626030E0722000E08220922D00E0B6E0B
:1015C000070E0C6E0D6A0E6A04EC4FF0280E06C072
:1015D000DBFF290E07C0DBFF2A0E08C0DBFF2B0E46
:1015E00009C0DBFF03D0DE52010EDD6E010EDBCF42
:1015F000E6FFD950240F70EC16F0DBCFE6FFD95090
:10160000260FA8EC13F0180FF5EC13F0010EE7CF3E
:10161000DBFFDB5039E1240EDBCF14F0250EDBCFEE
:1016200015F0260EDBCF16F0270EDBCF17F0145087
:10163000165C1550175805E3D950240FB7EC14F079
:1016400023E1220EDBCF6AF5230EDBCF6BF5260EEE
:10165000DBCFE6FF270EDBCFE6FF240EDBCFE6FF76
:10166000250EDBCFE6FF280EDBCFE6FF290EDBCF12
:10167000E6FFD8EC2BF0146E060EE15C02E2E16AA4
:10168000E552E16E145003D0DE52010EDD6E010E04
:10169000DB5002E1DF6A02D0020EDF6E46EC17F08B
:1016A0002C0EE15C02E2E16AE552E16E145090EF2B
:1016B00013F081EC13F00F0EE12402E3E168E6522F
:1016C0000CEC16F003E013EC16F032E105EC16F02A
:1016D0002FE10BEC17F007E017EC17F004E0EDEC4E
:1016E00015F0330825E16EEC17F022E1040EC6EC8C
:1016F00015F0FDEC16F00CE00EEC17F009E007EC2D
:1017000017F0030FC9EC13F0FC0FB8EC17F0F1D78A
:10171000D950030FC9EC13F0FC0FC5EC13F0E3EC48
:1017200015F006E1020EDB50040802E0010EDB6A50
:10173000010EDB5053E10BEC17F018E114EC17F03D
:1017400009E1F6EC15F006E12BEC14F033EC48F06F
:10175000E552E55213EC16F009E1F6EC15F006E15E
:101760002BEC14F040EC48F0E552E55217EC17F082
:1017700018E114EC17F009E1F6EC15F006E12BEC9A
:1017800014F04DEC48F0E552E55213EC16F009E187
:10179000F6EC15F006E12BEC14F05AEC48F0E552AB
:1017A000E552EDEC15F033081CE114EC17F009E1FB
:1017B000F6EC15F006E12BEC14F067EC48F0E5527E
:1017C000E55213EC16F00DE1F6EC15F00AE12BEC06
:1017D00014F074EC48F0E552E55203D0DE52010EED
:1017E000DD6E010EDB5002E1DF6A02D0020EDF6E19
:1017F00046EC17F00F0EE15C02E2E16AE552E16EA1
:10180000145090EF13F0D3EC16F002E3E168E652C7
:1018100026EC14F0DF6E14EC17F003E013EC16F076
:101820003BE105EC16F038E10BEC17F003E017ECA8
:1018300017F032E16EEC17F02FE195EC16F02B0863
:1018400004E095EC16F02D0827E1050E76EC13F078
:101850002C0822E1060EC6EC15F0FDEC16F00CE0AB
:101860000EEC17F009E007EC17F0060FC9EC13F0C7
:10187000FA0FB8EC17F0F1D7D950060FC9EC13F0F6
:10188000FA0FC5EC13F0E3EC15F006E1020EDB50A5
:10189000060802E0010EDB6A010EDB5001E0E6D033
:1018A00032EC14F0030EEFCFDBFF040EF6EC16F073
:1018B000050EEFCFDBFFDE52010EDD6ED950100FAB
:1018C000A8EC13F0060F8DEC13F0040EDB5041086A
:1018D0002FE1030EDB5031082BE1010EDB5028E134
:1018E0000401DC0523E1050EDB502B080DE1EDECD6
:1018F00013F00401C6270950C72396EC17F002E243
:10190000E16AE552E16E1450050EDB502D0810E13E
:10191000EDEC13F00401C65F0950C75B96EC17F0BD
:1019200002E2E16AE552E16E145002D05FEC17F07A
:10193000040EDB5041082FE1030EDB5032082BE18F
:10194000010EDB5028E10401DD0523E1050EDB502B
:101950002B080DE1EDEC13F00401CA270950CB234D
:1019600075EC17F002E2E16AE552E16E1450050EE3
:10197000DB502D0810E1EDEC13F00401CA5F0950B3
:10198000CB5B75EC17F002E2E16AE552E16E1450B0
:1019900002D05FEC17F0040EDB5042082FE1030E7B
:1019A000DB5031082BE1010EDB5028E10401DE059C
:1019B00023E1050EDB502B080DE1EDEC13F00401E3
:1019C000CE270950CF2380EC17F002E2E16AE552FE
:1019D000E16E1450050EDB502D0810E1EDEC13F014
:1019E0000401CE5F0950CF5B80EC17F002E2E16AA0
:1019F000E552E16E145002D05FEC17F0040EDB509C
:101A0000420840E1030EDB5032083CE1010EDB509E
:101A100039E10401DF0523E1050EDB502B080DE160
:101A2000EDEC13F00401D2270950D3238BEC17F00F
:101A300002E2E16AE552E16E1450050EDB502D081A
:101A400021E1EDEC13F00401D25F0950D35B8BEC84
:101A500017F002E2E16AE552E16E145013D0DF6A3A
:101A60003DEC17F04E0EEF6E030E09D008EC16F0A9
:101A70004F0EEF6EFAEC13F04B0EEF6E050ED9EC35
:101A800015F0EF6A000E146E120EE15C02E2E16ADC
:101A9000E552E16E145090EF13F083EC16F0E1EC98
:101AA00014F017EC15F0BBEC14F004EC4FF0DE5220
:101AB00006C0DEFF07C0DDFFDD5220EC15F0BBECF9
:101AC00014F004EC4FF0030E06C0DBFF040E07C059
:101AD000DBFFDF6AE0EC15F086EC16F002E2E16A6B
:101AE000E5528AEC15F050EC17F002E2E16AE5529B
:101AF000F8EC14F091EC16F002E2E16AE552E16EC6
:101B0000145090EF13F04DEC17F06CC5E6FF6DC567
:101B1000E6FF79EC13F002E2E16AE552F8EC14F02A
:101B2000E55290EF13F081EC13F01C0EE12402E378
:101B3000E168E65226EC14F0020EDB6AFDEC16F0CA
:101B400006E00EEC17F003E0AFEC17F0F7D7B3ECBC
:101B500017F018E1020EDB5015E071EC14F0E3EC25
:101B600015F006E00EEC17F003E0A5EC17F0F7D740
:101B7000A9EC17F0E3EC15F005E153EC14F002E0EA
:101B8000010EDB6A010EDB5072E156EC17F0DB5000
:101B90006EE1180EDBCF14F0190EDBCF15F01A0E24
:101BA000DBCF16F01B0EDBCF17F01650145C17506E
:101BB00015585DE2D950180FB7EC14F058E0D95021
:101BC0001A0FB7EC14F053E0180EDBCF62F5190EC4
:101BD000DBCF63F50501646B656BBBEC14F017ECB0
:101BE00015F072EC4EF002C062F503C063F504C05C
:101BF00064F505C065F51A0EDBCF66F51B0EDBCF6D
:101C000067F50501686B696BBBEC14F020EC15F00F
:101C100072EC4EF002C066F503C067F504C068F5CB
:101C200005C069F5180E190E48EC14F0750E99EC04
:101C300013F0FF0EE76E180EDBCF14F0190E4BEC0D
:101C400015F0740E99EC13F01A0E1B0E48EC14F0FC
:101C5000770E99EC13F0FF0EE76E1A0EDBCF14F03F
:101C60001B0E4BEC15F0760E99EC13F0DF6A010EAB
:101C7000DB5002E0010EDF6E46EC17F01C0EE15C5B
:101C800002E2E16AE552E16E145090EF13F081EC4C
:101C900013F0230EE12402E3E168E652E16EEBEC7F
:101CA00014F0010EDF6E14EC17F003E013EC16F0E5
:101CB0005DE105EC16F05AE10BEC17F003E017ECD0
:101CC00017F054E16EEC17F051E1040EF36E050EBF
:101CD000F3CFDBFF040EF36EDB6EFDEC16F00CE0D1
:101CE00032EC16F02C0808E032EC16F0E66ED95013
:101CF0000B0F8CEC16F0F1D7D9500B0F43EC16F00C
:101D0000C5EC13F032EC16F006E1F1EC14F003E050
:101D1000030EB8EC15F032EC16F02C0827E1F1ECCC
:101D200014F024E0040EDB2ADB50E76E050EE7CF4B
:101D3000DBFF32EC16F00CE032EC16F02C0808E079
:101D400032EC16F0E66ED950150F8CEC16F0F1D788
:101D5000D950150FFDEC13F0EF6A32EC16F006E1E6
:101D6000F1EC14F003E0040EB8EC15F0030EDB50B8
:101D700001E0D8D000EC17F0D950070FA8EC13F011
:101D80000B0F00EC16F0E76E030EE7CFDBFF060E3D
:101D9000DB5004081CE1030EDBCFE6FFD950090F2E
:101DA000A8EC13F0150FF5EC13F0030EE7CFDBFFF3
:101DB000DB5018E1090EDBCF14F00A0EDBCF15F073
:101DC0001F0E14C0DBFF200E15C0DBFF07D00A0E6C
:101DD000F36E1F0EF3CFDBFF200EDB6A210EDB6AF2
:101DE000220EDB6A030EDB5042E1EBEC14F000EC58
:101DF00015F00DE1020EDB040AE1C2EC14F004015F
:101E00001450F65D1550F75902E3030EDB6A00EC3F
:101E100015F00DE1A2EC15F00AE1C2EC14F004019A
:101E20001450F85D1550F95902E3030EDB6A04EC17
:101E300015F00DE1020EDB040AE1C2EC14F004011E
:101E40001450FA5D1550FB5902E3030EDB6A04ECF3
:101E500015F00DE1A2EC15F00AE1C2EC14F004015A
:101E60001450FC5D1550FD5902E3030EDB6A030EAE
:101E7000DB5058E1010E80EC14F0020EDB04B0ECF4
:101E800014F0EF5002E1030EDF6E00EC15F008E1F4
:101E9000010E0401C01504E1010EC011C06F836E74
:101EA00004EC15F008E1020E0401C01504E1020E75
:101EB000C011C06F836E030EDF5C34E0D9501F0F7A
:101EC0002DEC16F0EECFE6FFEECFE6FFEECFE6FF0D
:101ED000EFCFE6FF070EDBCFE6FF080E66EC15F04E
:101EE000010EDBCFE6FFA7EC2DF0146E080EE15CCF
:101EF00002E2E16AE552E16E1450DF6E010E80EC01
:101F000014F029EC15F0E00EE926040E9AEC15F019
:101F1000010E80EC14F029EC15F0E80EE926040E11
:101F20009AEC15F046EC17F0230EE15C02E2E16A50
:101F3000E552E16E1450F4D3E4DB0D0EE12402E32C
:101F4000E168E652E16E9D92F29EF29C030E05015D
:101F50002A27000E2B232C232D23D950010F2CECE4
:101F600017F088EC36F0E552E552F28EF28C9D8245
:101F7000DF6AE0EC15F086EC16F002E2E16AE55269
:101F800085EC14F050EC17F002E2E16AE55285ECC2
:101F900014F0D5EC15F0060E0FEC16F002E2E16A33
:101FA000E55285EC14F0070EDBCFE6FF080E0FECD0
:101FB00016F002E2E16AE55285EC14F0090EDBCF7F
:101FC000E6FF0A0E0FEC16F002E2E16AE5528AEC37
:101FD00015F00B0EDBCFE6FF0C0E0FEC16F002E255
:101FE000E16AE552F8EC14F0146E0D0EE15C02E2C9
:101FF000E16AE552E16E145093D383DB060EE124CF
:1020000002E3E168E652E16EEBEC14F014EC17F039
:1020100003E013EC16F00EE105EC16F00BE10BEC0F
:1020200017F003E017EC17F005E140EC16F002E1C1
:10203000030EDB6A030EDB5040E100EC17F000EC0E
:1020400015F009E1020EDB0406E1040EF6C4DBFF25
:10205000050EF7C4DBFF00EC15F009E1A2EC15F06A
:1020600006E1040EF8C4DBFF050EF9C4DBFF04EC47
:1020700015F009E1020EDB0406E1040EFAC4DBFFF1
:10208000050EFBC4DBFF04EC15F009E1A2EC15F032
:1020900006E1040EFCC4DBFF050EFDC4DBFF71ECA2
:1020A00017F0040EDBCFE6FFD5EC15F022DB02E2E1
:1020B000E16AE552E16E145002D01FEC17F0000EF9
:1020C000146E060EE15C02E2E16AE552E16E145024
:1020D00027D383EC16F0DF6AFD0EDB5041081EE1CA
:1020E000FC0EDB5031081AE1B5EC16F015E2FA0EE1
:1020F000DBCFF6F4FB0EDBCFF7F4000E0401F61590
:10210000FF0EF71585EC15F06D0E13DB0401F6518B
:10211000E66E6C0E0EDB02D0010EDF6EFD0EDB50A4
:1021200041081EE1FC0EDB5032081AE1BBEC16F050
:1021300015E2FA0EDBCFF8F4FB0EDBCFF9F4000E5C
:102140000401F815FF0EF91585EC15F06F0EF1DAA4
:102150000401F851E66E6E0EECDA02D0010EDF6E6D
:10216000FD0EDB5042081EE1FC0EDB5031081AE187
:10217000B5EC16F015E2FA0EDBCFFAF4FB0EDBCF6E
:10218000FBF4000E0401FA15FF0EFB1585EC15F0AB
:10219000710ECFDA0401FA51E66E700ECADA02D07F
:1021A000010EDF6EFD0EDB5042081EE1FC0EDB501F
:1021B00032081AE1BBEC16F015E2FA0EDBCFFCF4A4
:1021C000FB0EDBCFFDF4000E0401FC15FF0EFD1528
:1021D00085EC15F0730EADDA0401FC51E66E720E5B
:1021E000A8DA02D0010EDF6EDF50E55299D29FECE3
:1021F00016F031081EE143EC17F01BE1010EDB6A1B
:10220000380E0401C35D15E0380EC36FE66E32EC84
:1022100015F062C55AF563C55BF564C55CF565C527
:102220005DF52AC55EF52BC55FF52CC560F52DC59E
:1022300061F564DA30080AE143EC17F007E1010EBA
:10224000DB6A0401C369E66832EC15F0010EDB506D
:1022500002E1DF6A02D0010EDF6EE0EC15F0E5521C
:10226000E5525ED2D3EC16F002E3E168E6520CECE4
:1022700016F003E013EC16F043E105EC16F040E134
:10228000E6EC15F00E0EEFCFDBFF0BEC17F003E0E2
:1022900017EC17F035E16EEC17F032E1040E29DB94
:1022A000FDEC16F006E00EEC17F003E028EC17F05A
:1022B000F7D7A0EC17F0E3EC15F022E11AEC17F0D9
:1022C0001FE0D950100F1DEC16F0E6EC15F00E0EC5
:1022D000EFCFDBFF020EF6EC16F00F0EEFCFDBFFB9
:1022E000010EDB500DE1BFEC15F00F0EDBCFE6FF6A
:1022F0000E0EDBCFE6FFEDDE41EC17F0D1EC16F071
:10230000010EDB5002E1DF6A02D0010EDF6E46EC07
:1023100017F0120EE15C02E2E16AE552E16E145040
:10232000FFD1EFD90E0EE12402E3E168E652E16E3F
:10233000D7EC16F000EC2CF0E552E552E8D9E66A4D
:10234000D7EC16F043DB02E2E16AE55251DB146E92
:102350000E0EE15C02E2E16AE552E16E1450E0D15A
:10236000D0D917EC4CF0D3D9DBD1CBD91C0EE1245A
:1023700002E3E168E6526ADA030EDB6AFDEC16F06E
:102380000FE038EC16F02C080BE038EC16F0E66E97
:102390006EDBF0EC15F049EC17F0030EDB2AEED7FC
:1023A00066DBF3D938EC16F02C0827E1030EDB507E
:1023B00024E0030EDB2ADB50DCEC16F038EC16F0E0
:1023C0000DE038EC16F02C0809E038EC16F0E66E5B
:1023D00059DA49EC17F0030EDB2AF0D753DAEF6A2B
:1023E00038EC16F00AE1030EC1EC16F006E056ECEC
:1023F00017F01A0E41DB77EC16F0010EDB5002E10C
:10240000DF6A02D0020EDF6E46EC17F01C0EE15CB4
:1024100002E2E16AE552E16E145082D172D9100EE7
:10242000E12402E3E168E65211DA0F0EDB6AFDEC0B
:1024300016F00EE0E1EC16F02C080AE0E1EC16F0E4
:10244000E66E23DBCDDB49EC17F00F0EDB2AEFD76E
:102450001CDB9BD9E1EC16F014E10F0EDB5011E010
:10246000D9500C0F75D9020F58D90C0EDBCFE6FFEF
:102470000D0EDBCFE6FF3BEC16F0E76E0E0EE7CF5E
:10248000DBFF010EDB500BE171EC17F00E0E49EC97
:1024900016F002E2E16AE552E16E145003D0020E3A
:1024A000DF6E8EDB000E146E100EE15C02E2E16A5C
:1024B000E552E16E145034D1D3EC16F002E3E1683A
:1024C000E652AADB02E0AFDB26E19FDB24E1020E4D
:1024D00010DAFDEC16F02C0805E075DB03E028ECC3
:1024E00017F0F7D7A0EC17F06EDB15E1DCD913E09D
:1024F000D9500E0FA2DB0E0EDBCFE6FF0F0EDBCFA7
:10250000E6FFC9EC16F0E66EF5DB100EF3CFDBFF4D
:10251000110EF4CFDBFF010EDB500AE171EC17F076
:102520002EDBE7D802E2E16AE552E16E145002D0F8
:102530001FEC17F0000E146E120EE15C02E2E16A6D
:10254000E552E16E1450ECD0DCD81D0EE12402E31C
:10255000E168E65261DB02E066DB44E156DB42E122
:10256000C9EC16F0E76E1C0EE7CFDBFF020EC1D9F7
:10257000FDEC16F02C0805E026DB03E028EC17F054
:10258000F7D7A0EC17F00EEC17F02CE18CD92AE06D
:10259000A8D90EEC17F005E016DB03E0A5EC17F068
:1025A000F8D7A9EC17F00FDB1DE11AEC17F01AE0D1
:1025B000D950180F42DBDBCFE6FFD9501A0F90DB62
:1025C000DB5010E11A0EDBCFE6FF1B0E55DA1C0EB6
:1025D000DBCFE6FF9CEC47F0A4DB02E2E16AE552C8
:1025E000E16E1450010EDB5002E1DF6A02D0010EF1
:1025F000DF6E46EC17F01D0EE15C02E2E16AE55287
:10260000E16E14508DD050DB900EF6D9910EC5D8E6
:1026100002E2E16AE552E16E83D046DB920EECD92C
:10262000930EBBD802E2E16AE552E16E79D03CDB61
:10263000010EE76EFC0EDBCF18F0FD0E85D9176E8C
:10264000166A16C0E6FFE66EFC0EDBCFE6FFFD0E57
:1026500031D9DE6E17C0DDFF010EE76EFA0EDBCF5B
:1026600018F0FB0E71D9166E176E166A16C0E6FFCB
:10267000E66EFA0EDBCFE6FFFB0E1CD9020E14C08D
:10268000DBFF030E17C0DBFFD9CFE9FFDACFEAFF8C
:10269000EE50ED1004E1D950020F69D912E0D9CF04
:1026A000E9FFDACFEAFFFF0EEE180DE1FF0EED189D
:1026B0000AE163EC17F0FF0EEE1805E1FF0EED18CE
:1026C00002E1000E01D0010E146E040EE15C02E284
:1026D000E16AE552E16E145023D0B40EC9DB010863
:1026E00001E1010C000CD9DA31EF17F07FDBEF507C
:1026F00012009CDA8CEC26F091EF16F067DAEF50BE
:10270000120055DBE1CFD9FFE2CFDAFF120067DB21
:10271000300EEF6EA6DBEF6A120072DAD1EF16F020
:10272000E552E5CFDAFFE7CFD9FF120066DAF0EF26
:1027300015F0E66E010EE66E77EF16F0EF6E030E03
:10274000D9EF15F0E66E72DA9EEC28F091EF16F0F4
:1027500083DBD9501200DBCF15F00A0E0D6E0E6A26
:1027600014C008F015C009F042EC50F008C014F095
:1027700009C015F008C0E6FF09C0E6FF57DA8CEC87
:1027800026F0166E050EE15C12000F0129DAEF6AE1
:10279000120059DB020EDB5012006ADBE66E93DB9F
:1027A000E552E750EE6EED6A020EDBCF16F0030E37
:1027B000DBCF17F016C017F0166ADE501610146E35
:1027C000DD501710156E14C0F3FFF46E040EE15CBB
:1027D00012005FDB020EDB2A1200100EDBCF08F0C6
:1027E000110EDBCF09F0085012000ADAE552E72497
:1027F000E76E1200040ED9EF15F045DAF0EF15F090
:102800009AEC03F0E552E76E040EE7CFDBFF12000F
:102810005ADB5DDA020E14C0DBFF030E15C0DBFFCE
:10282000040E16C0DBFF050E17C0DBFF1200DBCF66
:1028300009F014C00DF015C00EF042EC50F0060E79
:1028400008C0DBFF070E09C0DBFF1200E16EDE529D
:10285000010EDD6E12000D0EDBCFE6FF0E0EDBCF9C
:10286000E6FF1200B3D9040EEFCFDBFF020EF6EF46
:1028700016F00E0FC5D9146E010EDBCFE7FF145012
:10288000E72625D3D9500E0F2FDA7BDAF0EF15F0BB
:10289000DBCF15F0000EFF0E151615C014F0156AEB
:1028A0001450E66E1200030EDB50F36E020EDB5086
:1028B000F35C1200DBCFE6FFDED9E552E7CF17F07D
:1028C000E552E7CF16F000011610146E17C015F090
:1028D00012000E6EFD0EDBCF09F084EC50F00550B7
:1028E0001200020EDB2ADB50E76E030EE7CFDBFFA0
:1028F0001200F36E030EF3CFDBFFDB50DCEF16F0BC
:10290000DB50BF0FE824146E1200E16E14502C0E41
:10291000E66E1200D9500E0F96DA090EDB50020D4A
:102920001450F324E96E1550F420EA6E12000BDA0D
:102930000B0EDBCFE6FF7AEF16F0E66E77D9D4EC1C
:1029400028F09FDAE66A1200DBCF19F0E75018266C
:10295000000E192218C0E6FF19C0E6FF3BEF16F083
:102960001424EA6ADC0FE96E040EEA22120075D91B
:10297000EE50ED101200980E0B6E3A0E0C6E0D6AB2
:102980000E6A1200070EDBCF14F0080EDBCF15F035
:102990001200FA0EDBCF14F0FB0EDBCF15F01200A5
:1029A000080ED9EF15F0E66EA5D9060EF3CFDBFFC2
:1029B000070EF4CFDBFF1200060EDBCF14F0070E7C
:1029C0001200E652E652E652E65212002FD96AECA5
:1029D00028F091EF16F0010EF36E030EF3CFDBFF3C
:1029E0001200050EDB50F36E040EDB50F35C120098
:1029F000E16E1450000E12003BDADE6EDD6A12004A
:102A0000010EDB5041081200010EDB50420812009B
:102A1000DBCFE6FFE9EC06F041EF17F0020EDB6AD0
:102A2000030EDB6A040EDB6A050EDB6A120062C568
:102A300006F063C507F064C508F065C509F012002B
:102A400066C506F067C507F068C508F069C509F0F6
:102A50001200020EDB041424E96EEA6AD890E9360B
:102A6000EA361200310EE66EE66A77EF16F0D950BC
:102A7000040F3AD9DB501200DBCFE6FF180EDBCF94
:102A8000E6FF190EDBCFE6FF1200D950020FDBD9AB
:102A90000F0EDB501200E7501416156A1450E66E44
:102AA0001200E652E652DE52010EDD6E1200EF6AAF
:102AB000E66A020EDBCFE6FF1200D00FDCEF16F065
:102AC000040DF3CFE9FFF4CFEAFF1200DBCFE6FFFE
:102AD000020EDBCFE6FF1200DBCFF4FFF350F45C15
:102AE0001200C6C4E6FFC7C4E6FF1200CAC4E6FF70
:102AF000CBC4E6FF1200CEC4E6FFCFC4E6FF12004F
:102B0000D2C4E6FFD3C4E6FF1200146E156AE85083
:102B1000E66E1200E16E1450E66A1200E66E010ED7
:102B2000E66E3BEF16F0E66EE66A0B0EDBCFE6FFD5
:102B30009CEF47F0EA22070EDBCFEEFF080EDBCF5B
:102B4000EDFF1200020EDB5002081200D950050FF3
:102B50002DEF16F0040EDBCF16F0050EDBCF17F0CD
:102B60001200020EDBCF14F0030EDBCF15F01200C3
:102B7000F36E060EF3CFDBFF030EDB6A1200100EBE
:102B8000DBCFE6FF110EDBCFE6FF1200F36E020E85
:102B9000F3CFDBFF1200F3CFDBFF360EF36E120034
:102BA000E66EFDEC4FF0E5521200050EDBCFE6FFBE
:102BB0001200E76E14D9E750E926000EEA2212004F
:102BC0005CD9EF6A1200020EFDEF16F0FC0EDBCFAF
:102BD000E9FFFD0EDBCFEAFF1200020E76EF13F0E5
:102BE0001424E96E000E1520EA6E1200D9500D0F64
:102BF000AFDD030F92DDDB50120025D91AEF17F07D
:102C00002BD999EC43F041EF17F03DD92C08120075
:102C100034D94E0E9EEF13F019DE14EF17F0DBCF10
:102C2000E6FF79EF13F06ADD42081200FA0EDBCFFF
:102C3000E6FFFB0EDBCFE6FF12008ADD040F8DEF0F
:102C400013F039D92D0E7ADDEF6A2C0EE66E040EE4
:102C5000DBCF14F0050EABEF13F0E96E000EDA20B7
:102C6000EA6E1200040EFDEF16F060DDE9EF13F0DE
:102C7000030EFDEF16F062EC4CF0E552E552120047
:102C8000030E76EF13F0DFD8040EDBCFE6FF050E60
:102C900072D1DBCFE6FF6BEF17F0E66EA0D849EFFD
:102CA00017F0EBD857EF15F02CDDE1EF14F0040E20
:102CB00027DE050EDB50CF0F53DEEF041200146E3B
:102CC000156A060EDBCF08F0070E17EF14F0EE5072
:102CD0001426EE501522EE501622EE501722120046
:102CE00037DD0E0F82DDF3D0AED8030E12004AECB2
:102CF0004CF045D13CEC47F042D103DD87EF13F0B7
:102D000048DDC5EF13F0FDDCE65212002C0EE66E36
:102D1000010EDCDE79EF13F070DDBBD8040EDB2A88
:102D20001200146E050EE15C1200040E76EF13F033
:102D3000FC0EDBCFE6FFFD0EDBCFE6FF1200E1DC91
:102D4000B0DE7EEF13F0F420EA6EEECFE6FFEFCFB9
:102D5000E6FF1200E76E30DEE7501416156A120027
:102D6000D9501A0FF5DC39EF14F013DE2D0E145C78
:102D7000010E155812000DDE910E145C010E15584F
:102D80001200DBCFE6FF020EF6D016DEDBCF15F029
:102D90001200B4DCBF0F010F1200B3DC0A0EE124F5
:102DA0001200E76E94D0ADDC120EE1241200D9CFF0
:102DB000E6FFDACFE6FF1200E76E020EE7CFDBFF99
:102DC00012000F0EFDEF16F0E66ED950040F120040
:102DD00094EC2BF0E552E552E55271EF17F0FA0E44
:102DE000DBCFE9FFFB0EDBCFEAFF1200E76EEEDE82
:102DF000E750E926000EEA221200DB5076EF13F0CE
:102E0000E5DE010EEFCFDBFFE8DE5DEF15F0DBDE88
:102E1000E66ED9501200E1DE31081200D4DE2C0833
:102E20001200B7DCB8EF17F069DC41081200D5DEFC
:102E300032081200020EDBCFE6FF030E9CD0010E1B
:102E4000DF6EE0EF15F0146E000EDA20156E120042
:102E5000BADEBADF35EF16F0E66E000EDA20E66E67
:102E60001200010EA6DE7C0EEF6E020ED9EF15F0F9
:102E7000E66E020EE66E3BEF16F0300EDF2473EFC7
:102E800013F0E5527CD0010E76EF13F099DE146E4C
:102E90001200E552E750EF6E120035DF71EF17F0C8
:102EA000030EDBCFE6FF040E0FEF16F0D950180F1C
:102EB000C4DEB0EF16F0DB50300F73EF13F0DF6AB3
:102EC000A7DEEF6A1200D950020F2DEF16F0010EA7
:102ED000E7CFDBFF1200E66A79EF13F0D1DE2C08B2
:102EE0001200DF6A6DDEE66A1200CAC4C8F4CBC401
:102EF000C9F4FCDD100EE66E6BDFF8DD79EF13F040
:102F0000CEC4CCF4CFC4CDF4F6DD200EE66E60DF87
:102F1000F2DD79EF13F0D2C4D0F4D3C4D1F4F0DDF4
:102F2000300EE66E55DFECDD79EF13F0C6C4C4F465
:102F3000C7C4C5F4D6DDE66A4BDFD3DD79EF13F005
:102F4000D950040F5ADEC5EF13F061DF0E0F35EFD5
:102F500016F0D9500E0F96EC13F0EF6A120033DE24
:102F600033DF11EF17F0D950040FCADE0EEF17F060
:102F700037DEE9EF13F0DB50E552E75C1200E55273
:062F8000E552E5521200CB
:0A2F8600B1EC30F049EC34F043ECFC
:102F90004AF0000EE66E010EE66ED8EC48F0E552FF
:102FA000E552090EE66E020EE66ED8EC48F0E552E8
:102FB000E55253EC01F005012A6B2B6B2C6B2D6B4A
:102FC00004015C6B04015D6B04015E6B04015F6BCB
:102FD0000401606B0401616B0401696B6A6B6B6BCC
:102FE0006C6B04016D6B6E6B6F6B706B0401716BBE
:102FF000726B736B746B0401756B766B776B786BAC
:103000000F014A516BE13CEC25F0E82404018E6F7E
:103010008F6B8EC4E6FF8FC4E6FF020EE66EE66A93
:10302000010EE66E9CEC47F0146E050EE15C02E2C8
:10303000E16AE552E16E1450010E0401156A8E2515
:10304000146E8F51152214C0E6FF15C0E6FF020E64
:10305000E66EE66A020EE66E9CEC47F0166E050E12
:10306000E15C02E2E16AE552E16E1650020EE66EA4
:10307000E66A010EE66E3CEC47F0E552E552E55299
:10308000F3CF8AF4F4CF8BF4020EE66EE66A020EFA
:10309000E66E3CEC47F0E552E552E552F3CF8CF496
:1030A000F4CF8DF404018E5104018A1904E1040166
:1030B0008F5104018B1911E1010E0401156A8E254F
:1030C000146E8F511522145004018C1902E1155011
:1030D0008D1903E10F01010E4A6F92D7BFEC35F055
:1030E0007D0EE66E040EE66E88EC36F0E552E55293
:1030F0000F01010E4B6F0401896B040E0401895D01
:1031000013E204018951E96EEA6AD890E936EA3699
:103110007D0EE926040EEA22EE50ED1002E10F01C9
:103120004B6B0401892BE9D70F014B5102E08EEC68
:103130004BF00F014B51D2E0380E0401C35D01E0AA
:1031400018D10401896B040E0401895D01E311D1DA
:1031500004018951040DF3CFE9FFF4CFEAFFC40E57
:10316000E926040EEA22020EE926000EEA22EE6AA1
:10317000ED6A040E040189250001706F700EE66E81
:10318000000EE66E09EC08F0E552E552F3CF67F465
:10319000F4CF68F40A0E0D6E0E6A67C408F068C4B6
:1031A00009F042EC50F008C067F409C068F404016B
:1031B000030ED8806755000E685501E3B4D00401B2
:1031C000895104E0020E0401895D47E167C479F486
:1031D00068C47AF404017B6B7C6B2C0E0B6E270E9B
:1031E0000C6E020E0D6E0E6A79C406F07AC407F0FA
:1031F0007BC408F07CC409F072EC4EF002C079F494
:1032000003C07AF404C07BF405C07CF4E80E0B6EB6
:10321000030E0C6E0D6A0E6A79C406F07AC407F0CC
:103220007BC408F07CC409F004EC4FF006C079F4CC
:1032300007C07AF408C07BF409C07CF4040189510A
:10324000E96EEA6AD890E936EA36D40EE926040E29
:10325000EA22830EEE6E050EED6E0401890504E090
:10326000030E0401895D47E167C479F468C47AF408
:1032700004017B6B7C6B680E0B6E550E0C6E010EA1
:103280000D6E0E6A79C406F07AC407F07BC408F0AC
:103290007CC409F072EC4EF002C079F403C07AF4F9
:1032A00004C07BF405C07CF4E80E0B6E030E0C6EBC
:1032B0000D6A0E6A79C406F07AC407F07BC408F080
:1032C0007CC409F004EC4FF006C079F407C07AF42E
:1032D00008C07BF409C07CF404018951E96EEA6AF4
:1032E000D890E936EA36D40EE926040EEA226A0EB0
:1032F000EE6E030EED6E04018951040DF3CFE9FF6C
:10330000F4CFEAFFC40EE926040EEA2279C4EEFFE8
:103310007AC4EDFF04018951EA6ADC0FE96E040EFC
:10332000EA22EF6A23D004018951040DF3CFE9FFAB
:10333000F4CFEAFFC40EE926040EEA22EE6AED6A33
:1033400004018951E96EEA6AD890E936EA36D40E6A
:10335000E926040EEA22EE6AED6A04018951EA6A5E
:10336000DC0FE96E040EEA22010EEF6E0401892BD8
:10337000EAD605016C6B6D6BD09EF28EF28C9D8A45
:10338000FE0EE66EE2EC4FF0E552FA0ECB6E62C531
:103390005AF563C55BF564C55CF565C55DF505016A
:1033A0005E6B5F6B606B616BB40EE66E040EE66E77
:1033B000B20EE66E040EE66E5DCFE6FF5ECFE6FF70
:1033C000EAEC45F0146E060EE15C02E2E16AE552B9
:1033D000E16E1450F3CFB6F4F4CFB7F40401B65154
:1033E000B71101E0D8D20401080ED880B255000E02
:1033F000B35501E3D0D2B4C4E6FFB5C4E6FFB2C40E
:10340000E6FFB3C4E6FF000EE66E010EE66E000EA8
:10341000E66EE66A9DEC4AF0146E080EE15C02E28C
:10342000E16AE552E16E145000C1A6F4000EE66EAA
:10343000010EE66E1BEC49F0E552E552F3CFA7F41E
:10344000F4CFA8F404C1A9F405C1AAF4000EE66EF5
:10345000010EE66E48EC49F0E552E5520401AD6F0D
:10346000120EE66E030EE66E000EE66E010EE66EBE
:1034700057EC49F0E552E552E552E552000EE66E92
:10348000010EE66E91EC49F0E552E552F3CFAEF451
:10349000F4CFAFF43CEC25F0300F0401A95D01E05E
:1034A0007AD20401526B0401AD514BE0E66A030E7F
:1034B000E66EE66AA7C4E6FFA8C4E6FF520EE66E13
:1034C000040EE66EF3EC28F0146E070EE15C02E2E7
:1034D000E16AE552E16E1450E66AA9C4E6FF520EB5
:1034E000E66E040EE66ED4EC28F0E552E552E552A5
:1034F000E552E66AAAC4E6FF520EE66E040EE66ED8
:10350000D4EC28F0E552E552E552E552E66AADC446
:10351000E6FF520EE66E040EE66ED4EC28F0E5529D
:10352000E552E552E552E66A230EE66E520EE66E6D
:10353000040EE66ED4EC28F0E552E552E552E55271
:1035400030D0E66A030EE66EE66AA7C4E6FFA8C4BA
:10355000E6FF520EE66E040EE66EF3EC28F0146EF3
:10356000070EE15C02E2E16AE552E16E1450E66AA0
:10357000A9C4E6FF520EE66E040EE66ED4EC28F007
:10358000E552E552E552E552E66AAAC4E6FF520E5C
:10359000E66E040EE66ED4EC28F0E552E552E552F4
:1035A000E5520401B06BB16B0401A46BA56B000E76
:1035B0000401A425E96E010E0401A521EA6EEF5075
:1035C000030814E0000E0401A425E96E010E0401B5
:1035D000A521EA6EEF500401B0190401B06FB1C427
:1035E000B1F40401A42B000EA523E1D70401AE51D0
:1035F0000401B01904E10401AF510401B11905E15E
:10360000020E0401A65D01E18DD00101006BE66AA6
:103610001A0EE66E000EE66E010EE66ED4EC28F091
:10362000E552E552E552E552E66A520EE66E040EA8
:10363000E66E000EE66E010EE66E6AEC28F0146E81
:10364000050EE15C02E2E16AE552E16E1450E66AC1
:10365000120EE66E030EE66E000EE66E010EE66ECC
:103660006AEC28F0146E050EE15C02E2E16AE552B4
:10367000E16E1450E66A030EE66E000EE66E010E71
:10368000E66ED4EC28F0E552E552E552E552000E24
:10369000E66E010EE66EDCEC48F0E552E552F3CF43
:1036A000AEF4F4CFAFF40201096BE66A000EE66EE9
:1036B000010EE66E090EE66E020EE66E6AEC28F06A
:1036C000146E050EE15C02E2E16AE552E16E14500F
:1036D000E66AE668E668AEC4E6FFAFC4E6FF090E38
:1036E000E66E020EE66EF3EC28F0146E070EE15C57
:1036F00002E2E16AE552E16E1450090EE66E020E36
:10370000E66E010EE66EE66AE3EC4AF0E552E5523B
:10371000E552E552010EE66EE66A6FEC4AF0E552BC
:10372000E55239D1120EE66E040EE66E120EE66E0A
:10373000030EE66EAAC4E6FFE5EC01F0146E050E7A
:10374000E15C02E2E16AE552E16E14500401AB6F04
:103750000101006B0401AB5101E093D012C4B8F435
:103760000401B96BB80EE66E040EE66E58EC4DF02F
:10377000E552E552F3CFACF40401AC5141E1E66A05
:10378000060EE66E000EE66E010EE66ED4EC28F034
:10379000E552E552E552E552E66A520EE66E040E37
:1037A000E66E000EE66E010EE66E6AEC28F0146E10
:1037B000050EE15C02E2E16AE552E16E1450E66A50
:1037C000120EE66E040EE66E000EE66E010EE66E5A
:1037D0006AEC28F0146E050EE15C02E2E16AE55243
:1037E000E16E1450E66A030EE66E000EE66E010E00
:1037F000E66ED4EC28F0E552E552E552E55240D0B1
:10380000E66A150EE66E000EE66E010EE66ED4EC6C
:1038100028F0E552E552E552E552E66A520EE66EB0
:10382000040EE66E000EE66E010EE66E6AEC28F0FF
:10383000146E050EE15C02E2E16AE552E16E14509D
:10384000E66A120EE66E040EE66E000EE66E010EDD
:10385000E66E6AEC28F0146E050EE15C02E2E16AA5
:10386000E552E16E1450E66A030EE66E000EE66E57
:10387000010EE66ED4EC28F0E552E552E552E55231
:1038800040D0E66A1A0EE66E000EE66E010EE66E97
:10389000D4EC28F0E552E552E552E552E66A520EC4
:1038A000E66E040EE66E000EE66E010EE66E6AEC43
:1038B00028F0146E050EE15C02E2E16AE552E16E69
:1038C0001450E66A120EE66E030EE66E000EE66E09
:1038D000010EE66E6AEC28F0146E050EE15C02E261
:1038E000E16AE552E16E1450E66A030EE66E000EE0
:1038F000E66E010EE66ED4EC28F0E552E552E55294
:10390000E552000EE66E010EE66EDCEC48F0E55284
:10391000E552F3CFAEF4F4CFAFF40201096BE66ADF
:10392000000EE66E010EE66E090EE66E020EE66E03
:103930006AEC28F0146E050EE15C02E2E16AE552E1
:10394000E16E1450E66AE668E668AEC4E6FFAFC40E
:10395000E6FF090EE66E020EE66EF3EC28F0146E3A
:10396000070EE15C02E2E16AE552E16E1450090ED5
:10397000E66E020EE66E010EE66EE66AE3EC4AF0D3
:10398000E552E552E552E552010EE66EE66A6FEC4D
:103990004AF0E552E5520401DC0512E10001706BCA
:1039A000700EE66E000EE66EF8EC3EF0E552E55263
:1039B000F3CF69F4F4CF6AF404016B6B6C6B05D040
:1039C0000401696B6A6B6B6B6C6B0401DD0513E1C1
:1039D0000001010E706F700EE66E000EE66EF8ECE0
:1039E0003EF0E552E552F3CF6DF4F4CF6EF40401EE
:1039F0006F6B706B05D004016D6B6E6B6F6B706BD2
:103A00000401DE0513E10001020E706F700EE66E18
:103A1000000EE66EF8EC3EF0E552E552F3CF71F49D
:103A2000F4CF72F40401736B746B05D00401716BF5
:103A3000726B736B746B0401DF0513E10001030EFD
:103A4000706F700EE66E000EE66EF8EC3EF0E5521A
:103A5000E552F3CF75F4F4CF76F40401776B786B0D
:103A600005D00401756B766B776B786B2AC52EF5E4
:103A70002BC52FF52CC530F52DC531F52EC514F00D
:103A80002FC515F030C516F031C517F0190E0B6EA5
:103A90000C6A0D6A0E6A14C006F015C007F016C055
:103AA00008F017C009F004EC4FF002C014F003C096
:103AB00015F004C016F005C017F0145015101610BC
:103AC000171075E104015E5171E1DCC463F4DDC4DB
:103AD00064F4DEC465F4DFC466F468EC21F004012C
:103AE000DC0516E10401635113E162C55AF563C5B3
:103AF0005BF564C55CF565C55DF52EC55EF52FC546
:103B00005FF530C560F531C561F50401010E606FE8
:103B10000401DD0516E10401645113E162C55AF5A3
:103B200063C55BF564C55CF565C55DF52EC55EF5E1
:103B30002FC55FF530C560F531C561F50401010E93
:103B4000606F0401DE0516E10401655113E162C5F1
:103B50005AF563C55BF564C55CF565C55DF52EC5B5
:103B60005EF52FC55FF530C560F531C561F504011F
:103B7000010E606F0401DF0516E10401665113E1D7
:103B800062C55AF563C55BF564C55CF565C55DF551
:103B90002EC55EF52FC55FF530C560F531C561F501
:103BA0000401010E606F0401010E5E6F02D004017A
:103BB0005E6B2AC52EF52BC52FF52CC530F52DC50E
:103BC00031F52EC514F02FC515F030C516F031C5EE
:103BD00017F0CD0E0B6E0C6A0D6A0E6A14C006F05B
:103BE00015C007F016C008F017C009F004EC4FF03C
:103BF00002C014F003C015F004C016F005C017F0A1
:103C000014501510161017100BE10401F00508E10F
:103C10000401615104E1CDD90401010E616F02D0AC
:103C20000401616B2AC52EF52BC52FF52CC530F587
:103C30002DC531F52EC514F02FC515F030C516F081
:103C400031C517F0FB0E0B6E0C6A0D6A0E6A14C0BC
:103C500006F015C007F016C008F017C009F004EC14
:103C60004FF002C014F003C015F004C016F005C0F8
:103C700017F014501510161017100BE1AB50020B73
:103C800003E1AB50040B05E0AB980000AB88AB9EA2
:103C9000AB8E2AC52EF52BC52FF52CC530F52DC5BD
:103CA00031F52EC514F02FC515F030C516F031C50D
:103CB00017F0E80E0B6E030E0C6E0D6A0E6A14C040
:103CC00006F015C007F016C008F017C009F004ECA4
:103CD0004FF002C014F003C015F004C016F005C088
:103CE00017F0145015101610171001E194D00401AC
:103CF000625101E08FD00401FE51FF11001101114A
:103D00001DE00401DC051AE169C4E6FF6AC4E6FFB0
:103D10006BC4E6FF6CC4E6FF310EE66E410EE66E44
:103D200020EC3DF0146E060EE15C02E2E16AE55221
:103D3000E16E1450F3CF52F5F4CF53F50501025163
:103D40000311041105111DE00401DD051AE16DC424
:103D5000E6FF6EC4E6FF6FC4E6FF70C4E6FF320EF6
:103D6000E66E410EE66E20EC3DF0146E060EE15C50
:103D700002E2E16AE552E16E1450F3CF54F5F4CF5C
:103D800055F5050106510711081109111DE004013F
:103D9000DE051AE171C4E6FF72C4E6FF73C4E6FFF4
:103DA00074C4E6FF310EE66E420EE66E20EC3DF086
:103DB000146E060EE15C02E2E16AE552E16E145017
:103DC000F3CF56F5F4CF57F505010A510B110C113D
:103DD0000D111DE00401DF051AE175C4E6FF76C48C
:103DE000E6FF77C4E6FF78C4E6FF320EE66E420EC9
:103DF000E66E20EC3DF0146E060EE15C02E2E16A34
:103E0000E552E16E1450F3CF58F5F4CF59F50401A3
:103E1000010E626F02D00401626B2AC52EF52BC51C
:103E20002FF52CC530F52DC531F55AC5E6FF5BC51C
:103E3000E6FF5CC5E6FF5DC5E6FF5EC5E6FF5FC564
:103E4000E6FF60C5E6FF61C5E6FF2AC5E6FF2BC5B4
:103E5000E6FF2CC5E6FF2DC5E6FF3CD8186E0C0E1C
:103E6000E15C02E2E16AE552E16E18505AC50BF0DE
:103E70005BC50CF05CC50DF05DC50EF004EC4FF0B9
:103E800002C014F003C015F004C016F005C017F00E
:103E9000145015101610171018E10401605114E1A8
:103EA0002EC55EF52FC55FF530C560F531C561F5EE
:103EB000EDDA06C05AF507C05BF508C05CF509C02D
:103EC0005DF50401010E606F02D00401606BD4EF58
:103ED00019F0120042EC24F0E652E652E652E652A5
:103EE000FE0E186E19681A681B68D950F20F84EC20
:103EF00024F0176ED950F60F2EEC25F01450EE5C1E
:103F00001550EE581650EE581750EE5811E2FA0EB2
:103F1000DBCF18F0FB0EDBCF19F0FC0EDBCF1AF075
:103F2000FD0EDBCF1BF0D950F60F84EC24F024D02B
:103F3000FE0E1C6E1D681E681F68D950F60F2EEC11
:103F400025F0EE501C5C186EEE501D58196EEE50A8
:103F50001E581A6EEE501F581B6ED950FA0F2EECD9
:103F600025F01850EE24146E1950EE20156E1A50DC
:103F7000EE20166E1B50EE20176E14C0DFFF010EF0
:103F800015C0DBFF020E16C0DBFF030E17C0DBFF00
:103F9000DECF06F0DECF07F0DECF08F0DDCF09F090
:103FA000DD52DD52040EE15C02E2E16AE5527AEF95
:103FB00024F042EC24F00B0EE12402E3E168E65227
:103FC000E16E080EDB6A0F015851020A6AE0030A2B
:103FD00055E0010A01E075D10401F151640808E2DD
:103FE0000001B40E726FE20E736F7469756936D09A
:103FF000640EF15D2CE0F1C472F00001736B746B20
:10400000756B0E0ED8907237733774377537E806B4
:10401000F9E1640E0B6E0C6A0D6A0E6A72C006F04E
:1040200073C007F074C008F075C009F0A2EC41F04D
:1040300006C072F007C073F008C074F009C075F0D4
:10404000200E0001735F000E745B755B07D00001EA
:10405000780E726F1E0E736F746B756B72C076F094
:1040600073C077F074C078F075C079F0640E76276D
:10407000000E77237823792371691FD10001712BFA
:10408000060E715D07E117EC4CF00401F06B0F01B7
:10409000586B18D1900E7A6F010E7B6F0F01020ED4
:1040A0000ED197EC24F00AE1D6EC24F0100EE2ECED
:1040B00024F0040EF36EDB6E050EDB6A97EC24F041
:1040C000010808E1D6EC24F0130EE2EC24F0050E12
:1040D000F1EC24F097EC24F0020808E1D6EC24F08F
:1040E000150EE2EC24F0060EF1EC24F0030E0001B4
:1040F000E76E7119E8AE02D0E73402D0E750715D87
:1041000002E2010E01D0020EF36E0A0EF3CFDBFFC6
:10411000050E7A27000E7B23CFDB02E2E16AE5522F
:10412000E16E1450020EF8EC24F0C6DB02E2E16A04
:10413000E552E16E1450090EDB6A020EF8EC24F031
:1041400084DBF3CFDEFFF4CFDDFF010EF8EC24F0CB
:10415000DECF14F0DDCF15F014C0E6FF15C0E6FF8A
:1041600074DBA4EC24F01E0E165E000E175A1750D6
:104170001518E8AE02D0153404D01450165C155052
:10418000175822E2DECF18F0DDCF19F018C0E6FF95
:1041900019C0E6FF5ADBE3DB1E0E1A26000E1B22B7
:1041A00019501B18E8AE02D01B3404D01A50185C0A
:1041B0001B50195809E2140EF36E090EE7EC24F0B7
:1041C00003E2090EDB2AC4D7140EF36E090EE7ECE6
:1041D00024F002E2090EDB6A090EDB501408ADE19F
:1041E000DECF14F0DDCF15F0166A176A15AE02D0D7
:1041F00016681768175000017519E8AE02D07535BA
:1042000008D07251145C7351155874511658755179
:1042100017583EE3DECF18F0DDCF19F01A6A1B6A9B
:1042200019AE02D01A681B681B507919E8AE02D08B
:10423000793508D07651185C7751195878511A5849
:1042400079511B5825E20F01010E586F71C014F00F
:10425000156A14BE1568D89014361536780ED880B5
:104260001456050E1556060E14C0DBFF070E15C0BA
:10427000DBFF060EDBCFE9FF070EDBCFEAFF7AC0DC
:10428000EEFF7BC0EDFF190EF36E080EF3CFDBFFE0
:10429000080EDB2A190EF36E080E99DB07E2000107
:1042A000000E7A5D040E7B5901E232D70001000E48
:1042B000D8807A55040E7B5505E20F01010E586F28
:1042C00001D0586B0B0EE15C02E2E16AE55212D3B9
:1042D000D9DA100EE12402E3E168E652E16E080E3D
:1042E000DB6A090EDB6A0A0EDB6A0B0EDB6ADE6A2A
:1042F000DD6A020EDB6A040EF36E020E68DB01E378
:10430000BFD038DBEA22EF5001E0B7D0030EDB6A02
:10431000AFDBEECF16F0EFCF17F01650145C17504E
:10432000155809E277DB9FDB1A6A1B6A6BDA6EDAD3
:10433000010E48DB06D066DA96DB1A6A1B6A6ADB76
:1043400065DA020EEA6ADB34FE0BEA36E96ED40E59
:10435000E926040EEA22EECF06F0EFCF07F0086A56
:10436000096A020ED8900636073608360936E8067E
:10437000F9E1190E0B6E0C6A0D6A0E6A72EC4EF0C2
:1043800002C006F003C007F004C008F005C009F041
:10439000E80E0B6E030E0C6E0D6A0E6A04EC4FF005
:1043A000040E06C0DBFF050E07C0DBFF060E08C0CB
:1043B000DBFF070E09C0DBFFE4DAEA22EF5051E130
:1043C000E7DA060EDBCF16F0070EDBCF17F0D95079
:1043D0000C0FE96E000EDA20EA6EEE50145CEE501F
:1043E0001558EE501658EE50175819E313DBF4DA4F
:1043F00009DA14C0EEFF15C0EDFF020EDB504E0FC0
:10440000E66EE66A62EC4CF0E552E552000902E124
:10441000B1DA01D0B6DAEA22010EEF6E12D0030E45
:10442000DB0406E1B5DAEED91450EE261550ED2284
:10443000030EDB5006E1ACDAE5D91450EE5E155000
:10444000ED5AE0D9EECFE6FFEFCFE6FF020EDB50EC
:10445000100DF350E66E94EC2BF0E552E552E55268
:104460000CD006DB14C0EEFF15C0EDFF83DAEA22A4
:10447000010EEF6E86DAEA22EF6A020EDB2A3BD7E4
:10448000100EE15C02E2E16AE55234D2FBD91C0E67
:10449000E12402E3E168E652E16E140E52C5DBFF4F
:1044A000150E53C5DBFF160E54C5DBFF170E55C5A1
:1044B000DBFF180E56C5DBFF190E57C5DBFF1A0EC2
:1044C00058C5DBFF1B0E59C5DBFF020EDB6A380E39
:1044D0000401C35D01E060D1DF6A040EDF5C01E32B
:1044E0005BD1DF50EA6ADC0FE96E040EEA22EF04CA
:1044F00001E050D1DF5091DA22DAEE50ED1001E107
:1045000049D1DF50EA6A4C0FE96E0F0EEA22130E12
:10451000EFCFDBFF06DA500EE9260F0EEA22010E7E
:10452000EFCFDBFFD950140F146E000EDA20156E9A
:10453000DF50020D1450F324E96E1550F420EA6E9A
:104540000B0EEECFDBFF0C0EEDCFDBFF0B0EDBCF48
:1045500014F00C0EDBCF15F014C0E6FF15C0E6FF1B
:104560000DEC13F0F1D91450F35C1550F45801E33D
:1045700011D10B0EDBCF18F00C0EDBCF19F018C0E9
:10458000E6FF19C0E6FF03EC13F0E9D9F350185C1D
:10459000F450195801E3FED05CDA7DD9280E0C6E78
:1045A0006B0E0D6E6E0E0E6E4E0E0F6EF5EC40F035
:1045B0005BD90B0EDBCF08F00C0EDBCF09F0F6EC6D
:1045C0003FF007C018F008C019F009C01AF00AC07F
:1045D0001BF097D9A2EC40F047D9C00E0C6EA30E89
:1045E0000D6E1B0E0E6E4B0E0F6E21DA0BEC40F0B3
:1045F00004DA97D9E00EE926040E4DD91E6A1F6A27
:10460000800E206E3F0E216EC00E076EA30E086E48
:104610001B0E096E4B0E0A6E030EDBCF0CF0040E60
:10462000DBCF0DF0050EDBCF0EF0060EDBCF0FF06B
:10463000A2EC40F007C022F008C023F009C024F02B
:104640000AC025F0FDD91EC007F01FC008F020C029
:1046500009F021C00AF00CEC40F007C01AF008C0C5
:104660001BF009C01CF00AC01DF04BD9F5EC40F05E
:10467000070E07C0DBFF080E08C0DBFF090E09C0EC
:10468000DBFF0A0E0AC0DBFF070EDBCF07F0080EC8
:10469000DBCF08F0090EDBCF09F00A0EDBCF0AF002
:1046A00021EC42F00D0E08C0DBFF0E0E09C0DBFF4F
:1046B000D0D9EA2291D90D0EDB50141803E10E0E69
:1046C000DB50151867E06BD9EE50ED1056E0010E87
:1046D000DB040BE10D0EDBCF14F00E0EDBCF15F07B
:1046E0002D0E145C010E15580FE3010EDB5002086D
:1046F00019E10D0EDBCF16F00E0EDBCF17F0910E89
:10470000165C010E17580EE257D90D0EDBCFE6FFEF
:104710000E0EDBCFE6FF010EE2D802E2E16AE552BF
:10472000E16E1450010EDB0412E139D92C0ED88051
:10473000EE54010EED540BE23FD92C0EE66E010E45
:10474000E66ECDD802E2E16AE552E16E1450010E48
:10475000DB50020812E123D9900ED880EE54010EEE
:10476000ED540BE229D9900EE66E010EE66EB7D835
:1047700002E2E16AE552E16E14506BD9EA220D0EB5
:10478000DBCFEEFF0E0EDBCFEDFF010EF36E020E60
:10479000F3CFDBFFDF2AA1D6020EDB040DE10F0E03
:1047A00062C5DBFF100E63C5DBFF110E64C5DBFFC6
:1047B000120E65C5DBFF0CD00F0E66C5DBFF100EB9
:1047C00067C5DBFF110E68C5DBFF120E69C5DBFF95
:1047D0000F0EDBCF14F0100EDBCF15F0110EDBCF78
:1047E00016F0120EDBCF17F014C006F015C007F05C
:1047F00016C008F017C009F01C0EE15C02E2E16A85
:10480000E55278D0020EDB500DEF25F0EECF1CF014
:10481000EFCF1DF01E6A1F6A1C50185C146E1D50ED
:104820001958156E1E501A58166E1F501B58176EC9
:104830000C0E14C0DBFF0D0E15C0DBFF0E0E16C0F4
:10484000DBFF0F0E17C0DBFF1200020EDBCFE6FF0F
:10485000030EDBCFE6FF0A0EDBCFE6FF3CEC47F0B2
:10486000E552E552E5521200C8D8030EDBCF14F032
:10487000040EDBCF15F0050EDBCF16F0060EDBCFF6
:1048800017F01200D9CFE6FFDACFE6FFE1CFD9FF6C
:10489000E2CFDAFF1200EA22E6D818C008F019C009
:1048A00009F0F6EC3FF007C014F008C015F009C09D
:1048B00016F00AC017F012007AC0E6FF7BC0E6FFD0
:1048C000040EDBCFE6FF050EDBCFE6FF0A0EDBCFE3
:1048D000E6FF9CEC47F0146E050EE15C1200DBCFA6
:1048E000E6FF130EDBCFE6FFA7EC2DF0146E080EEB
:1048F000E15C1200E16EE552E5CFDAFFE7CFD9FFC8
:1049000012009ED817EF25F0A9D8EE50185C146E4F
:10491000EE501958156EEE501A58166EEE501B5880
:104920001200EA6ADF34FE0BEA36E96E120071C04B
:1049300009F0030E0E6E62EC41F005501200020EFB
:10494000E926000EEA221200E552E7CF15F0E55203
:10495000E7CF14F0F3CF16F0F4CF17F01200E552C2
:10496000E7CF19F0E552E7CF18F0F3CF1AF0F4CF04
:104970001BF01200020EDB50EA6ADC0FE96E040E37
:104980001200020EDB50EA6A590FE96E0F0E120098
:10499000040EDBCF14F0050EDBCF15F01200D9505A
:1049A0000D0FE96E000EDA20EA6E1200360EF36E7D
:1049B000020EF3CFDBFF1200050EE66EE66AE66A32
:1049C000E66A1200F36E030EF3CFDBFF1200DBCFBB
:1049D000F4FFF350F45C1200EECF14F0EFCF15F0BB
:1049E0001200F36E040EF3CFDBFF050EDB6A12003C
:1049F000E66EFDEC4FF0E5521200030E07C0DBFF40
:104A0000040E08C0DBFF050E09C0DBFF060E0AC05E
:104A1000DBFF1200F7DE9FEF24F0040DF3CFE9FF78
:104A2000F4CFEAFFC40EE926040EEA22120014C0F5
:104A300007F015C008F016C009F017C00AF0120000
:104A400007C00CF008C00DF009C00EF00AC00FF04E
:104A5000120067DFE80EE926040E1200E96EFF0E71
:104A6000DA20EA6E1200EECF18F0EFCF19F0120044
:084A7000C9DEB2DF0AEF25F0F8
:084A780057EC2BF0DF6A8050BF
:104A8000010BDF128050020B01E0010EE824DF125F
:104A90008050040B01E0010E040DF350DF12DF50D3
:104AA000E552FDEF29F057EC2BF0DF6A000EF36EB4
:104AB000FD0EDBCFF4FFF350F45C08E3FD0EDB509A
:104AC000090804E3FD0EDB50300FDF6EFD0EDB50F6
:104AD000090805E2FD0EDB50F60F410FDF6EDF50D7
:104AE000E552FDEF29F057EC2BF0E652E652010EAD
:104AF000DB6AF00EF36E020EF3CFDBFFDF6A040E0B
:104B0000DF5C3EE2010EDBCF1AF0020EDBCF1BF0C2
:104B1000040EDF02F3501AC018F01BC019F005E0B4
:104B2000D89019321832E804FBE1FC0EDB5018145F
:104B3000166EFD0EDB501914176E030ED880DF546D
:104B4000040DF35016C014F017C015F003E00EEC7E
:104B50002BF0FDE11450E66EA6DFE552E66EDF5065
:104B6000E76EFA0EDBCFE9FFFB0EDBCFEAFFE75083
:104B7000E926000EEA22E552E750EF6EDF2ABFD7A2
:104B8000E552E552E552FDEF29F057EC2BF0E652E5
:104B9000E652E652E652D950010FE66E000EDA20D8
:104BA000E66EFC0EDBCFE6FFFD0EDBCFE6FF9BDF04
:104BB000E552E552E552E552DF6A040EDF5C12E28F
:104BC000D950010F146E000EDA20156EDF500F0160
:104BD0001424E96E000E1520EA6EEF50C8EC2AF09E
:104BE000DF2AEBD7000E146E050EE15C02E2E16AEB
:104BF000E552E16E1450FDEF29F057EC2BF01F0E3B
:104C0000DF6EDFCF14F0143423E2D950FA0FE96ECF
:104C1000FF0EDA20EA6EDF501F0BEECF14F0EECF5E
:104C200015F0EECF16F0EECF17F007E0D890173260
:104C3000163215321432E806F9E1010E1416156A1F
:104C4000166A176A300E1424C8EC2AF0DF06D9D78A
:104C5000000EE552D2D32BEC2BF0DDEC2AF004E66B
:104C6000100E145C000E155827E2FC0EDBCF16F078
:104C7000FD0EDBCF17F0DECF18F0DDCF19F00F0EF1
:104C8000D8801856000E1956185016C014F017C0C8
:104C900015F003E00EEC2BF0FDE1010E1416000EF2
:104CA0001516300E1424C8EC2AF0ACA2FED7DF2A69
:104CB000010ED3E3DB2AD1D7000EE552E5529DD396
:104CC0002BEC2BF0DDEC2AF004E6080E145C000E51
:104CD00015581EE2DECF14F0DDCF15F0070ED88098
:104CE0001456000E1556FD0EDB5014C0E7FFE752B8
:104CF00004E0E8427F0BE706FCE1010B300FC8EC53
:104D00002AF0ACA2FED7DF2A010EDCE3DB2ADAD7D9
:104D1000000EE552E55271D367DB0E0EE12402E38B
:104D2000E168E652E16EFA0EDBCF16F0FB0EDBCF48
:104D300017F0E4EC2AF00A0E0D6E0E6A18C008F0A7
:104D400019C009F042EC50F008C018F009C019F081
:104D50000A0E086E096A18C00DF019C00EF003ECB7
:104D600042F00650165C146E07501758156E080E68
:104D700014C0DBFF090E15C0DBFFE4EC2AF0EBECFE
:104D80002AF0640E0D6E0E6A1AC008F01BC009F0FE
:104D900042EC50F008C01AF009C01BF0640E086E17
:104DA000096A1AC00DF01BC00EF01AEC2BF0060EAB
:104DB00014C0DBFF070E15C0DBFF0A0E146E156A68
:104DC000060EDBCF08F0070E57DB060E08C0DBFF30
:104DD000070E09C0DBFFEBEC2AF0F2EC2AF0E80E3C
:104DE0000D6E030E0E6E1CC008F01DC009F042ECE3
:104DF00050F008C01CF009C01DF0E80E086E030E4C
:104E0000096E1CC00DF01DC00EF0FDDA040E14C0BA
:104E1000DBFF050E15C0DBFF640E146E156A040E71
:104E2000DBCF08F0050E28DB040E08C0DBFF050E03
:104E300009C0DBFFD7DBFA0EDBCF1EF0FB0EDBCFAA
:104E40001FF0100E0D6E270E0E6E1EC008F01FC054
:104E500009F042EC50F008C01EF009C01FF0100E1F
:104E6000086E270E096E1EC00DF01FC00EF003EC79
:104E700042F006501C5C1A6E07501D581B6E640EE3
:104E8000086E096A040EDBCF0DF0050EDBCF0EF0C5
:104E9000BADA020E14C0DBFF030E15C0DBFFE80E0A
:104EA000146E030E156E020EDBCF08F0030EE4DA6B
:104EB000020E08C0DBFF030E09C0DBFF100E146EEC
:104EC000270E156EFA0EDBCF08F0FB0ED5DA08C000
:104ED000DEFF09C0DDFF0A0EDB6A0B0EDB6A0C0E7B
:104EE000DB6A0D0EDB6ABCDBEF5006E00A0EDB2A44
:104EF0000B0EF9E3DB2AF7D7D9CF14F0DACF15F090
:104F0000A2DA14500624E96E15500720EA6EEE501E
:104F1000ED1011E10C0EDBCF16F00D0EDBCF17F00C
:104F2000050E165C000E175806E20C0EDB2A0D0E5D
:104F3000E3E3DB2AE1D7FFDA2BE2FDDA2DE298DBAF
:104F4000EECF14F0EFCF15F0000E145C000E1558E4
:104F500019E3D9CF18F0DACF19F075DA1850062412
:104F6000E96E19500720EA6E090ED880EE54000E43
:104F7000ED5408E37DDBEF50300FE66EC0DA01E35D
:104F8000DB2A53DB0C0EDB2A0D0ED7E3DB2AD5D749
:104F9000B6DA01E3DB2A80DBF90EDB5004E0AFDA9E
:104FA00001E3DB2A74DB5CDBEF6A0E0EE15C02E2FC
:104FB000E16AE552E16E21D217DA070EE12402E33D
:104FC000E168E652E16EFB0EDBCFE6FF0A0E8EDAF9
:104FD0000A0DF350E552E75CE76E020EE7CFDBFF08
:104FE000DBCFE6FFFB0EDBCFE6FF640E7FDA640D5E
:104FF000F350E552E75CE552D880E754E76E010EC6
:10500000E7CFDBFF0A0E146E0E6E010EDBCF09F048
:1050100084EC50F0010E09C0DBFF640E67DA640D0A
:10502000F350DF6E030EDB6A040EDB6A050EDB6AEB
:10503000060EDB6A24DBEF5006E0030EDB2A040ECB
:10504000F9E3DB2AF7D720DAEF5011E1050EDBCFC9
:1050500016F0060EDBCF17F0030E165C000E175885
:1050600006E2050EDB2A060EEEE3DB2AECD76BDA4E
:105070001AE269DA1CE208DAEFCF14F0000E145CD1
:105080000CE302DAEF50090808E3FED9EF50300FC5
:10509000E66E3DDA01E3DB2AC8DA050EDB2A060EEE
:1050A000E8E3DB2AE6D733DA01E3DB2AF5DAFA0EA6
:1050B000DB5007E02CDA01E3DB2A8DD9FA0EDBCFD7
:1050C000EFFFDDDAEF6A070EE15C02E2E16AE5522A
:1050D000E16E93D189D93FDAE3DAEF5006E0020EB0
:1050E000DB2A030EF9E3DB2AF7D740DAE96EDD505D
:1050F0001520EA6EEF5012E083DA01E3DB2AFA0EA4
:10510000DB501624E96EFB0EDB501720EA6EEF50E1
:10511000E66EC3D901E3DB2A88DAE7D7F90EDB5064
:1051200004E0BBD901E3DB2AB2DABADAEF6A040E93
:10513000E15C02E2E16AE552E16E5FD155D90BDA3A
:10514000AFDAEF5006E0020EDB2A030EF9E3DB2AAA
:10515000F7D70CDAF66EDD501520F76E0800F55023
:1051600013E04EDA01E3DB2AFA0EDB501624F66E6A
:10517000FB0EDB501720F76E0800F550E66E8DD958
:1051800001E3DB2A52DAE5D7F90EDB5004E085D9DA
:1051900001E3DB2A7CDA84DAEF6A040EE15C02E2E6
:1051A000E16AE552E16E29D156DA40D9EF5005E0C7
:1051B000DF2A010EFAE3DB2AF8D757D901E3DB2A0D
:1051C0000AD9FB0EDBCFEFFFFA0EDB5007E04DD91B
:1051D00001E3DB2A00D9FA0EDBCFEFFF27D9EF6A14
:1051E000E552E5520AD100D9090EE12402E3E16853
:1051F000E652E16E020EDB6A030EDB6ADE6ADD6AEE
:1052000015D9EF5005E0DF2A010EFAE3DB2AF8D7C3
:10521000FA0EFB0EDBCF15F0000EF00E151615384A
:105220000F0B146E050E14C0DBFFFA0EFB0EDBCF66
:1052300015F0000E0F0E151615C014F0156A060EA7
:1052400014C0DBFFF00EA9D9156A040EE7D9FEE100
:10525000070E14C0DBFF0F0EA0D9080E14C0DBFF31
:10526000D950050F146E000EDA20156E020EDB50B9
:105270001424E96E030EDB501520EA6EEF500BE1AB
:1052800094D9165C000E175806E2020EDB2A030EB4
:10529000E7E3DB2AE5D7E2D8C6D96CE270D902E1B0
:1052A000FF0EED1825E0B3D980D9D8801656000E30
:1052B00017561450165C155017581AE2CFD8040E22
:1052C000D8801456000E1556040E14C0DBFF27D9E3
:1052D000E8AE02D0173404D01650145C175015589D
:1052E00007E2C3D801E3DB2AD7D9040EDB2AEFD7C4
:1052F000B5D899D95DE2D9D8143422E2D950050F36
:10530000186E000EDA20196E020EDB501824E96EBA
:10531000030EDB501920EA6EEFCF17F0090EE76E8F
:105320001718E8AE02D0173403D0E750D8801754CE
:1053300007E3CCD8300FE66E98D801E3DB2A75D9A5
:10534000B4D8090EE76E1418E8AE02D0143403D0B6
:10535000E750D880145408E2B9D8410FF60FE66E32
:1053600084D801E3DB2A61D9020EDB2A030EC0E3F5
:10537000DB2ABED704D902E1FF0EED1819E047D9A8
:10538000D890155001E64FD913E2040EDB6AC7D856
:10539000E8AE02D0173404D01650145C17501558DC
:1053A00007E263D801E3DB2A77D9040EDB2AEFD7C3
:1053B000F70EDB5007E059D801E3DB2A0CD8F70ED3
:1053C000DBCFEFFF33D8EF6A090EE15C02E2E16A5E
:1053D000E552E16E12D0FC0EDB501424E96EFD0E96
:1053E000DB501520EA6E1200D9CFE6FFDACFE6FFD8
:1053F000E1CFD9FFE2CFDAFF1200E552E5CFDAFFC5
:10540000E7CFD9FF120003EC42F006501A5C186E89
:1054100007501B58196E0A0E086E096A060EDBCF7C
:105420000DF0070EDBCF0EF01AEF2BF0FC0EDBCFEA
:1054300014F0FD0EDBCF15F0DE501424E96EDD50C4
:105440001520EA6E1200020E086E096A0C0EDBCF00
:105450000DF00D0EDBCF0EF003EF42F0020EDBCFAE
:1054600014F0030EDBCF15F01200DFCF14F0DF2AAB
:10547000010EDBCF15F01200DBCF09F014C00DF0E8
:1054800015C00EF042EF50F0050EDB50D924E96E46
:10549000060EDB50DA20EA6E1200020EDBCF14F0AB
:1054A000DB2A030EDBCF15F01200D950050F156E65
:1054B000000EDA20166E020EDB501524E96E030E84
:1054C000DB501620EA6EEFCF14F01200D950050F12
:1054D000166E000EDA20176E020EDB501624E96EEF
:1054E000030EDB501720EA6EEF501200146E0E6EA2
:1054F000FB0EDBCF09F084EC50F0095012000A0ECD
:10550000DBCF14F0DB2A0B0EDBCF15F01200030EFD
:10551000DBCF14F0DB2A040EDBCF15F01200DB50DA
:10552000146E156AF80EDBCF16F0F90EDBCF17F00C
:105530001550171812000C0EDBCF14F00D0EDBCF38
:1055400015F0050EB0D0050EDBCF14F0060EDBCF44
:1055500015F0030EA8D0E652E652E652E652DE6A95
:10556000DD6A020EDB6A030EDB6A1200FA0EDBCF85
:1055700014F0FB0EDBCF15F0DE5014241200D950CE
:10558000F80FE96EFF0EDA20EA6EFF0EEE18120039
:10559000E66E14EC50F0E5521200E76EFA0EDBCF27
:1055A00014F0FB0EE75014161200020EDBCF16F0BB
:1055B000030EDBCF17F0040E1200DECF14F0DDCFA8
:1055C00015F0D89015501200FA0EDBCF18F0FB0E34
:1055D000DBCF19F01200FA0EDBCF1AF0FB0EDBCF97
:1055E0001BF01200FA0EDBCF1CF0FB0EDBCF1DF020
:1055F000120016500624E96E17500720EA6E1200BA
:10560000DFCF16F0DF2A010EDBCF17F01200F80E05
:10561000DBCF14F0F90EDBCF15F01200D890153265
:105620001432E8041200040E3ED0D5DEE552E750F5
:10563000EF6E120003EC42F00650185C166E075035
:105640001958176E080EDB50165C146E090EDB50ED
:105650001758156E12002BD8E652DE6ADD6A12006A
:105660000A0EDBCF14F00B0EDBCF15F0EBEF29F0B9
:10567000D9CF16F0DACF17F0E6DEF9EF2AF0030EF5
:10568000DBCF14F0040EDBCF15F0EBEF29F0A3DE37
:10569000F90EDBCFEFFF12009EDE300EEF6E120030
:1056A000DDDEEBEF29F0145C000E155812009CDED5
:0456B000E6521200AC
:0C56B4007BEC2FF0080EE12402E3E1681B
:1056C000E652E16E060EDF6E010EDB6A020EDB6A49
:1056D000030EDB68090EF36E040EF3CFDBFF0A0E38
:1056E000F36E050EF3CFDBFF060EDB6A070EDB6AF7
:1056F00089EC30F0FE0E77EC30F0FE0EBE15BE6F7A
:10570000826ED950040FE66E000EDA20E66E8BEC46
:105710002FF0000E146E080EE15C02E2E16AE55221
:10572000E16E145093EF2FF0E6DBE652E652E652BC
:10573000E65289EC30F0030EDF6EF0EC2FF0000E35
:105740001416F00E15161538156A0F0B146EFD0E93
:10575000DB501410E76E010EE7CFDBFFF0EC2FF00B
:10576000F00E14160F0E1516040ED89015321432C2
:10577000E804FBE1020E14C0DBFF0F0EE76EF0EC55
:105780002FF0E7501416156A040ED890143615360B
:10579000E804FBE1030E14C0DBFFFE0E040177EC0E
:1057A00030F0040EE15C02E2E16AE552E16EBBD347
:1057B000A2DBFC0EDBCFE6FFFD0EDBCFE6FF400EEB
:1057C000E66EB2DFE552E552E55270EC30F0E66A83
:1057D000010EFEEC2FF002E2E16AE552E16E145098
:1057E000F80EDBCFE6FFF90EDBCFE6FF010EE66E2B
:1057F000FEEC2FF002E2E16AE552E16E145093D321
:105800007ADBE652E652E652020EDB6A4BEC30F0EF
:10581000300EEF6EDE52010EDD6EDF6A040EDF5CCD
:1058200020E2320EDF24B0DB380819E1020EDB2A59
:10583000DB50300FE66E4BEC30F0E552E750EF6E88
:1058400063DB2C0EEF6E020EDF14E8407F0B410F7E
:105850008FEC30F0010EDF14310F8FEC30F0DF2AC7
:10586000DDD7010EDB50AAEC30F0EF6AE552E552CD
:10587000E55259D340DB080EE12402E3E168E65229
:10588000E16E010EE76EFA0EDBCF18F0FB0E65DB62
:10589000FA0EDBCFE6FFFB0E7BDBDE6E17C0DDFF13
:1058A000010EE76EF80EDBCF18F0F90E56DBF80E9E
:1058B000DBCFE6FFF90E6CDB020E14C0DBFF030E3C
:1058C00017C0DBFF020EDBCF20F0030EDBCF21F091
:1058D000226A236A21AE02D022682368FC0EDBCF45
:1058E0001CF0FD0EDBCF1DF01E6A1F6A1DAE02D03C
:1058F0001E681F68DECF18F0DDCF19F01A6A1B6A28
:1059000019AE02D01A681B6818C006F019C007F05B
:105910001AC008F01BC009F01CC00BF01DC00CF031
:105920001EC00DF01FC00EF072EC4EF002500001D0
:105930002024146E03502120156E04502220166E70
:1059400005502320176E6DDB060E16C0DBFF070E19
:1059500017C0DBFF040EDBCF06F0050EDBCF07F030
:10596000060EDBCF08F0070EDBCF09F0640E0B6EDE
:105970000C6A0D6A0E6AA2EC41F0080EE15C02E2CC
:10598000E16AE552E16ECFD2B6DA0E0EE12402E30F
:10599000E168E652E16ED950FC0FE96EFF0EDA20A5
:1059A000EA6EEE50ED1005E10A0EDB6A0B0EDB6AC3
:1059B000B6D0DE6ADD6A020EDB6A030EDB6A0A0E0F
:1059C000146E156AFC0EDBCF08F0FD0EDBCF09F07C
:1059D00014C00DF015C00EF042EC50F0060E08C0D9
:1059E000DBFF070E09C0DBFFFC0EDBCF16F0FD0E60
:1059F000DBCF17F00A0E68DB165C146E07501758E1
:105A0000156E0FDBD950040F96DBEE50ED103DE123
:105A10008CDB27DB1C6E1D6AE66E1DC0E6FF010EE7
:105A2000E76E080EDBCF1AF0090EDBCF1BF0E75054
:105A30001A26000E1B221AC0E6FF1BC0E6FF85DBFC
:105A4000E552E7CF1DF0E552E7CF1CF0186E196A5A
:105A5000086A010E096E18C00DF019C00EF0D6ECE0
:105A600041F006501C24146E07501D20156E166A56
:105A7000176A15AE02D016681768DADA0C0E16C06F
:105A8000DBFF0D0E17C0DBFF4ED0FC0EDBCF14F09A
:105A9000FD0EDBCF15F00A0E145C000E155803E264
:105AA000DE6ADD6A05D041DBD1D914C0DEFFDD6ED0
:105AB00005DACCD9020E14C0DBFF030E15C0DBFFE4
:105AC000020EDBCF1AF0030EDBCF1BF0DE501A5CA8
:105AD000186EDD501B58196E18C008F0096E040EC0
:105AE000DBCF0DF0050EDBCF0EF003EC42F006C06D
:105AF00016F007C017F0050E1626000E17220A0E24
:105B00000D6E0E6A16C008F017C009F042EC50F096
:105B1000DE500824146EDD500920156E89DA0C0E53
:105B2000DB6A0D0EDB6A0A0EDBCF14F00B0EDBCF47
:105B300015F00C0EDBCF16F00D0EDBCF17F0E0DA10
:105B40000E0EE15C02E2E16AE552E16EECD1D3D9DE
:105B50001D0EE12402E3E168E652E16E010EDF6E04
:105B6000DB6A020EDB6A030EDB6A040EDB6A050EDB
:105B7000DB6A060EDB6A070EDB6A080EDB6A090EBB
:105B8000DB6A0A0EDB6A0B0EDB6A0C0EDB6A0D0E9B
:105B9000DB6A0E0EDB6A0F0EDB6A100EDB6A110E7B
:105BA000DB6A120EDB6A130EDB6A140EDB6A150E5B
:105BB000DB6A160EDB6A170EDB6A180EDB6A190E3B
:105BC000DB6A1A0EDB6A1B0EDB6AFD0EDB50BF0FB1
:105BD000E824146EFC0EDB041424E76E1C0EE7CFE1
:105BE000DBFFFC0EDB0410E1FD0EDB5041080CE195
:105BF00059DA940E9ED9960EA6D9520EF8D94E0EA9
:105C0000C3D9000948E128D0FC0EDB0410E1FD0EE9
:105C1000DB5042080CE146DA9C0E8BD99E0E93D9DC
:105C2000DE0EE5D94F0EB0D9000916E034D0FC0ED7
:105C3000DB50020813E1FD0EDB5041080FE13BDAB7
:105C4000980E77D99A0E7FD98E0ED1D9500E9CD945
:105C5000000921E1B9D91FE3010E20D0FC0EDB5071
:105C6000020820E1FD0EDB5042081CE124DAA00E00
:105C700060D9A20E68D91A0EF36E190EF3CFDBFFAE
:105C8000010EF36E1A0EF3CFDBFF510E7DD9000922
:105C900002E19AD902E2000E01D0010EE76E1B0E5E
:105CA000E7CFDBFF110EDBCF14F0120EDBCF15F0C8
:105CB000130EDBCF16F0140EDBCF17F014501510B7
:105CC0001610171001E1A5D0FA0EDBCF14F0FB0E71
:105CD000DBCF15F0166A176AFFD8090E06C0DBFF86
:105CE0000A0E07C0DBFF0B0E08C0DBFF0C0E09C05D
:105CF000DBFF1B0EDB5045E06DEC13F0000914E0F8
:105D000056D917EC13F01CDA00090CE050D9E8D989
:105D1000B1DD146E060EE15C02E2E16AE552E16E6D
:105D200014500BD021D915D0190EDBCFE6FF1A0E77
:105D3000DBCFE6FFD5D928DE03DA010E06C0DBFF94
:105D4000020E07C0DBFF030E08C0DBFF040E09C014
:105D5000DBFF0D0EDBCF14F00E0EDBCF15F00F0EB8
:105D6000DBCF16F0100EDBCF17F0D950010FE3D9BF
:105D7000EE50145CEE501558EE501658EE50175871
:105D800001E2F2D8F60EDBCF14F0F70EDBCF15F000
:105D9000F80EDBCF16F0F90EDBCF17F09DD8050E0D
:105DA00006C0DBFF060E07C0DBFF070E08C0DBFFE7
:105DB000080E09C0DBFF1C0EDB50040DF3CFE9FF1A
:105DC000F4CFEAFFC40EE926040EEA22020EE92609
:105DD000000EEA22010EDBCFEEFF020EDBCFEDFF5D
:105DE0001C0EEA6ADB34FE0BEA36E96ED40EE926B5
:105DF000040EEA22050EDBCFEEFF060EDBCFEDFF31
:105E00001C0EDB50EA6ADC0FE96E040EEA22EF6A30
:105E1000DF6ADF50146E1D0EE15C02E2E16AE552BA
:105E2000E16E145080D00B6E010E0C6E0D6A0E6A7E
:105E300006D90D0E06C0DBFF0E0E07C0DBFF0F0EEE
:105E400008C0DBFF100E09C0DBFF12000AD91A6E72
:105E50001B6AE66E1BC0E6FF010EE76E080EDBCF85
:105E600018F0090E0CD9E552E7CF1BF0E552E7CF49
:105E70001AF0166E176A086A010E096E16C00DF048
:105E800017C00EF0D6EC41F006501A24146E0750DD
:105E90001B20156E1200F36E130EF3CFDBFF140EF2
:105EA000DB6A110EDBCF06F0120EDBCF07F0130E0C
:105EB000DBCF08F0140EDBCF09F01200FA0EDBCFB7
:105EC00016F0FB0EDBCF17F0020EFED81624146E70
:105ED00007501720156E120013D9110EDBCF0BF0EF
:105EE000120EDBCF0CF0130EDBCF0DF0140EDBCF58
:105EF0000EF01FEF30F0D9CFE6FFDACFE6FFE1CFAB
:105F0000D9FFE2CFDAFF1200010EDBCFF3FFDB2A6D
:105F1000F350AAEF30F0040EE66EE66A02EC48F0A9
:105F20000FD989EF30F0E552E5CFDAFFE7CFD9FF9F
:105F30001200F36E150EF3CFDBFF020EF36E160E9A
:105F4000F3CFDBFF1200F36E170EF3CFDBFF020E71
:105F5000F36E180EF3CFDBFF120091D8176E166A9E
:105F600016C0E6FFE66E1200D950090FE4D8010E04
:105F7000EECFDBFF020EEECFDBFF030EEECFDBFF3B
:105F8000040EEECFDBFF1200E66EE66AA5EF30F0FE
:105F9000DBCFE6FFDAD8E552E7CF17F0E552E7CFDF
:105FA00016F000011610146E17C015F01200170E2F
:105FB000DBCFE6FF180EDBCFE6FF150EDBCFE6FFEB
:105FC000160EDBCFE6FF1200D950FA0FE96EFF0E76
:105FD000DA20EA6E900ED880EE54010EED541200D5
:105FE000FB0EDBCF14F0FC0EDBCF15F01200F36ECE
:105FF000190EF3CFDBFF1A0EDB6A1200E66E020EFB
:10600000E66E9CEC47F0146E050EE15C1200F36E38
:10601000110EF3CFDBFF1200F36E120EF3CFDBFF96
:106020001200040E14C0DBFF050E15C0DBFF1200CA
:106030000A0E14C0DBFF0B0E15C0DBFF120072EC62
:106040004EF002C006F003C007F004C008F005C01F
:1060500009F0E80E0B6E030E0C6E0D6A0E6A04EF6B
:106060004FF0080E14C0DBFF090E15C0DBFF080E51
:10607000DBCFE6FF090EDBCFE6FFA5EF30F0DBCF8D
:1060800019F0E7501826000E192218C0E6FF19C0B3
:10609000E6FFA5EF30F0FC0EDBCFE9FFFD0EDBCF16
:1060A000EAFF12002C0EB3DF270EB6DF020EF3DE7E
:1060B0002C0E13EF2FF0680EAADF550EADDF010E88
:1060C000EADE900E13EF2FF0086E096A060EDBCFA2
:1060D0000DF0070EDBCF0EF003EC42F0065012007D
:1060E000FA0EDBCFE6FFFB0EDBCFE6FF1200BE159C
:1060F000BE6F826ED9CFE6FFDACFE6FF8BEF2FF0CF
:1061000014C006F015C007F016C008F017C009F05B
:106110001200010E0401BE11BE6F826E1200E66E07
:10612000F3DEE552E750EF6E1200C8DE020E145E99
:10613000000E155A1200E96E000EDA20EA6E120007
:10614000E552E552E552E552120062EC4CF0E552A0
:10615000E5521200E76E9FDFE750E926000EEA22C3
:0261600012002B
:0E616200D9CFE6FFDACFE6FFE1CFD9FFE2CFDB
:10617000DAFF0E0EE12402E3E168E652E16E05016A
:106180002A6B2B6B2C6B2D6B0501160E266F0501F0
:106190003F0E276F0501400E246F0501900E256FFD
:1061A0000501400E286F060E05011E6F1F6B0501CD
:1061B000200E206F030E216F0501200E226F030EAB
:1061C000236F26EC35F0A1DB10E275EC35F06C0E98
:1061D0001426010E1522A1EC35F05BEC35F0020E11
:1061E000DB2A030EF0E3DB2AEED76D0E7CEC35F0F4
:1061F0006C0E7FEC35F004011424F66F000E1520B0
:10620000F76F6F0E7CEC35F06E0E7FEC35F004010D
:106210001424F86F000E1520F96F710E7CEC35F028
:10622000700E7FEC35F004011424FA6F000E152077
:10623000FB6F730E7CEC35F0720E7FEC35F00401D1
:106240001424FC6F000E1520FD6F04012C0ED88065
:10625000F655010EF75504E230EC35F0410E8BDBBC
:106260000401900ED880F855010EF95504E235EC82
:1062700035F0410E80DB0401C80ED880FA55000EBF
:10628000FB5503E2EDDB420E76DB04015E0ED880A7
:10629000FC55010EFD5503E2E8DB420E6CDB750E8A
:1062A00086EC35F0740EFDDAA6DB00011624146EC0
:1062B000000E1720156E060E14C0DBFF070E15C06A
:1062C000DBFF770E86EC35F0760EEBDA94DB1624E6
:1062D000146E000E1720156E080E14C0DBFF090E99
:1062E00015C0DBFF080EDBCF14F0090EDBCF15F075
:1062F000060EDBCF16F0070EDBCF17F01450165C3E
:106300001550175808E2D950080F7CDB04E0D9502B
:10631000060F78DB26E10501300E626F750E636FA4
:10632000646B656B0501E00E666F930E676F040E7C
:10633000686F696BC5DB9EDBA4DBFEE11450E66E83
:10634000750EB5DBBDDB44DB740EC5DA93DB99DB80
:10635000FEE11450E66E770EBEDA3ADB760EA7DB6E
:1063600028D0060EDBCF62F5070EDBCF63F5050103
:10637000646B656BBCDA72EC4EF002C062F503C070
:1063800063F504C064F505C065F5080EDBCF66F55E
:10639000090EDBCF67F50501686B696B7EDB72EC7C
:1063A0004EF002C066F503C067F504C068F505C08D
:1063B00069F50401F26B0401F36B0401F46B040151
:1063C000F56B0401E00EBC6F0401120EBD6F0401F9
:1063D000BA6B04013F0EBB6F0401900EBF6F040146
:1063E000070EBE6F0401800EC16F04017C0EC06FEA
:1063F0000401070EC26FBBC492FFBAC480FFBDC4C4
:1064000093FFBCC481FFBFC494FFBEC482FFC1C45C
:1064100095FFC0C483FF966EE00E7E6E7F6AA40E69
:10642000C06EC16A05016A6B6B6BAC6AAB6AAC8407
:10643000210EAF6EB06AAC98AC8AAB8EAB88750E8D
:10644000E66E49EC4FF0E5524D0EE66E28EC4FF04B
:10645000E552A282A092E66A020E8DDBAAEC4EF013
:10646000E552E552E5525AEC2BF0FDEC3CF0000E03
:10647000E66EE66AE66A94EC2BF0E552E552E552E8
:10648000E5DA43DA37E206DA020E20DAFEE1C40E7C
:10649000E926040E20DB020E19DAFEE1C40EE9261D
:1064A000040EEA22020EE926000E15DB010E0EDABA
:1064B000FEE1D40EE926040E0EDBDC0EE926040E06
:1064C000EA22010EEF6EE6D9010E00DAFEE1E00EDF
:1064D000E926040E00DB010EF9D9FEE1E80EE926FB
:1064E000040EEA22EE6AED6A020EDB2A030EC9E30D
:1064F000DB2AC7D70401F06B0401650EF16FC4C439
:10650000E6FFC5C4E6FF100E49DAC8C4E6FFC9C4F9
:10651000E6FF200E43DACCC4E6FFCDC4E6FF300E22
:106520003DDAD0C4E6FFD1C4E6FF400E37DA0401FD
:10653000FE6BFF6B006B016B0501026B036B046B61
:10654000056B0501066B076B086B096B05010A6B90
:106550000B6B0C6B0D6B05010E6B0F6B106B116BE6
:106560000501126B136B146B156B0501166B176B22
:10657000186B196B05011A6B1B6B1C6B1D6B0501EE
:10658000526B536B0501546B556B0501566B576B82
:106590000501586B596B0501296B58DAB6D901E32F
:1065A0008BD0A3DA090E1502F3CF15F01402F3CF46
:1065B00014F0F45015260D0E3FDA320EE76E020E7F
:1065C000DBCF14F0030E9DD938086FE1020EDBCF4C
:1065D00008F0030EDBCF09F0081801E1095029E0AB
:1065E000020E081801E109501BE0010E081801E134
:1065F00009500DE0085026E1095024E183DAFE0E2F
:10660000EE6E040E6DDA0E0EEE6E050E1AD07ADA0C
:10661000020EEE6E050E64DA120EEE6E050E11D04D
:1066200071DA060EEE6E050E5BDA160EEE6E050ED4
:1066300008D068DA0A0EEE6E050E52DA1A0EEE6E09
:10664000050EED6EE6D9F3D9EBD9F1D9040EDBCF07
:10665000DEFFDBCFDDFF1CDA040EE76E65D90CE24E
:1066600023D976D902E09ED9FEE1D3D98ED9D1D9EA
:106670006DDAF1E3DB2AEFD7040EE76E9AD908DA78
:10668000080EE76E040E50D910E20ED9040E185E03
:10669000000E195A5DD902E085D9FEE1C1D975D93C
:1066A000BFD954DAECE3DB2AEAD7020EDB2A030E69
:1066B00001E274D7DB2A72D7C9D927D901E3D7D031
:1066C000E9D8020E03D9FEE1C6D9B1D9E3D8020E4A
:1066D000FDD8FEE155D9ABD9060E086E096A020E47
:1066E000DBCF0DF0030EDBCF0EF003EC42F006C063
:1066F00014F007C015F0360E9FD9010E0EDAFF0810
:1067000038E171D9FF0835E1D950020F7BD90BE090
:10671000D950020FE96E000EDA20EA6E020EEE1872
:1067200014E1ED5012E1B6D8020ED0D8FEE193D9B3
:10673000170EEE6E180EF8D9C9D8FEE121D90B0E4E
:10674000EE6EC00EEE6E020E11D0A4D8020EBED8B0
:10675000FEE181D95B0EEE6E260EE6D9B7D8FEE1DA
:106760000FD9CA0EEE6E370EEE6E0A0EEE6EEE6AA0
:1067700077D0010EE76E040EDBCF18F0050EDBCFED
:1067800019F0E7501826000E192218C0E6FF19C0AC
:10679000E6FFE0D9080E1F0B02E004D9FEE1D1D9D3
:1067A00016C0E6FF17C0E6FF1ED925D9DDD81A6E40
:1067B0001B6A1C6A1D6AE85014261B5015221C50C7
:1067C00016221D50172266D8020E80D8FEE143D94A
:1067D000A2D860D8020E7AD8FEE1D2D828D9020E0B
:1067E000E76E040EE6D854D9050EE76E040E9CD869
:1067F00018E25AD8020E185E000E195AA9D802E003
:10680000D1D8FEE147D8020E61D8FEE1B9D8BDD893
:1068100041D8020E5BD8FEE1B3D898D9E4E3DB2A75
:10682000E2D7050E7AD900091BE134D8020E4ED802
:10683000FEE1A6D8EECF14F0EECF15F0EECF16F0B5
:10684000EFCF17F0000E146C151E1522161E16221F
:10685000171E17221FD8020E39D8FEE191D85BD837
:10686000020EDB2A030E01E228D7DB2A26D7310EDF
:10687000E66EE66A20D90401C36F0E0EE15C02E207
:10688000E16AE552E16EE552E5CFDAFFE7CFD9FFE5
:1068900012001200020EDBCFE9FF030EDBCFEAFF8E
:1068A000120069D95BEF35F0DECFE6FFDDCFE6FF02
:1068B00051D9DECF1AF0DDCF1BF0040EDB501A5C8D
:1068C000186E050EDB501B58196E1200D890E93671
:1068D000EA36E8061200EBD866C514F067C515F075
:1068E00068C516F069C517F0D8D804EF4FF038D94D
:1068F00062C506F063C507F064C508F065C509F018
:10690000120018D91ED95BEF35F0EFD8040E145CD5
:10691000000E1558120014C0EEFF15C0EEFF16C091
:10692000EEFF17C0EEFF1200DBCF16F0050EDBCF37
:1069300017F0E7501626000E17221650145C175059
:1069400015581200E96EDACFEAFF000EEA221200B3
:10695000080E086E096A18C00DF019C00EF003EC9D
:1069600042F006501F0B1200E552E7CF15F0E5523A
:10697000E7CF14F01200E66E69EC10F0E552F7D0A4
:10698000420EE926050EEA221200EE501426EE50C1
:106990001522EE501622EE5017221200E66E94ECED
:1069A0002BF0E5D0D8901436153616361736E80693
:1069B0001200DBCF14F0050EBDD814C0DEFF15C0E9
:1069C000DDFF1200156E146A14C0E6FFE66E1200B9
:1069D00006C014F007C015F008C016F009C017F083
:1069E0000650E66E1200040EDBCFE6FF050EDBCF8D
:1069F000E6FF5BEF35F0E552E7CF17F0E552E7CF62
:106A000016F01200E96E000EDA20EA6EEE50ED107C
:106A100012000A0EDBCFE9FF0B0EDBCFEAFF1200FC
:106A20000C0EDBCFE9FF0D0EDBCFEAFF1200EE6AA2
:106A3000EE6AEE6AEE6A12001426000E1522040EAB
:106A400014C0DBFF050E15C0DBFF1200020EDB6A6F
:106A5000030EDB6A1200320EE926050EEA2212004E
:106A60002C0E89D8310EE66E1200900E84D8320EAC
:106A7000E66E120007C015F0146A166A176A080E4F
:106A80001200D8901732163215321432E80612006E
:106A9000DECF14F0DDCF15F0120062D866C506F027
:106AA00067C507F068C508F069C509F0120063D82A
:106AB0004AEC4CF05CD062EC4CF0E552E55212002E
:106AC00062C514F063C515F064C516F065C517F00E
:106AD0000EDF04EF4FF0EA22EE6AED6A4AEF34F07F
:106AE000ED6ED9500C0FA2EF34F0020EDBCF14F094
:106AF000030EDBCF15F01200D4DEE2EF34F0D1DE6E
:106B0000B4EF34F0D9500A0FA2EF34F0CADE176E9A
:106B1000166A16C0E6FFE66E1200E76E040EDBCFC3
:106B200014F0050E81EF34F0EE6EEE6AEE6AB2DE1E
:106B3000020E1200DBCF15F0E7501426000E1522CE
:106B4000120014C0E6FF15C0E6FF1200E4DEDF2AE3
:106B5000010E1200B0DF146E156A166A176A120071
:106B6000980E0B6E3A0E0C6E0D6A0E6A1200E5520C
:0E6B7000E552E5521200E66E010EE66E1200CE
:026B7E00FDDA3E
:106B80003D0EE12402E3E168E65200DB010EF36E04
:106B9000070EF3CFDBFF080EDB6A090EDB6AC6DAED
:106BA000010EF36E180EF3CFDBFF3ADB1D0EDB6A2E
:106BB0001E0E86DB1F0EF3CFDBFF200EDB6A210EDD
:106BC000DB6A220E7DDB230EF3CFDBFF240E78DBA6
:106BD000250EF3CFDBFF260EDB6A270EDB6A280EBD
:106BE000DB6A290EDB6A2A0EDB6A2B0EDB6A2C0EAF
:106BF000DB6A2D0EDB6A2E0EDB6A2F0EDB6A300E8F
:106C0000DB6A310E5DDB320EF3CFDBFF330EDB6A66
:106C1000340EDB6A350EDB6A360EDB6A370EDB6A52
:106C2000380EDB6A390EDB683A0EDB6A0EDBE8AE43
:106C300002D0E73402D0E750145C60E23A0E0FDB7A
:106C40003A0EF7DA3A0E12DB1D0EDFCFDBFF010E34
:106C5000DB50E76E1E0EE7CFDBFF020EDB50E76E68
:106C60001F0EE7CFDBFF3A0EDB5002080AE1010EF0
:106C7000F36E1A0EF3CFDBFF010EF36E370EF3CF78
:106C8000DBFF3A0EDB50030804E11A0EDB6A370E15
:106C9000DB6AEF0E0401BC15BC6F37DBA2DA24C53A
:106CA000E6FF76EC50F0E55283DA3B0EDB6A31DB2F
:106CB000DBCF16F0176A16BE176829DAFF0809E05D
:106CC000C1DA16BE1768F2DABDDA16BE1768FCDA4A
:106CD000EED73B0EDB6A6CDA6FDA16BE176817DA8E
:106CE000FF0809E069DA16BE1768E0DA65DA16BE51
:106CF0001768EADAF1D73A0EDB2A98D7000E146E3D
:106D00003D0EE15C02E2E16AE552E16E145060D2B0
:106D100034DA2B0EE12402E3E168E65237DA070E9B
:106D2000CFDA080EF3CFDBFF010EF36E090EF3CFBF
:106D3000DBFFFCD9180EDB6A73DA1E0EDB6ADBCFD1
:106D400014F0060EE76E1418E8AE02D0E73402D055
:106D5000E750145C0CE21E0EDBCF14F0156A14BE73
:106D60001568D8D9EE6AED6A1E0EDB2AE8D7220E26
:106D7000DB6A6BDAE8AE02D0E73402D0E750145C8D
:106D800001E3C9D01E0EDB6A1F0EDB6A1D0EDB6A33
:106D9000220E65DA220E4DDA220E68DA09DAE3D91C
:106DA00016BE1768B4D9FF0801E1B2D01E0EDBCFC2
:106DB00014F00A0EE76E1418E8AE02D0E73402D0E1
:106DC000E750145C11E2CFD916BE17686FDACBD941
:106DD00016BE17689CD93FDAC6D916BE176879DA8D
:106DE000EF0402E11F0EDB2A48DAE8AE02D01434C9
:106DF00003D0E750D880145401E379D01E0EDBCFC6
:106E000015F01B0EE76E1518E8AE02D0E73402D07D
:106E1000E750155C6CE2230EDB6A240EDB6AA3D913
:106E200016BE176843DA0401BD89000EE66EE66AF5
:106E3000C6EC4FF0E552E552BDC493FF8150100BF4
:106E40000BE1D7D909E289EC4FF0230EF3CFDBFF3A
:106E5000240EF4CFDBFFF2D743DA050114501E5D98
:106E600015501F593DE2230EDBCF16F0240EDBCF69
:106E700017F005012051165C2151175831E2FDD958
:106E8000E8AE02D0143403D0E750D880145426E280
:106E90001E0EDBCF15F0140EE76E1518E8AE02D00B
:106EA000E73402D0E750155C19E21E0EDBCFE6FF97
:106EB0000A0EE552D880E754090F9DEC50F0F3CF4D
:106EC00016F0F4CF17F0220EDBCF14F0156A14BEC3
:106ED000156820D91650EE121750ED121F0EDB2A3E
:106EE00088D905E3010EF36E1D0EF3CFDBFF1E0EF6
:106EF000DB501B080AE11F0EDB50010B010A8CD985
:106F00001F0EDB50010B010AA6D91E0EDB2A47D744
:106F1000220EDB2A2ED7220EDB6A97D9E8AE02D0EA
:106F2000E73402D0E750145C38E2220EDBCF1AF0CF
:106F30001B6A1ABE1B68D8901A361B36FC0EDB5033
:106F40001A24E96EFD0EDB501B20EA6EEECF18F01E
:106F5000EFCF19F0190E086E096A18C00DF019C0AC
:106F60000EF0D6EC41F006C016F007C017F0640E24
:106F70000D6E0E6A06C008F007C009F07CEC41F007
:106F800008C016F009C017F0220EDBCF14F0156A06
:106F900014BE1568BFD878D9C0D720D902E2E16AFB
:106FA000E55212D902E2E16AE552E16E1450E66A56
:106FB000020EE66E010EDAD8E66A020EE66ED6D84A
:106FC0000DD902E2E16AE552FFD802E2E16AE55238
:106FD000E16E1450220EDB6ADBCF14F0020EE76E76
:106FE0001418E8AE02D0E73402D0E750145C5DE23A
:106FF000E66A020EE66E220EDB2879D94CD9270EFE
:10700000280EDBCF15F0000E800E15161544156AFC
:10701000010B146E250E14C0DBFF260E15C0DBFF1E
:10702000D950250FE96E000EDA20EA6E010EEE1837
:10703000DFE1ED50DDE1270EDBCF16F0280EDBCFD0
:1070400017F0290E2A0E030E1716186A196AEC0E8D
:107050000B6E010ED5D872EC4EF002C016F003C0D4
:1070600017F004C018F005C019F0FE0E165E2A0EC7
:10707000175A040E185A000E195AE80E0B6E030E1A
:10708000BFD8A2EC41F006C016F007C017F008C048
:1070900018F009C019F0220EDB50040F146E156AA7
:1070A00014BE156837D8F0D897D71D0EDB50146E74
:1070B0002B0EE15C02E2E16AE552E16E145088D0E9
:1070C00090D825C5E6FF92EC50F0E552120055D855
:1070D00088D8FD0EDB0403E127C5E6FF02D026C5F4
:1070E000E6FF92EC50F0E55273D047D80401BD8919
:1070F000BCC481FFBDC493FF28C5E6FF92EC50F0ED
:10710000E552100E0401BD11BD6F936E61D0E1D840
:10711000EF501200D89014361536FC0EDB501424B4
:10712000E96EFD0EDB501520EA6E12000A0EDB6AD6
:107130000B0EDB6A0C0EDB6A0D0EDB6A0E0EDB6AD1
:107140000F0EDB6A100EDB6A110EDB6A120EDB6AB1
:10715000130EDB6A140EDB6A150EDB6A160EDB6A91
:10716000170EDB6A1200D5D81E0ED8D0C0D8F3CFC8
:1071700014F0F4CF15F04BEF39F0D9CFE6FFDACFAA
:10718000E6FFE1CFD9FFE2CFDAFF1200E16EDF6A5E
:10719000010EDB6AF36E020EF3CFDBFF030EDB6A38
:1071A000040E8ED8050EF3CFDBFF060EDB6A12004D
:1071B000ACD886DF85EF39F0D9501D0F146E000E64
:1071C000DA20156E3B0EAAD0E16E145097D871D01C
:1071D000E552E5CFDAFFE7CFD9FF12008FD8010ED5
:1071E00068D0EF0E0401BD15BD6FBCC481FF936E66
:1071F000120076D805012251145C23511558120053
:107200000C6E0D6A0E6A16C006F017C007F018C0A3
:1072100008F019C009F01200E66E59DFE5521200BD
:10722000190EDB6A1A0EDB6A1B0EDB6A1C0EDB68AA
:107230001200DB28020BE8407F0BE76E010EE7CF60
:10724000DBFF120066D83B0E69D0DBCF14F0040ED2
:10725000E76E14181200E66E48DFE5521200DB28D4
:10726000040BE840E8403F0BDF6E1200DB28010B07
:10727000E76E020EE7CFDBFF12001E0EDBCF14F02D
:10728000090EE76E1418120016C0EEFF17C0EDFFCE
:10729000220EDB2A1200270EF3CFDBFF280EF4CFDD
:1072A000DBFF290EDB6A2A0EDB6A120030DF0CEFEF
:1072B00039F0E66E9CEC47F0146E050EE15C1200AE
:1072C000DB6A010EF36E120022DFC5DF3B0EDB2A04
:1072D000120014501624E96E15501720EA6E1200A1
:1072E000230EDBCF14F0240EDBCF15F01200E66E78
:1072F0003CEC47F0E552E552E5521200010EE66E15
:10730000E66AE66A020EE66E1200E66AEEDEE55214
:107310001200D9CF14F0DACF15F01200DBCF16F03F
:04732000176A1200D6
:0C73240054DA170EC26E9EACFED7140E99
:1073300079DA9CDAF4DAAADA99DA1B0EC26E9EAC1C
:10734000FED7180E6FDA020EF1DA020E39DA9EDA83
:10735000020EECDA1F0EC26E9EACFED71C0E62DA75
:10736000040EE4DA36D333DA220EE12402E3E168D4
:10737000E652E16ED9CFE6FFDACFE6FFD3DFE55282
:10738000E5520F0EDB6A0E0EDB6A030EF36E0E0E75
:10739000DBCFF4FFF350F45C01E3CAD0D9CF16F091
:1073A000DACF17F069DAEECF14F0EFCF15F0360E22
:1073B0000D6E010E0E6E14C008F015C009F042ECFF
:1073C00050F0080E08C0DBFF090E09C0DBFF080EF5
:1073D000DBCF16F0090EDBCF17F0360E1702F3CF16
:1073E00017F016501726360E1602F3CF16F0F4508B
:1073F0001726D9CF14F0DACF15F03EDA1650EE5C2E
:10740000066E1750EE58076E086A096AE40E0B6E96
:107410000C0E0C6E0D6A0E6A72EC4EF00A0E02C073
:10742000DBFF0B0E03C0DBFF0C0E04C0DBFF0D0EF9
:1074300005C0DBFF0A0EDBCF06F00B0EDBCF07F03B
:107440000C0EDBCF08F00D0EDBCF09F00B6A040E3B
:107450000C6E0D6A0E6A04EC4FF00A0E06C0DBFFDC
:107460000B0E07C0DBFF0C0E08C0DBFF0D0E09C0C2
:10747000DBFF0A0EDBCF08F00B0EDBCF09F0060EA8
:1074800008C0DBFF070E09C0DBFF080EDB50300F22
:1074900094DAABD974D9F3288ADA2C0EEF6E060E83
:1074A000DBCF16F0070EDBCF17F0640E0D6E0E6A01
:1074B00016C008F017C009F042EC50F008C016F0F2
:1074C000300E08247ADA020F90D998D9300E0824A9
:1074D000166E060EDBCF19F0070EDBCF1AF0640E26
:1074E0000D6E0E6A19C008F01AC009F042EC50F097
:1074F00008C019F009C01AF00A0E1902F350165C00
:107500005CDA030F72D9060EDB50300F166E76D997
:107510000A0E1702F350165C50DA040F66D92FD901
:10752000F350050F44DA200EEF6E0E0EDB2A2DD736
:10753000210EDB6A0F0EDB50300F10D9760EEF6E86
:10754000030ED4D93A0EEF6E040ED0D9EF6AE66A74
:10755000D950100FE66E000EDA20E66E40DA6AECC3
:1075600028F0146E050EE15C02E2E16AE552E16E7C
:107570001450000E146E220EE15C02E2E16AE55244
:107580003AD125D9110EE12402E3E168E65286D909
:10759000200EB3D902E2E16AE552D7D902E2E16AEC
:1075A000E552DAD902E2E16AE552DDD902E2E16AA6
:1075B000E552E0D902E2E16AE552E3D902E2E16A8A
:1075C000E552E6D902E2E16AE552B6D902E2E16AA1
:1075D000E55274D902E2E16AE5520DD1F8D8110EF4
:1075E000E12402E3E168E65259D9100E86D902E29D
:1075F000E16AE552AAD902E2E16AE552ADD902E2B6
:10760000E16AE552B0D902E2E16AE552B3D902E299
:10761000E16AE552B6D902E2E16AE552B9D902E27D
:10762000E16AE55289D902E2E16AE55247D902E20C
:10763000E16AE552E0D0CBD8090EE12402E3E1682B
:10764000E652E16EC69A800EE66EE66A2FD9880E83
:10765000F36E020EF3CFDBFFFD0EDBCF14F0FF0E57
:1076600014180401C015E76E030EE7CFDBFFFD0E13
:10767000DB50C011E76E040EE7CFDBFFA2D9A8EC08
:107680004FF0E5529EA6FED727D92BD9FEE187D928
:10769000DE52010EDD6E080EF36E010EDBCFF4FF3D
:1076A000F350F45C2BE2C9D8010EDB38F00BE55245
:1076B000E724DF6EDFCFE6FFA8EC4FF0E5529EA691
:1076C000FED70AD90ED9FEE164D8D890153214320B
:1076D000E804FBE1BCD8FB0EDBCF14F0FC0EDBCFE3
:1076E00015F0010EDB04020D1450F324E96E155061
:1076F000F420EA6EEAD8010EDB2ACDD79ED8A8EC9A
:107700004FF0E5529EA6FED7E7D8EBD8FEE141D870
:10771000D89015321432E804FBE199D80E0EE76ECA
:10772000FB0EDBCFE9FFFC0E61D9CFD8040EDB5096
:10773000836EC69AE66A020EE66EB8D8146E090E1B
:10774000E15C02E2E16AE55256D0DBCFE6FF47D9C1
:107750008CEC26F0146E050EE15C1200E66EFA0E5B
:10776000DBCFE9FFFB0EDBCFEAFFE552E750EF6E20
:10777000010EBCD87C0EEF6E020E76EF3CF0D950B5
:10778000100F146E000EDA20156E0E0EDB50060D73
:107790001200F00E1416166A02D9E66ED950070FC1
:1077A000E96E000EDA20EA6EE552E750EE6EED6A01
:1077B000070EDBCF14F0080EDBCF15F0040E12001D
:1077C000E76EADD8E750E926000EEA221200D9CFC5
:1077D000E6FFDACFE6FFE1CFD9FFE2CFDAFF120012
:1077E000E16E14502C0EE66E12000F01E0D8E55247
:1077F000E750EF6E1200E16E1450EBD0060EDBCFB7
:1078000017F0070EDBCF18F00A0E0D6E0E6A17C0C8
:1078100008F018C009F042EC50F008C017F009C099
:1078200018F01200C26EC450176E166AC3501624A8
:10783000146E000E1720156E1200040EDB50836EBE
:10784000030EE66E92EC50F0E552E1EF3CF00F0EC5
:107850001416000E1516D950050FE96E000EDA2029
:10786000EA6E1450EE261550ED22120058D814C0BE
:10787000EEFF15C0EDFF12000E0EDB50020DD950C9
:10788000F324E96EDA50F420EA6E1200EECF14F021
:10789000EFCF15F0D890143615361200E16ED9509E
:1078A000010FE66E000EDA20E66E1200010EE66EA3
:1078B000AAEC4EF0E552E552E5521200E16E14508A
:1078C000000E146E110EE15C1200050EDBCFEEFF10
:1078D000060EDBCFEDFF1200C950146E156A040EC0
:1078E0001200D89014361536E8041200E76EFA0E2E
:1078F000DBCFE9FFFB0EF6EF3CF0E66E9CDEE552D7
:10790000E552E552DF6A300EDF2428DFEF6A2C0EE5
:10791000E66E010EDBCFE6FF020EA5EF3BF0FC0E9C
:10792000DBCFE9FFFD0EDBCFEAFF120049DF14C019
:10793000EEFF15C0EDFF1200E16E1450E66A0F0E67
:10794000DBCFE6FF100EA5EF3BF04ADF030EDBCFE7
:10795000E6FF040EA5EF3BF043DF050EDBCFE6FFAD
:10796000060EA5EF3BF03CDF070EDBCFE6FF080E6F
:10797000A5EF3BF035DF090EDBCFE6FF0A0EA5EFE2
:107980003BF02EDF0B0EDBCFE6FF0C0EA5EF3BF03E
:1079900027DF0D0EDBCFE6FF0E0EA5EF3BF0050E49
:1079A00014C0DBFF060E15C0DBFF2BEF50F01424D4
:1079B000E96E000E1520EA6E1200E66EE0DEF3506E
:1079C0001200030EDB50836E9E96020EDBCFE6FFA5
:1079D0001200E552E5CFDAFFE7CFD9FF1200FA0E29
:1079E000DBCFE6FFFB0EDBCFE6FF1200DBCFEAFFCB
:0A79F000E750E926000EEA2212001B
:0679FA008ADAE652E652B3
:107A0000E652400E0401C011C06F836EC8DAE70E63
:107A1000DF6EDE52FD0EDD6EDF0EBC15BC6F816EBB
:107A2000DFCFE6FFA8EC4FF0E552010EDBCFE6FF1B
:107A3000A8EC4FF0E552B3DAE552E552E55292D2A6
:107A400067DA0F0EE12402E3E168E652E16E0D0E03
:107A5000DB6A0E0EDB6AFC0EDB50310854E1FD0ED2
:107A6000DB50420823E1B0DA060EEE6E050E9DDA19
:107A7000160EEE6E050EED6E0B0EECC4DBFF0C0E5B
:107A8000EDC4DBFF020EDF6E270E2BDA0BE0AE0E2D
:107A900091DAAC0E07DA30E0AE0E8CDAAC0EFAD921
:107AA00028E225D0040EE66E020E2BD0FD0EDB5030
:107AB000410829E189DAFE0EEE6E040E76DA0E0E2A
:107AC000EE6E050EED6E0B0EE8C4DBFF0C0EE9C486
:107AD000DBFFDF6A150E05DA11E0A60E6BDAA40EE5
:107AE000E1D90AE0A60E66DAA40ED4D902E2E16A70
:107AF000E552E16E145006D0FCD905D0780EE66E42
:107B0000010E0FDADED9FC0EDB50320855E1FD0E16
:107B1000DB50410823E158DA020EEE6E050E45DA1D
:107B2000120EEE6E050EED6E0B0EEAC4DBFF0C0EB0
:107B3000EBC4DBFF010EDF6E1E0ED3D90BE0AA0EE5
:107B400039DAA80EAFD931E0AA0E34DAA80EA2D9DC
:107B500029E226D0B40EE66E010E2CD0FD0EDB50CD
:107B600042082AE131DA0A0EEE6E050E1EDA1A0E0E
:107B7000EE6E050EED6E0B0EEEC4DBFF0C0EEFC4C9
:107B8000DBFF030EDF6E300EACD911E0B20E12DA5D
:107B9000B00E88D90AE0B20E0DDAB00E7BD902E23F
:107BA000E16AE552E16E145006D0A3D905D0400E2B
:107BB000E66E020EB6D985D9DBD9D880300EEE54E8
:107BC000750EEE54000EEE54000EEE5401E399D003
:107BD000CC503208FDE30B0EDBCF18F00C0EDBCFE0
:107BE00019F01A6A1B6A19AE02D01A681B68030ED4
:107BF000DBCFE9FF040EABD914C006F015C007F0C7
:107C000016C008F017C009F018C00BF019C00CF02E
:107C10001AC00DF01BC00EF072EC4EF0070E02C041
:107C2000DBFF080E03C0DBFF090E04C0DBFF0A0EFA
:107C300005C0DBFFCC503208FDE3070EDBCF06F0BA
:107C4000080EDBCF07F0090EDBCF08F00A0EDBCF02
:107C500009F0100E0B6E270E0C6E0D6A0E6A04EC06
:107C60004FF02FD9020EDBCFE6FFE66A62EC4CF054
:107C7000E552E552E76E010EE7CFDBFFDB500FE088
:107C8000050EDBCFE9FF060E62D972D9EE5014263D
:107C9000EE501522EE501622EE5017221DD04AD972
:107CA00097D96DD926E2070EDBCF18F0080EDBCF8F
:107CB00019F0090EDBCF1AF00A0EDBCF1BF088D9C2
:107CC000EE50185C146EEE501958156EEE501A589E
:107CD000166EEE501B58176E070E14C0DBFF080E11
:107CE00015C0DBFF090E16C0DBFF0A0E17C0DBFF55
:107CF00008D0070EDB6A080EDB6A090EDB6A0A0E83
:107D0000DB6A18D9D950F80FE96EFF0EDA20EA6E57
:107D100036D91BE3F80EDBCF14F0F90EDBCF15F0EC
:107D2000FA0EDBCF16F0FB0EDBCF17F021D9EE50A9
:107D3000145C0001606FEE501558616FEE501658DC
:107D4000626FEE501758636F05D00001606B616B76
:107D5000626B636BCC501408FDE360C064F061C0DB
:107D600065F062C066F063C067F0D30E0B6E250E3F
:107D70000C6E0D6A0E6A60C006F061C007F062C04A
:107D800008F063C009F072EC4EF004C066F005C064
:107D900067F0CC501408FDE30001646B656BCC50B8
:107DA0001408FDE3080E1F0B03E00001F1D8FEE10B
:107DB000CC501408FDE3080E1F0B03E00001E8D8C7
:107DC000FEE10D0E64C0DBFF0E0E65C0DBFF0D0E85
:107DD000DBCF14F00E0EDBCF15F014C0F3FF15C08F
:107DE000F4FF0F0EE15C02E2E16AE552E16EBAD007
:107DF0008FD874D8FC0EDBCFE9FFFD0EDBCFEAFF96
:107E0000EF38F00B00016E6F6F6BDF0E0401BC15D5
:107E1000BC6F816E6EC0E6FFA8EC4FF0E5526FC0FC
:107E2000E6FFA8EC4FF0E55259D8BF0E0401C0158B
:107E3000C06F836EC3D8400E0401C011C06F836E43
:107E400083AEFED7BBD84AD8DF0E0401BC15BC6F89
:107E5000816E2BEC50F00001686F2BEC50F00001AC
:107E6000696F9DD8000168516C6F6D6B69516A6FC5
:107E70006B6BCC503208FDE300016CC06DF06C6B95
:107E80006A516C256A6F6B516D216B6F6AC0F3FF8D
:107E9000F46E68D08FD8A3D83AEC2CF0146E060E8E
:107EA000E15C120087D817EC13F0E552E552E55279
:107EB000E55200091200E96EDACFEAFF000EEA226D
:107EC0001200070E06C0DBFF080E07C0DBFF090E1D
:107ED00008C0DBFF0A0E09C0DBFF120060D8DEEF2E
:107EE0003FF0F36E020EF3CFDBFF6DEC13F00009F1
:107EF0001200310EF36E070EF3CFDBFF750EF36E3B
:107F0000080EF3CFDBFF090EDB6A0A0EDB6A1200F4
:107F1000D9CFE6FFDACFE6FFE1CFD9FFE2CFDAFF34
:107F20001200E66E5CD8C4EC2CF0E552E552E55246
:107F3000E5521200070EDBCF14F0080EDBCF15F070
:107F4000090EDBCF16F00A0EDBCF17F01200DBCFE5
:107F5000EAFFEECF14F0EECF15F0EECF16F0EFCF34
:107F600017F01200E552E5CFDAFFE7CFD9FF120094
:107F7000D950070FE96E000EDA20EA6E1200145095
:107F8000EE5C1550EE581650EE581750EE58120091
:107F9000D8906733663365336433E8061200200EE9
:107FA0000401BC11BC6F816E1200ED6ED950050F3B
:107FB0005BEF3FF0E66E020EE66E1200010EE66E1B
:107FC00092EC50F0E5521200D950030F5BEF3FF0F6
:107FD000050EDBCFE9FF060EDBCFEAFF12000B0E2A
:0C7FE000DBCFE6FF0C0EDBCFE6FF12004B
:047FEC00019E08D01A
:107FF000019E09AE05D0086C091EE86A0922018EAF
:1080000009C003F008C002F0136A126A8E0E046EF3
:10801000056A6CEF42F00F7E016AA8EC42F0C0ECFA
:1080200042F001B650EF42F001A20AD001AA03D0FB
:1080300001BE50EF42F001A45CEF42F059EF42F074
:1080400001AA05D001AC5CEF42F059EF42F001A06B
:108050000AD001A808D001BE04D001A402D065EF67
:1080600042F069EF42F0126A056A0F500A5C116E25
:1080700010E307C013F008C002F009C003F00AC003
:1080800010F00CC007F00DC008F00EC009F0013A66
:1080900009D00CC013F00DC002F00EC003F00FC0E9
:1080A00010F0116C019E01BC018E10C004F001B0F3
:1080B00098EF42F01A0E116098EF42F0046A0A6AD3
:1080C00001A408D0076C081E091E0A1EE86A0822CF
:1080D00009220A2201AC08D0136C021E031E041EE2
:1080E000E86A022203220422066A115207E00A34D7
:1080F0000932083207320632112EF9D707501326FB
:1081000008500222095003220A50042206C012F02D
:10811000019E04AE0BD0126C131E021E031E041E21
:10812000E86A1322022203220422018E04A006D050
:10813000D8800332023213321232102A10C004F0F7
:108140006CEF42F0016AA8EC42F0C0EC42F001B6DC
:1081500050EF42F001A205D001BA50EF42F057EFC4
:1081600042F001BA63EF42F001A005D001B850EF30
:1081700042F063EF42F001B857EF42F0056A7F0E1C
:108180000A24046EE86A05220F50045EE86A055A64
:108190001A0E106E0A6A126A136A026A036A0C5097
:1081A000075E0D50085A0E50095A000E0A5A09E788
:1081B0000C5007260D5008220E500922000E0A22EC
:1081C00001D0128AD8900736083609360A36D89078
:1081D0001236133602360336102EE1D70950081036
:1081E0000710D8A4128A6CEF42F0016AA8EC42F0A2
:1081F000C0EC42F001B650EF42F001A205D001B848
:1082000050EF42F057EF42F001AA05D001B050EF15
:1082100042F057EF42F001B002D001A802D063EF64
:1082200042F0056A0F500A24046EE86A05227E0EA9
:10823000045EE86A055A126A136A026A036A0E50FB
:108240000902F4CF03F0F3CF02F00D500902F3500E
:108250001326F4500222000E03220E500802F3509F
:108260001326F4500222000E03220C500902F35090
:108270001226F4501322000E022203220D5008028F
:10828000F3501226F4501322000E022203220E5045
:108290000702F3501226F4501322000E022203228A
:1082A0000C500802F4501226000E13220222032260
:1082B0000D500702F4501226000E13220222032250
:1082C0006CEF42F0006A0EAE68EF41F00E6C001EDB
:1082D00009AE6DEF41F0096C001E84EC50F009BE50
:1082E00077EF41F000AE000C096C056C000C00BE8D
:1082F00074EF41F00188FF0C006A0EAE85EF41F08B
:108300000D6C0E1EE86A0E22001E09AE8DEF41F0C4
:10831000086C091EE86A0922001E42EC50F009BEF2
:108320009DEF41F000AE000C086C091EE86A0922BE
:10833000046C051EE86A0522000C00BE94EF41F0B3
:108340000188FF0C006AE86A0EAEAFEF41F00B6CDB
:108350000C1E0D1E0E1E0C220D220E22001E09AE3A
:10836000BAEF41F0066C071E081E091E07220822FC
:108370000922001E04EC4FF009BED1EF41F000AE1F
:10838000000C066C071E081E091EE86A0722082258
:108390000922026C031E041E051E0322042205226C
:1083A000000C00BEC1EF41F00188FF0C09C013F0C2
:1083B00008C012F008500D02F4CF07F0F3CF06F01A
:1083C00009500E02F4CF09F0F3CF08F00D02F3507C
:1083D0000726F4500822E86A092212500E02F350D0
:1083E0000726F4500822E86A09220EAEFCEF41F09D
:1083F0001250085E1350095A13AE000C0D50085E5F
:108400000E50095A000C08C012F008500D02F4CFAB
:1084100007F0F3CF06F009500E02F4CF09F0F3CFC6
:1084200008F00D02F3500726F4500822E86A0922EA
:1084300012500E02F3500726F4500822E86A09226F
:10844000000C016AA8EC42F001B62BEF42F001A249
:108450000ED001B405D07F0E096EFF0E086E1FD03E
:10846000800E096E086A1BD0096A086A18D001B02C
:10847000FBD78F0E0A60EDD77E0E0A64F5D78E0EFD
:108480000A5C05E0D890093208320A2AF8D701A41C
:1084900006D0086C091EE86A092209AEE5D7120069
:1084A0007F0E0A6EFF0E096E086E076E12007F0EB9
:1084B00001BEFF0E0A6E02D07F0E0A6E800E096E9C
:1084C000086A076AF3D701AE04D0800E0A6E096A03
:1084D000F7D70A6A096AF4D7035002101310121072
:1084E000F8E005BEF0D703BE0CD004500510EBE059
:1084F000D89012361336023603360406D8A0050685
:10850000F2D70550D4E10428D2E012AE11D07F0E8C
:10851000121402E113A00CD0132AE86A02220322EB
:1085200007E3D880033202321332042A0428BFE062
:108530000450C9E013C007F002C008F00334096E0C
:1085400004300A6E09320A9E01BE0A8E56EF42F0CE
:1085500009360A3602E30184017E06E101800A6AD7
:10856000096A086A076A12000A2803E0D8800932FB
:108570001200D890093202E1018212000186120035
:108580000E360F3602E3018C017E06E101880F6A88
:108590000E6A0D6A0C6A12000F2803E0D8800E32B2
:0C85A0001200D8900E32EAE1018A1200AD
:0485AC00ACDAE6520D
:1085B000E652010EDE6EDE6ADE6ADD6ADD52DD52F3
:1085C000040EDB6AFD0EDB50000824E20A0EF36E97
:1085D000FD0E73DA1FE2FD0EDB50F36E040E6DDA52
:1085E00019E2040E73DA0B6E0C6A0D6A0E6AEECF96
:1085F00006F0EECF07F0EECF08F0EFCF09F072EC07
:108600004EF005C0EDFF04C0EDFF03C0EDFF02C05A
:10861000EFFFE1D7DECF06F0DECF07F0DECF08F0C8
:10862000DDCF09F0DD52DD52050EE15C02E2E16AC8
:10863000E552E16E2ED267DADF6A020EDB6A010EC6
:10864000DB6A34DAEE6AEE6AEE6AEE6ADF2A53DA41
:10865000FDE10B0EDF5C62E2DF50F36E010E2DDAFE
:1086600062E2020EDB505FE1010EDB5048DA50E3BC
:10867000010EDB50CAD9EF5039084AE3010EDB5036
:10868000C4D9EF50D00F186E196A1A6A1B6AE66EC9
:1086900019C0E6FF1AC0E6FF1BC0E6FF010EDB5063
:1086A000DF5CFF0FE66E82DFE552E552E7CF1BF09D
:1086B000E552E7CF1AF0E552E7CF19F0E552E7CFE0
:1086C00018F018C00BF019C00CF01AC00DF01BC048
:1086D0000EF072EC4EF002C014F003C015F004C0AE
:1086E00016F005C017F0E2D9EE501426EE50152210
:1086F000EE501622EE501722D9D914C0EEFF15C045
:10870000EEFF16C0EEFF17C0EEFF010EDB2AA4D766
:10871000010EF36E020EF3CFDBFF9ED7010EF36E58
:10872000020EF3CFDBFF020EDB50E552E552E552BD
:10873000B0D180D9E652E652C5D936E1E9D97808F8
:1087400003E0E6D9580830E1020EDF6EDE52010E7A
:10875000DD6EDF50D4D905E3CED9390802E3010E2E
:10876000DB6ADF50E4D9410E145C05E3C4D9460846
:1087700002E3010EDB6ADF50DAD9610E145C05E317
:10878000BAD9660802E3010EDB6ADF2AB4D903E036
:10879000010EDB50DBE0070EDF5C2EE2010EDB504A
:1087A0002BE19BD994D81ED0DF6A010EDB6AA3D9D6
:1087B00011E0010EDB500EE1DF50A1D906E39BD999
:1087C000390803E3010EDB6A03D0DE52010EDD6ED1
:1087D000DF2AEDD7060EDF5C0FE2010EDB500CE165
:1087E0007CD912D8E552E552F4CF15F05FD9F3CF1A
:1087F000EEFF15C0EDFF03D0DE52010EDD6E010E5F
:10880000DB50E552E55245D115D9060EE12402E3CD
:10881000E168E652E16EDF6A25D96DD902E0DF2A10
:10882000FCD7DF04E76E010EE7CFDBFFDF6A050E42
:10883000F36E010E42D932E2DF5061D92AE35BD9EF
:10884000390827E3010EDB50D880DF54E66EB1D83B
:10885000E552F3CF1AF0F4CF1BF04DD9D00F186EBC
:10886000196A086E19C009F0F3CF0DF0F4CF0EF0BD
:1088700003EC42F007C015F0166A176A10D90650CB
:10888000EE261550EE221650EE221750EE22DF2A69
:1088900002D0DF6AE7D82FD9CFE101D0E3D8FFD8E3
:1088A000D880FF0EEE54FF0EEE54000EEE54000E74
:1088B000EE5401E2D7D8020EDBCF14F0030E14D928
:1088C000060EE15C02E2E16AE552E16EE2D0B2D866
:1088D000070EE12402E3E168E652E16EC3D8F2D864
:1088E00051E116D9780803E013D958084BE1020E7C
:1088F000DE6EDD6A91D84AE016D948E1A4D8300E80
:10890000145C06E3B8D8390803E386D8D00F14D036
:108910009AD8410E145C06E3AED8460803E37CD82F
:10892000BF0F09D090D8610E145C0BE3A4D8660881
:1089300008E372D89F0F0A0FE76E060EE7CFDBFF42
:1089400004D0020EDB68030EDB68EDD8D3E1040E21
:10895000DBCF16F0050EDBCF17F0040ED8901636DD
:108960001736E804FBE1060EDB501610146E040EF9
:1089700014C0DBFF050E17C0DBFFDF2A010EBAE3D0
:10898000DB2AB8D7020EDB6A030EDB6ACCD805E11E
:10899000040EDBCF14F0050E04D0020EDBCF14F072
:1089A000030EA2D8070EE15C02E2E16AE552E16E35
:1089B00070D0A9D8010EDE6EDD6A020EDB6AFD0EF4
:1089C000DB50000816E2050EF36EFD0E76D811E2BC
:1089D000FD0EDB50F36E020E70D80BE2020E76D85D
:1089E000EC02F3CFEDFFEF02F3CFEEFFF450ED26F4
:1089F000EFD7DECF14F0DDCF15F014C0F3FF15C0B4
:108A0000F4FFE552E552E55244D0E76E85D8E750D1
:108A1000E926000EEA221200FC0EDBCF14F0FD0E58
:108A2000DBCF15F0DE501424E96EDD501520EA6E20
:108A3000EF501200D9CFE6FFDACFE6FFE1CFD9FF42
:108A4000E2CFDAFF1200FC0EDBCF15F0FD0EDBCF1C
:108A500016F0DE501524E96EDD501620EA6EEFCFD9
:108A600014F01200020EDB6A030EDB6A040EDB6AEE
:108A7000050EDB6A1200FC0EDBCF17F0FD0EDBCF1C
:108A800018F0DE501724E96EDD501820EA6EEF5022
:108A90001200E552E5CFDAFFE7CFD9FF1200D95037
:108AA000020FE96E000EDA20EA6E1200FA0EDBCF3A
:108AB000E9FFFB0EDBCFEAFF1200DBCFF4FFF35040
:108AC000F45C120029D8EF5030081200DB2AD9CF0D
:108AD000E9FFDACFEAFF0A0E1200FC0EDBCFE6FF59
:108AE000FD0EDBCFE6FF1200DBCF15F014C0F3FF65
:108AF00015C0F4FF1200DF5088DFEF50120017D8C6
:108B0000300E145C120096DFE652E652E652120076
:108B1000010E7BDFEF501200FC0EDBCFE9FFFD0EF4
:108B2000DBCFEAFF1200BBDFEE50ED1012006DDF6D
:068B3000EFCF14F012006B
:0A8B360032D924D90E0EEE6E010EA6
:108B4000ED6E1FD9EECFE6FFEFCFE6FFE66A19D94B
:108B500034D9E9CFE6FFEACFE6FFCDEC4DF0166E53
:108B6000050EE15C02E2E16AE552E16E165076D94B
:108B7000EE6AED6A67D9EE6AED6A19D10FD9E6524D
:108B8000DF6A64D9040E26D9FB0EDBCFEFFF53D981
:108B9000040E31D9040E18D943D906E1175015181F
:108BA00003E160D90F0EDF6EDF50E55200D1F6D839
:108BB00037D905E11750151802E10E0E0AD046D933
:108BC000020E08D9EF50E66E0FD9E552E750EF6E6E
:108BD00049D9EDD0E3D80F0EE12402E3E168E65273
:108BE000E16E0B0EDB6A0C0EDB6A0D0EDB6A0E0EFD
:108BF000DB6A16D905E11750151802E1040EB1D051
:108C0000020EDB6A030EDB6A040EDB6A050EDB6A0A
:108C100019D9060EEECFDBFF070EEDCFDBFF1ED915
:108C2000080EEECFDBFF090EEDCFDBFF060EDBCF2C
:108C3000DEFFDBCFDDFF0E0EDB5001E085D0080E3E
:108C4000DB50DF1804E1090EDB50DE52DD1801E1D4
:108C50007BD000D9DE50E924E96EDD50EA20EA6ECF
:108C60000A0EEFCFDBFF8DD8EECF16F0EFCF17F067
:108C7000DECF14F0DDCF15F0010E1426000E152204
:108C800014C008F015C009F016C00DF017C00EF0A2
:108C900042EC50F004C0DEFF05C0DDFF040EDB2A0D
:108CA000050E01E3DB2A0A0EDB50020810E00A0E73
:108CB000DB5006080CE00A0EDB501B0808E00A0E29
:108CC000DB50150804E00A0EDB501A081DE1F80E0F
:108CD000DBCFE9FFF90EDBCFEAFF040EDBCFEEFFBF
:108CE000050EDBCFEDFF0B0EDB6A010EF36E020EFD
:108CF000F3CFDBFF030EDB6A010EF36E0C0EF3CF36
:108D0000DBFF0D0EDB6A97D70C0EDB5094E0020EF2
:108D1000DB2A030E01E3DB2A0D0EDB5009E10A0E0C
:108D2000DB50030801E087D7010EF36E0D0E09D06A
:108D30000B0EDB2ADB50020801E07DD7010EF36E3B
:108D40000E0EF3CFDBFF77D70E0EDB5009E04CD8C9
:108D5000020EDBCFEEFF030EDBCFEDFFF36A02D096
:108D6000030EF36EF46A0F0EE15C02E2E16AE55273
:108D7000E16E1DD013D86ED8E9CFF3FFEACFF4FF30
:108D800016D0FC0EDBCFE9FFFD0EDBCFEAFF1200B1
:108D90006FD8EECF16F0EFCF17F01200D9CFE6FF65
:108DA000DACFE6FFE1CFD9FFE2CFDAFF1200E552DA
:108DB000E5CFDAFFE7CFD9FF1200060E59D8E9CF89
:108DC00014F0EACF15F0120053D804C0EEFF15C01E
:108DD000EDFF12004DD81450EE24E76E1550EE2032
:108DE000EA6EE7CFE9FF1200FA0EDBCFE9FFFB0ED8
:108DF000DBCFEAFF1200CCDF010E1626000E172291
:108E000016C008F017C009F018C00DF019C00EF018
:108E100042EC50F004C014F005C015F0C1EF46F06C
:108E20001DD8EECF14F0EFCF15F0ABDF020EB0DFA0
:108E3000165014181200A5DFEECF18F0EFCF19F07E
:108E4000C1EF46F09EDF020E38EF47F09ADFB5DF44
:108E5000C1EF46F096DF060E38EF47F092DF040EC2
:108E600038EF47F0E8DF020EC6DF020EE4EF46F00F
:088E7000E926000EEA221200BF
:088E78004CD9060EE12402E3CF
:108E8000E168E652E16EFC0EDBCF15F05ED967D9E2
:108E9000FD0EDB0404E1FD0E0401BE15BE6FFD0EE8
:108EA000DB50020804E1FB0E0401BE15BE6FBEC418
:108EB00082FF45D9E66A78D92BEC50F0E76E020EB6
:108EC000E7CFDBFF2BEC50F0E76E030EE7CFDBFFC5
:108ED000020EDBCF16F016C017F0166A030EDB5039
:108EE0001624146E000E1720156E040E14C0DBFF3E
:108EF000050E15C0DBFFFD0EDB0404E1020E0401CC
:108F0000BE11BE6FFD0EDB50020804E1040E040129
:108F1000BE11BE6FBEC482FF040EDBCF14F0050E7F
:108F2000DBCF15F014C0F3FF15C0F4FF060EE15CB3
:108F300002E2E16AE55211D1ECD8E652E652E6527D
:108F4000E652070E0401BE11BE6F826EFD0EDB04F9
:108F500003E1FD0EBE15BE6FFD0EDB50020803E1FE
:108F6000FB0EBE15BE6FBEC482FFCC501408FDE3DD
:108F7000FB0EDBCF14F0FC0EDBCF15F0000E141649
:108F8000E4D8CC501408FDE3EAD8CC501408FDE333
:108F9000F90EFA0EDBCF15F015C014F0156A020EAB
:108FA00014C0DBFFCC501408FDE3F90EDB50E76E74
:108FB000030EE7CFDBFFCC501408FDE3C0D8010E51
:108FC000E66EF2D8020EDFD8030EDDD8070E0401DC
:108FD000BE11BE6F826E040EE15C02E2E16AE552F0
:108FE000BCD0C4D8010E9ED802E2E16AE552E16E1F
:108FF0001450BCD8020E96D802E2E16AE552E16E46
:109000001450120086D8E652E652DE6ADD6ADECFE0
:1090100014F0DDCF15F0FC0EDBCF16F0FD0EDBCF2C
:1090200017F015501718E8AE02D0173404D01650B8
:10903000145C1750155814E2FA0EDBCF14F0FB0E37
:10904000DBCF15F0DE501424E96EDD501520EA6EFA
:10905000EF50E66EA9D8DF2A010ED9E3DB2AD7D775
:10906000E552E5528AD09DD8DBCF78F5FD0EDBCFF7
:1090700079F55ED8040E8BD802E2E16AE55241D060
:1090800090D8DBCF72F5FD0EDBCF73F551D8040E0F
:1090900083D802E2E16AE55234D083D8DBCF76F59B
:1090A000FD0EDBCF77F544D8050E71D802E2E16AF8
:1090B000E55227D076D8DBCF70F5FD0EDBCF71F50A
:1090C00037D8050E69D802E2E16AE5521AD069D8AC
:1090D000DBCF74F5FD0EDBCF75F52AD8060E57D819
:1090E00002E2E16AE5520DD05CD8DBCF6EF5FD0EF1
:1090F000DBCF6FF51DD8060E4FD802E2E16AE552CC
:1091000000D0E16E1450640EE66EFDEC4FF0E552B7
:1091100034D0D9CFE6FFDACFE6FFE1CFD9FFE2CFF7
:10912000DAFF1200E66E08DF146E050EE15C120035
:10913000FC0EDBCFE6FFFD0EDBCFE6FF1200DFCF3C
:10914000E6FF32D8010EC3EF48F0FF0E151615C02A
:1091500014F0156A1450DF6E1200E16E0ED0FB0E93
:10916000DB50E76E010EE7CFDBFF1200040EE66E68
:10917000E66A030EE66EE66A1200E552E5CFDAFF14
:10918000E7CFD9FF1200DBCFE6FFD4EF48F0E66E61
:10919000E66A010E92EF48F0E66EE66A020E92EF82
:1091A00048F0B7DFFC0E1200A8EC4FF0E5521200B9
:1091B000F1D857D9EF6A0DD1EDD8E652E652E65212
:1091C000E652020EDB6A030EDB6ADE6ADD6AFC0E23
:1091D000DBCF14F0FD0EDBCF15F0DE501424E96E6A
:1091E000DD501520EA6EEF50030819E041D9DE503A
:1091F0001624E96EDD501720EA6EEF50146E156AE2
:10920000D950020FE96E000EDA20EA6E1450EE1A01
:109210001550ED1ADF2A010EDAE3DB2AD8D7020E49
:10922000DBCF14F0030EF1D8040EE15C02E2E16A38
:10923000E552E16ECED0AED8060EE12402E3E1683D
:10924000E652E16E040EDB6A050EDB6A010E9BD866
:10925000EFCFDFFF020E97D8010EEFCFDBFF030E3B
:1092600092D8020EEFCFDBFF030ED6D8040EF3CF59
:10927000DBFF050EF4CFDBFF040EDBCF14F0050E91
:10928000C4D8060EE15C02E2E16AE552E16EA1D0CB
:1092900081D8070E78D8EF50230807E1DBD805E323
:1092A000EED87E0802E3EBD801D0000E92D072D83F
:1092B000E652E65294D8F3CFDEFFF4CFDDFF070E7F
:1092C00062D8EF50230812E1C5D810E3D8D87E0841
:1092D0000DE3ACD80B0EAFD8080E65D802E2E16AF8
:1092E000E552E16E1850A2D80B0E0CD09FD8090E93
:1092F000A2D8060E58D802E2E16AE552E16E185093
:1093000095D8090E145E000E155AFA0EDB5014247F
:10931000E96EFB0EDB501520EA6EEF6AE552E5526E
:1093200058D038D8070EE12402E3E168E652E16E36
:10933000030EDB6A040EDB6A52D8050EF3CFDBFFA7
:10934000060EF4CFDBFF7FD8020E145E53D8EFCFAA
:10935000DFFF79D814064ED8010EEFCFDBFF020EE7
:109360005BD8030EF3CFDBFF040EF4CFDBFF030E5D
:10937000DBCF14F0040E49D8070EE15C02E2E16A8B
:10938000E552E16E26D0E76E6CD8E750E926000E74
:10939000EA221200D9CFE6FFDACFE6FFE1CFD9FF0C
:1093A000E2CFDAFF1200E76E63D8E7501626000E10
:1093B000172216C0E6FF17C0E6FFFA0EDBCFE6FF66
:1093C000FB0EDBCFE6FFF5EC4DF0186E060EE15C10
:1093D0001200E552E5CFDAFFE7CFD9FF1200FC0E0D
:1093E000DBCFE6FFFD0EDBCFE6FFE7EC4DF0E5520D
:1093F000E5521200000E155AFC0EDB501424E96EE3
:10940000FD0EDB501520EA6E1200DBCF15F014C004
:10941000F3FF15C0F4FF1200DB6AD9CFE6FFDACF05
:10942000E6FFD0EC4CF0E552E5521200DECF14F02E
:10943000DDCF15F01200145E000E155A14C0E6FFC1
:1094400015C0E6FF1200050EDBCF14F0060EDBCFD1
:1094500015F01200060E97DFEFCF14F0210E145C0A
:109460001200FC0EDBCFE9FFFD0EDBCFEAFF12009E
:10947000FC0EDBCF16F0FD0EDBCF17F01200060E50
:0694800082DFEF50120034
:0A9486005DCFE6FF5ECFE6FF9BEC32
:1094900045F0E552E552140E0F015D25146E010EE4
:1094A0005E21156E14C0E6FFE66E9BEC45F0E552BA
:1094B000E5521200F4D8E150FC0FE96EFF0EE220F5
:1094C000EA6EEE50ED1004E017D908E1ED5006E128
:1094D000C7D816D9BAEC46F0E552E552E9D0DFD844
:1094E000E6520AD928E1ED5026E112D9040EE92608
:1094F000000EEA22EECF14F0EFCF15F009D9020EDC
:10950000E926000EEA22EECF16F0EFCF17F0165044
:10951000141802E1175015180EE0D9CFE6FFDACF84
:10952000E6FF9ED8ADD8ACA2FED7DFCFE6FF14ECA5
:1095300050F0E552DAD7E552BBD0B1D8E652E65248
:10954000E652DAD801E1ED5004E0A2D8EE50ED1079
:1095500036E1DE6ADD6AC2D8F60EDBCF16F0F70E12
:10956000DBCF17F01606000E175A1650145C175072
:10957000155806E2B8D8DF2A010EEDE3DB2AEBD757
:10958000DE6ADD6AABD8F80EDBCF16F0F90E9FD895
:109590000EE2A9D8DFCF14F0DF2A010EDBCF15F0E1
:1095A00001E3DB2A8BD8020EDBCFEFFFEBD7F80EFF
:1095B000DBCF14F0F90EDBCF15F080D8EF6AE5525F
:1095C000E552E55275D06BD8E652E652E652E652C5
:1095D000FA0EDBCFE6FFFB0EDBCFE6FFE7EC4DF04C
:1095E000E552E552020EF3CFDBFF030EF4CFDBFFB3
:1095F00083D801E1ED5004E04BD8EE50ED1029E1A5
:10960000DE6ADD6A6BD8020EDBCF16F0030E5FD880
:1096100020E2FA0EDBCF14F0FB0EDBCF15F0DE50AC
:109620001424E96EDD501520EA6EEF50E66E18D86E
:10963000166E5E510720176E16C0E6FFE66EBEEC92
:1096400045F0E552E552E552DF2A010EDBE3DB2A65
:10965000D9D7040EE15C02E2E16AE552E16E28D05E
:10966000140E086E010E096EFC0EDBCF0DF0FD0E20
:10967000DBCF0EF003EC42F00F015D510624120027
:109680003FD8D7EC45F0E552E552E552E5521200DD
:10969000D950FC0FE96EFF0EDA20EA6E1200D9CF26
:1096A000E6FFDACFE6FFE1CFD9FFE2CFDAFF120023
:1096B000E552E5CFDAFFE7CFD9FF1200FA0EDB5013
:1096C0001424E96EFB0EDB501520EA6E1200DBCF8E
:1096D00017F01650145C175015581200DECF14F016
:1096E000DDCF15F01200D950020FE66E000EDA2021
:1096F000E66EB6DF40EF4BF0CBDF010EEE18120046
:10970000146E5E510720156E14C0E6FFE66E12005F
:0C971000A7DFE96E5E510720EA6E120030
:04971C0038D9070E23
:10972000E12402E3E168E6520FD9000EE66EE66A34
:10973000C9D8E552E552E76E060EE7CFDBFFDB50F6
:1097400038086EE10C0EDE6EDD6A0BD9E4D814E247
:1097500010D9B8D8E552E552E66E12D9E552E75075
:10976000EF6E040EDB2A050E01E3DB2A020EDB2A74
:10977000030EECE3DB2AEAD70501000E6E5D040E52
:109780006F5908E26EC5E6FF6FC5E6FF74EC48F05E
:10979000E552E5520501000E705D040E715908E2B4
:1097A00070C5E6FF71C5E6FF5AEC48F0E552E55298
:1097B0000501000E725D040E735908E272C5E6FFE2
:1097C00073C5E6FF40EC48F0E552E5520501000E96
:1097D000745D040E755908E274C5E6FF75C5E6FFB1
:1097E00067EC48F0E552E5520501000E765D040E87
:1097F000775908E276C5E6FF77C5E6FF4DEC48F0FD
:10980000E552E5520501000E785D040E795908E233
:1098100078C5E6FF79C5E6FF33EC48F0E552E5523E
:10982000070EE15C02E2E16AE552E16E87D0AFD853
:10983000060EE12402E3E168E65286D80C0EDE6EE5
:10984000DD6A380EE66E000EE66EE66A23D8E55253
:10985000E552E55286D85FD813E292D8EF50E66E13
:1098600088D818D8E552E552E552040EDB2A050ED9
:1098700001E3DB2A020EDB2A030EEDE3DB2AEBD742
:10988000000E146E060EE15C02E2E16AE552E16E42
:10989000145054D023D8DB50AA6EDF50A96EFB0EB3
:1098A000DB50A86EA69EA69CA684F29E550EA76EBF
:1098B000AA0EA76EA682F28EA6B2FED7A694E55295
:1098C000E5523CD00BD8A69EA69CDB50AA6EDF507A
:1098D000A96EA680A850E552E55230D058D8E6527D
:1098E000E652FF0EE76EFC0EDBCF14F0E7501416C5
:1098F0001450DF6EFC0EDBCF14F0FD0EDBCF15F045
:10990000000E1416030E151615C014F0156A010E7C
:1099100014C0DBFF1200020EDBCF14F0030EDBCF0E
:1099200015F0DECF16F0DDCF17F0010E1626000E73
:1099300017221650145C175015581200E552E5CF47
:10994000DAFFE7CFD9FF1200E16ED950040FE96EBC
:10995000DACFEAFF000EEA226E0EEE6E050EED6E15
:109960001200010EF36E020EF3CFDBFF030EDB6A73
:109970001200020EDBCFE6FF030EDBCFE6FF120084
:10998000040EDBCFE9FF050EDBCFEAFF1200D9CFD3
:10999000E6FFDACFE6FFE1CFD9FFE2CFDAFF120030
:1099A000D9CFE6FFDACFE6FFE1CFD9FFE2CFDAFF8A
:1099B000E652E652E652DE6ADD6AFC0EDBCFE9FFD4
:1099C000FD0EDBCFEAFF020EEFCFDBFFDB502008FE
:1099D00004E0020EDB50090808E1FC0EDB2ADBCFB5
:1099E000E9FFFD0EEEE3DB2AECD7300E4FD80BE398
:1099F000020EDB50390807E350D855D8FEE1020EBD
:109A0000DB50D00F1CD0410E41D80BE3020EDB50CF
:109A1000460807E342D847D8FEE1020EDB50BF0FED
:109A20000DD0610E33D819E3020EDB50660815E342
:109A300034D839D8FEE1020EDB509F0F0A0F1624EE
:109A4000146E000E172014C0DEFFDD6EFC0EDB2A44
:109A5000DBCFE9FFFD0E0BE309D0DECF14F0DDCF45
:109A600015F014C0F3FF15C0F4FF07D0DB2ADBCFDD
:109A7000EAFF020EEFCFDBFFB8D7E552E552E55221
:109A8000E552E5CFDAFFE7CFD9FF1200F36E020E01
:109A9000DBCFF4FFF350F45C1200DECF16F0DDCF25
:109AA00017F0040E1200D89016361736E80412008C
:109AB000FF0EE3CFEAFFE552FF0EE3CFE9FFE552E9
:109AC000E66AE66AD9CFE6FFDACFE6FFFC0EE124CC
:109AD000D96EFF0EE220DA6EE66AE66AE66A200ECA
:109AE000EF5C06E0090EEF5C03E0EF6603D03FD0C9
:109AF000EE50F5D72D0EEF5C03E1FF0EE32A03D005
:109B00002B0EEF5C01E1EE502F0EEF6424D03A0EE5
:109B1000EF6021D0D890F90EE336FA0EE336FD0E51
:109B2000DECFE3FFFE0EDDCFE3FFD890F90EE33684
:109B3000FA0EE336D890F90EE336FA0EE336FD0E50
:109B4000E350DE26FE0EE350DD22300EEE5CDE2614
:109B5000000EDD22D9D7FF0EE3CFE8FFE85207E081
:109B6000F90EE31EE32AFA0ED8B4E306E31EE5522B
:109B7000E552E552FF0EE3CFDAFFE552FF0EE3CFE9
:109B8000D9FFE552E1CFE9FFE2CFEAFFED52ED5216
:0A9B9000EECFF3FFEFCFF4FF120059
:069B9A00FE0EE3CFE9FF1F
:109BA000FF0EE3CFEAFFE9CFF3FFEACFF4FFFB0EAE
:109BB000E35003E1FC0EE35009E0FB0EE30602E292
:109BC000FC0EE306FD0EE350EE6EF1D71200FE0E22
:109BD000E3CFE9FFFF0EE3CFEAFFF36AF46AEE5248
:109BE00003E0F34AF42AFBD71200D9CFE6FFDACF1D
:109BF000E6FFFA0EE3CFD9FFFB0EE3CFDAFFFC0E50
:109C0000E3CFE9FFFD0EE3CFEAFFE9CFF3FFEACFB1
:109C1000F4FFF80EE35003E1F90EE3500BE0F80E09
:109C2000E30602E2F90EE306DECFEFFFEE66F1D7C0
:109C3000DD52EFD7FF0EE3CFDAFFE552FF0EE3CFA1
:069C4000D9FFE5521200FD
:0A9C46008C0EF66E020EF76E000E93
:109C5000F86E00010900F550816F0900F550826F20
:109C600003E1816701D03DD00900F5507C6F090008
:109C7000F5507D6F0900F5507E6F09000900F55021
:109C8000E96E0900F550EA6E090009000900F55077
:109C90007F6F0900F550806F09000900F6CF83F04F
:109CA000F7CF84F0F8CF85F07CC0F6FF7DC0F7FFDA
:109CB0007EC0F8FF00017F5302E1805307E00900F6
:109CC000F550EE6E7F07F8E28007F9D783C0F6FF04
:109CD00084C0F7FF85C0F8FF00018107000E825B9A
:049CE000BFD71200D8
:0C9CE40006500B02F3CF02F0F4CF03F0A7
:109CF0000C02F3500326000EF420046E06500D02F1
:109D0000F3500426000EF420056E06500E02F350A8
:109D1000052607500B02F3500326F4500422000ED0
:109D2000052207500C02F3500426F4500522075078
:109D30000D02F350052608500B02F3500426F45090
:109D4000052208500C02F350052609500B02F3506F
:049D500005261200D2
:0C9D5400D9CFE6FFDACFE6FFE1CFD9FF60
:109D6000E2CFDAFF3F0EC716C66AFD0EDB50C61201
:109D7000FB0EDB50C712FC0EDB50030A09E0010AA0
:109D800004E0020A06E1C78C04D0C78CC68801D063
:109D9000C688FD0EDB50050A06E0010A06E194863E
:109DA000928A7E9803D0948601D094969488949A4F
:0E9DB000C68AE552E5CFDAFFE7CFD9FF1200F1
:029DBE0032373A
:109DC0002C30372C323032362C4F6C6420616E646C
:109DD000204E657743616C6962726174696F6E00D1
:109DE00076617269616E743D00796561723D006DE6
:109DF0006F6E74683D006461793D0074656C3D0070
:079E0000302C30004E43003E
:089E0800056A046A036A026A9C
:109E1000200EE76ED8900636073608360936023629
:109E20000336043605360B50025C0C5003580D50B7
:109E300004580E50055809E30B50025E0C50035AAB
:109E40000D50045A0E50055A062AE72EE4D7120088
:109E5000D9CFE6FFDACFE6FFE1CFD9FFE2CFDAFFD5
:109E6000FD0EDB50360BB16EB36AB26AA192FD0EE5
:109E7000DBAE02D0A08201D0A092DBA002D0B18ED6
:109E800001D0B19EB180E552E5CFDAFFE7CFD9FF2F
:029E90001200BE
:0E9E9200D9CFE6FFDACFE6FFE1CFD9FFE2CF6E
:109EA000DAFFFD0EDB507E0BCD6EFD0EDBAC02D07B
:109EB000CD8E01D0CD9ECF6ACE6A9E90DBAE02D011
:109EC0009D8001D09D90CD80E552E5CFDAFFE7CFB0
:049ED000D9FF1200A4
:0C9ED400D9CFE6FFDACFE6FFE1CFD9FFDF
:109EE000E2CFDAFFE652F20E0F015F17ABAC03D000
:109EF0005F91ABB05F81ABB45F85ABB25F87AE50B3
:109F0000DF6EDF50E552E552E5CFDAFFE7CFD9FF4C
:029F100012003D
:0E9F1200D9CFE6FFDACFE6FFE1CFD9FFE2CFED
:109F2000DAFFE652E652CE50DF6E010ECFCFDBFFF6
:109F3000DECF14F0DDCF15F014C0F3FF15C0F4FF31
:109F4000E552E552E552E5CFDAFFE7CFD9FF12003F
:109F5000D9CFE6FFDACFE6FFE1CFD9FFE2CFDAFFD4
:109F6000E652C950DF6E9E96C69EFD0EDB50C96E4E
:109F7000C6AE02D0FF0E03D09EA6FED7000EE5525D
:0C9F8000E552E5CFDAFFE7CFD9FF120071
:049F8C00D9CFE6FF44
:109F9000DACFE6FFE1CFD9FFE2CFDAFFE652E652B1
:109FA000FC0EDBCFDEFFDBCFDDFF010EDB50CF6E23
:109FB000DF50CE6EE552E552E552E5CFDAFFE7CF4E
:049FC000D9FF1200B3
:0C9FC400D9CFE6FFDACFE6FFE1CFD9FFEE
:109FD000E2CFDAFFFD0EDB50FB0BCA6ECC6A9E921D
:109FE000FD0EDBAE02D09D8201D09D92CA84E55267
:0A9FF000E5CFDAFFE7CFD9FF12003A
:069FFA00FF0EE3502D6E86
:10A00000EF0E01D0F30EE76EE72E04EF50F00C0ECA
:10A010002C6EE76AE72E0AEF50F02C2E09EF50F075
:08A020002D2E02EF50F012009A
:08A02800D9CFE6FFDACFE6FF15
:10A03000E1CFD9FFE2CFDAFFACAC04D0AC900F0196
:10A040005FB3AC80FD0EDB50AD6EE552E5CFDAFFBD
:06A05000E7CFD9FF12006A
:0AA05600D9CFE6FFDACFE6FFE1CF35
:10A06000D9FFE2CFDAFFE652C950DF6E9E96C96A89
:10A070009EA6FED7C950E552E552E5CFDAFFE7CFFD
:04A08000D9FF1200F2
:0CA08400056A046A100EE76ED8900836DA
:10A090000936043605360D50045C0E50055805E3AC
:10A0A0000D50045E0E50055A082AE72EF0D7120014
:10A0B000600EF36E00EE00F00F0E01D81200EA60A1
:10A0C00002D0EE6AFCD7F350E9601200EE6AFCD7CA
:10A0D0001DEE00F02DEE00F0F86A019C23EC4EF02E
:0CA0E00003EC00F0C3EC17F0FBD71200FB
:04A0EC00FF0EE35030
:10A0F0002D6E1B0E00D001D0200EE76EE72EFED78E
:08A100002D2EFAD700D0120049
:08A10800056A080EE76ED8900D
:10A11000093605360E50055C02E3056E092AE72E66
:04A12000F7D712005B
:0CA12400FF0EE350E84E1200000000D0D7
:0AA1300000D000D0E82EFAD712008C
:06A13A00F36AF46AF32A47
:10A140000F0B05E0D890F336F436E804FBE112007B
:02A150007A058E
:0EA152000001414142420100020001000200F2
:05A160000000000000FA
:020000040030CA
:0100010006F8
:0100020005F8
:010003001EDE
:010005008179
:010006008178
:00000001FF
