:04000000F3EF00F02A
:100008000182E1CF0BF0E2CF0CF0D9CF0DF0DACFBF
:100018000EF0E250076EE1500F6E07C010F00F505F
:100028000001E45D1050E559D8B01DEF00F01FEF56
:1000380000F023EF00F00FC0E4F010C0E5F09EA23E
:1000480028EF00F02AEF00F031EF00F0010ECC2786
:10005800000ECD23CE23CF239E929EAA36EF00F02A
:1000680038EF00F0E9EF00F0E250076EE1500F6E54
:1000780007C010F00F50E45D1050E559D8B047EFB5
:1000880000F049EF00F0DEEF00F00FC0E4F010C020
:10009800E5F0DEEF00F0ABB254EF00F056EF00F001
:1000A8005DEF00F0ABA45BEF00F05DEF00F062EFF6
:1000B80000F0AB980000AB88AB9EAB8E13EC67F0FA
:1000C8000001F46F20EE04F04E50D9264F50DA228A
:1000D800DECF07F0DDCF08F007504E24096E085038
:1000E8004F200A6E060E0924D96E000E0A20DA6E19
:1000F800F4C0DFFF20EE04F04E50D9264F50DA222C
:10010800DECF07F0DDCF08F0010E0724026E000EE7
:100118000820036E4EC0D9FF4FC0DAFFDECF04F0CF
:10012800DDCF05F059EC62F020EE04F04E50D926F0
:100138004F50DA2202C0DEFF03C0DDFF20EE02F0DE
:100148004E50D9264F50DA2210EE04F04E50E126D8
:100158004F50E222DE50E61807E1DE50E618D8A438
:10016800B8EF00F0BAEF00F0DEEF00F020EE02F09A
:100178004E50D9264F50DA22DECF07F0DDCF08F0F7
:10018800010E0724026E000E0820036E4EC0D9FF30
:100198004FC0DAFFDECF04F0DDCF05F059EC62F096
:1001A80020EE02F04E50D9264F50DA2202C0DEFF70
:1001B80003C0DDFFDDEC66F00009D8A4E6EF00F02F
:1001C800E8EF00F04FEF00F09E9A0EC0DAFF0DC086
:1001D800D9FF0CC0E2FF0BC0E1FF019211002BEF29
:0201E8005BF0CA
:101000000030322C30372C323032362C5843382EC8
:101010003130207265666163746F72656420766535
:101020007273696F6E20302E310076617269616E65
:10103000743D006D6F6E74683D00796561723D00AE
:1010400074656C3D006461793D00302C30004E4386
:10105000000049EC0FF017EC67F099EC66F0310EE8
:10106000116E070E126E06EC67F0280E116E060E5A
:10107000126E06EC67F087EC51F0000E0001CC6FA9
:10108000000ECD6F000ECE6F000ECF6F01019C6B76
:101090009B6B0001F36B01019A6B0001F26BF16B2A
:1010A000000E01015C6F000E5D6F000E5E6F000EA2
:1010B0005F6F000E586F000E596F000E5A6F000ED2
:1010C0005B6F000E546F000E556F000E566F000ED2
:1010D000576F000E506F000E516F000E526F000ED2
:1010E000536FD1EF08F0E5EC62F00101FE6FD8908C
:1010F000FE350001DA6FDB6BDB37186A020E176E04
:10110000DAC019F0DBC01AF0010EC7EC5AF0186A09
:10111000020E176E010E0001DA25196E000EDB219A
:101120001A6E020EC7EC5AF0186A020E176E010E04
:1011300054EC5EF017C082F118C083F1186A020EF9
:10114000176E020E54EC5EF017C080F118C081F1EA
:101150000001DA510101821909E10001DB510101AD
:101160008319D8A4B6EF08F0B8EF08F0D1EF08F073
:10117000010E0001DA250101FE6F000E0001DB21E6
:101180000101FF6F8051FE1907E18151FF19D8A4B9
:10119000CCEF08F0CEEF08F0D1EF08F0010E00011F
:1011A000E76F0001E751D8B4D8EF08F0DAEF08F0A4
:1011B00073EF08F04EEC4CF09D0E2B6E010E2C6E72
:1011C0001DEC21F0010E506E4A6A030E4A64EBEFEB
:1011D00008F0EDEF08F0EFEF08F004EF09F04A50E7
:1011E000020D9D0EF324D96E010EF420DA6EDE504E
:1011F000DE10D8A4FEEF08F000EF09F001EF09F0CF
:10120000506A4A2AE5EF08F05050D8B40AEF09F0C6
:101210000CEF09F00EEF09F0B6EC4FF05050D8B4D7
:1012200014EF09F016EF09F0DAEF08F0380E0001BC
:10123000F519D8A41EEF09F020EF09F010EF0AF01D
:101240004A6A030E4A6427EF09F029EF09F02BEFF1
:1012500009F010EF0AF04A50040DF350BE0FD96E9A
:10126000DA6ADE6ADD6A4A50040F4D6E4D0E2B6E4F
:101270006FEC4EF02BC044F02CC045F044C011F090
:1012800045C012F0146A0A0E136E77EC60F011C0BC
:1012900044F012C045F0455009E1040E445CD8A06A
:1012A00054EF09F056EF09F0F5EF09F04A50D8B4C1
:1012B0005CEF09F05EEF09F067EF09F0020E4A18E3
:1012C000D8A465EF09F067EF09F09DEF09F044C07D
:1012D00011F045C012F0136A146A2C0E156E270E19
:1012E000166E020E176E000E186E8BEC61F011C0B8
:1012F0001DF012C01EF013C01FF014C020F0E80E45
:10130000216E030E226E000E236E000E246E02EC80
:101310005EF01DC04CF11EC04DF11FC04EF120C04B
:101320004FF14A50020D380EF324D96E010EF4200D
:10133000DA6E830EDE6E050EDD6E4A04D8B4A3EFBE
:1013400009F0A5EF09F0AEEF09F0030E4A18D8A492
:10135000ACEF09F0AEEF09F0E4EF09F044C011F092
:1013600045C012F0136A146A680E156E550E166E9B
:10137000010E176E000E186E8BEC61F011C01DF09F
:1013800012C01EF013C01FF014C020F0E80E216E32
:10139000030E226E000E236E000E246E02EC5EF031
:1013A0001DC04CF11EC04DF11FC04EF120C04FF1C9
:1013B0004A50020D380EF324D96E010EF420DA6E75
:1013C0006A0EDE6E030EDD6E4A50040DF350BC0F44
:1013D000D96EDA6A4CC1DEFF4DC1DDFF4A50D40F31
:1013E000D96EDA6ADF6A0DEF0AF04A50040DF35045
:1013F000BC0FD96EDA6ADE6ADD6A4A50020D380E19
:10140000F324D96E010EF420DA6EDE6ADD6A4A50EA
:10141000D40FD96EDA6A010EDF6E4A2A21EF09F085
:101420000001E56B000EE46FD09EF28EF28C9D8A77
:10143000800E126E7A0E116E0EEC66F0FA0ECB6E06
:10144000D0C068F1D1C069F1D2C06AF1D3C06BF1EC
:10145000000E0101646F000E656F000E666F000ED6
:10146000676F4EC016F04FC017F0FB0E186EE10EFE
:10147000196E010E1A6E79EC45F016C078F117C09E
:1014800079F1010178517911D8A449EF0AF04BEFB5
:101490000AF04BEF0CF00001FC5109E1090EFB5D75
:1014A000D8A055EF0AF057EF0AF04BEF0CF01E6A88
:1014B000000E1D6E310E1F6E070E206EFBC021F058
:1014C000FCC022F0E1C123F0E2C124F0BDEC54F0F5
:1014D00031C7EFF0310E1A6E070E1B6E83EC63F00E
:1014E0001AC07CF11BC07DF135C749F036C748F002
:1014F000310E116E070E126E20EC61F0476E310E48
:10150000196E070E1A6E000E1B6E030E1C6E9DECFC
:1015100058F0310E1A6E070E1B6EC0EC61F01AC047
:10152000D8F01BC0D9F0E5EC62F0300F4918D8A410
:101530009CEF0AF09EEF0AF04BEF0CF00101B56B47
:101540004750D8B4A6EF0AF0A8EF0AF0E1EF0AF08E
:10155000B50E116E010E126E7CC113F07DC114F038
:10156000166A030E156E000E176EF2EC3CF0B50E07
:10157000116E010E126E49C013F0000E146E3EEC97
:1015800060F0B50E116E010E126E48C013F0000E21
:10159000146E3EEC60F0B50E116E010E126E47C077
:1015A00013F0000E146E3EEC60F0B50E116E010EDD
:1015B000126E230E136E000E146E3EEC60F004EFFC
:1015C0000BF0B50E116E010E126E7CC113F07DC1D1
:1015D00014F0166A030E156E000E176EF2EC3CF056
:1015E000B50E116E010E126E49C013F0000E146E8E
:1015F0003EEC60F0B50E116E010E126E48C013F095
:10160000000E146E3EEC60F001017B6B000E7A6FF1
:101610007F6B000E7E6F1CEF0BF0310E7E25D96EB6
:10162000070E7F21DA6EDF50FE6F7A51FE197A6F56
:101630007B517B6F7E4B7F2B310E7E25D96E070E43
:101640007F21DA6E030EDE18D8A429EF0BF02BEF02
:101650000BF00DEF0BF00001D85101017A1909E1EF
:101660000001D95101017B19D8A439EF0BF03BEFF0
:101670000BF045EF0BF0020E0001EF19D8B443EF69
:101680000BF045EF0BF0ACEF0BF0000EE8CF31F7AD
:10169000310E116E070E126E1A0E136E000E146EBE
:1016A0003EEC60F0310E116E070E126EB50E136E29
:1016B000010E146E000E156EAEEC5DF0310E116E63
:1016C000070E126E000E136E030E146E000E156ED2
:1016D000AEEC5DF0310E116E070E126E030E136E3E
:1016E000000E146E3EEC60F0310E116E070E126E9D
:1016F0000EEC63F011C0D8F012C0D9F0000EE8CFA4
:1017000028F6280E116E060E126E310E136E070E9D
:10171000146E000E156EAEEC5DF0280E116E060E06
:10172000126ED8C013F0D9C014F0FF0E166E1568F3
:10173000000E176EF2EC3CF01E6A010E1D6E280EB4
:101740001F6E060E206EA5EC5EF01E6A010E1D6E69
:10175000B8EC56F04BEF0CF0000EB76F030EB86FFD
:101760005C0EB96F020EBA6F485061EC5AF000017E
:10177000EE6F000EE8CF31F7EE51D8A4C2EF0BF0B8
:10178000C4EF0BF013EF0CF05CC2DFF10101E06B72
:10179000DF0E116E010E126E19EC52F011500001A5
:1017A000ED6FED51D8A4D7EF0BF0D9EF0BF007EFA9
:1017B0000CF0310E116E070E126E060E136E000E37
:1017C000146E3EEC60F0310E116E070E126EB50E07
:1017D000136E010E146E000E156EAEEC5DF0310E40
:1017E000116E070E126E5C0E136E020E146E000E5A
:1017F000156EAEEC5DF0310E116E070E126E030E1B
:10180000136E000E146E3EEC60F03FEF0CF0310EE4
:10181000116E070E126E150E136E000E146E3EEC56
:1018200060F0E3EF0BF0310E116E070E126E1A0E20
:10183000136E000E146E3EEC60F0310E116E070E4A
:10184000126EB50E136E010E146E000E156EAEEC18
:101850005DF0310E116E070E126E000E136E030E48
:10186000146E000E156EAEEC5DF0310E116E070EAB
:10187000126E030E136E000E146E3EEC60F0310E0D
:10188000116E070E126E0EEC63F011C0D8F012C08C
:10189000D9F07EEF0BF00001D405D8A452EF0CF084
:1018A00054EF0CF062EF0CF04D6A4D0E126EB7EC77
:1018B00053F012C05CF113C05DF101015E6B5F6B10
:1018C0006BEF0CF0000E01015C6F000E5D6F000EFF
:1018D0005E6F000E5F6F0001D505D8A472EF0CF0AB
:1018E00074EF0CF083EF0CF0010E4D6E4D0E126E86
:1018F000B7EC53F012C058F113C059F101015A6B03
:101900005B6B8CEF0CF0000E0101586F000E596FED
:10191000000E5A6F000E5B6F0001D605D8A493EF3E
:101920000CF095EF0CF0A4EF0CF0020E4D6E4D0E86
:10193000126EB7EC53F012C054F113C055F101010F
:10194000566B576BADEF0CF0000E0101546F000E9B
:10195000556F000E566F000E576F0001D705D8A4C3
:10196000B4EF0CF0B6EF0CF0C5EF0CF0030E4D6EBB
:101970004D0E126EB7EC53F012C050F113C051F17E
:101980000101526B536BCEEF0CF0000E0101506F52
:10199000000E516F000E526F000E536FCCC03EF020
:1019A000CDC03FF0CEC040F0CFC041F03EC060F0AF
:1019B0003FC061F040C062F041C063F0190E000109
:1019C000646F000E656F000E666F000E676F3EEC71
:1019D0005FF000016051611162116311D8A4F3EF4F
:1019E0000CF0F5EF0CF0A0EF0DF0F351D8A4FBEFE5
:1019F0000CF0FDEF0CF0A1EF0DF0D4C060F1D5C0FC
:101A000061F1D6C062F1D7C063F1C8EC37F00001D4
:101A1000D405D8A40EEF0DF010EF0DF02CEF0DF063
:101A200001016051D8A417EF0DF019EF0DF02CEF64
:101A30000DF0D0C068F1D1C069F1D2C06AF1D3C055
:101A40006BF13EC064F13FC065F140C066F141C03A
:101A500067F1010E0001F26F0001D505D8A433EF44
:101A60000DF035EF0DF051EF0DF001016151D8A4EB
:101A70003CEF0DF03EEF0DF051EF0DF0D0C068F1EE
:101A8000D1C069F1D2C06AF1D3C06BF13EC064F13C
:101A90003FC065F140C066F141C067F1010E000131
:101AA000F26F0001D605D8A458EF0DF05AEF0DF0F3
:101AB00076EF0DF001016251D8A461EF0DF063EFF4
:101AC0000DF076EF0DF0D0C068F1D1C069F1D2C051
:101AD0006AF1D3C06BF13EC064F13FC065F140C014
:101AE00066F141C067F1010E0001F26F0001D705F8
:101AF000D8A47DEF0DF07FEF0DF09BEF0DF001010D
:101B00006351D8A486EF0DF088EF0DF09BEF0DF038
:101B1000D0C068F1D1C069F1D2C06AF1D3C06BF115
:101B20003EC064F13FC065F140C066F141C067F15D
:101B3000010E0001F26F010E0001F36FA1EF0DF035
:101B4000F36BCCC03EF0CDC03FF0CEC040F0CFC074
:101B500041F03EC060F03FC061F040C062F041C063
:101B600063F0CD0E646F000E656F000E666F000EA1
:101B7000676F3EEC5FF0000160516111621163110B
:101B8000D8A4C5EF0DF0C7EF0DF0DEEF0DF04B045C
:101B9000D8A4CDEF0DF0CFEF0DF0DEEF0DF0F15149
:101BA000D8A4D5EF0DF0D7EF0DF0DFEF0DF0A6ECD8
:101BB00029F0010E0001F16FDFEF0DF0F16BCCC0E9
:101BC0003EF0CDC03FF0CEC040F0CFC041F03EC0AF
:101BD00060F03FC061F040C062F041C063F0FB0EB6
:101BE000646F000E656F000E666F000E676F3EEC4F
:101BF0005FF000016051611162116311D8A403EF1D
:101C00000EF005EF0EF018EF0EF0ABB20AEF0EF08B
:101C10000CEF0EF013EF0EF0ABA411EF0EF013EF7C
:101C20000EF018EF0EF0AB980000AB88AB9EAB8EB9
:101C3000CCC03EF0CDC03FF0CEC040F0CFC041F0B0
:101C40003EC060F03FC061F040C062F041C063F050
:101C5000E80E0001646F030E656F000E666F000EE4
:101C6000676F3EEC5FF0000160516111621163111A
:101C7000D8B43DEF0EF03FEF0EF0E4EF0EF0F05170
:101C8000D8A445EF0EF047EF0EF0E5EF0EF001019E
:101C9000D351D411D511D611D8B451EF0EF053EF62
:101CA0000EF06DEF0EF00001D405D8A45AEF0EF03F
:101CB0005CEF0EF06DEF0EF0310E606F5CC161F005
:101CC0005DC162F05EC163F05FC164F0410E32EC51
:101CD0001CF060C08AF161C08BF10101CB51CC11C5
:101CE000CD11CE11D8B477EF0EF079EF0EF093EF5F
:101CF0000EF00001D505D8A480EF0EF082EF0EF0B3
:101D000093EF0EF0320E606F58C161F059C162F06E
:101D10005AC163F05BC164F0410E32EC1CF060C04C
:101D200088F161C089F10101DB51DC11DD11DE11A7
:101D3000D8B49DEF0EF09FEF0EF0B9EF0EF000015A
:101D4000D605D8A4A6EF0EF0A8EF0EF0B9EF0EF06E
:101D5000310E606F54C161F055C162F056C163F03D
:101D600057C164F0420E32EC1CF060C086F161C0D5
:101D700087F10101C351C411C511C611D8B4C3EF15
:101D80000EF0C5EF0EF0DFEF0EF00001D705D8A47E
:101D9000CCEF0EF0CEEF0EF0DFEF0EF0320E606FF4
:101DA00050C161F051C162F052C163F053C164F09F
:101DB000420E32EC1CF060C084F161C085F1010E6E
:101DC0000001F06FE5EF0EF0F06BCCC03EF0CDC03F
:101DD0003FF0CEC040F0CFC041F068C119F069C1FA
:101DE0001AF06AC11BF06BC11CF064C115F065C12B
:101DF00016F066C117F067C118F0CCC011F0CDC065
:101E000012F0CEC013F0CFC014F032EC57F011C076
:101E100060F012C061F013C062F014C063F068C1DA
:101E200064F069C165F06AC166F06BC167F03EECB1
:101E30005FF000016051611162116311D8A423EFBA
:101E40000FF025EF0FF044EF0FF0F251D8A42BEF75
:101E50000FF02DEF0FF031EF0AF03EC064F13FC0FC
:101E600065F140C066F141C067F172EC25F085C0B4
:101E700068F186C069F187C06AF188C06BF1010E14
:101E80000001F26F31EF0AF0F26B31EF0AF0F3EF7D
:101E900000F0000E0001CC6F000ECD6F000ECE6F73
:101EA000000ECF6F160E0101FA6F3F0EFB6F400E52
:101EB000FD6F900EFC6F400EF96FF66B060EF56F1E
:101EC000030EF46F200EF36F030EF86F200EF76F02
:101ED0000001806B000E7F6F6C0E7F25116E010E6E
:101EE0008021126EC5EC66F000017F4B802B805183
:101EF00009E1040E7F5DD8A080EF0FF082EF0FF0B4
:101F00006CEF0FF0010E126E6C0E116EC5EC66F0E8
:101F10000001606F010E126E6D0E116EC5EC66F061
:101F20000001616F6051E26F61C0E3F0010E126E5B
:101F30006E0E116EC5EC66F00001606F010E126E40
:101F40006F0E116EC5EC66F00001616F6051E06FBD
:101F500061C0E1F0010E126E700E116EC5EC66F0FC
:101F60000001606F010E126E710E116EC5EC66F00D
:101F70000001616F6051DE6F61C0DFF0010E126E13
:101F8000720E116EC5EC66F00001606F010E126EEC
:101F9000730E116EC5EC66F00001616F6051DC6F6D
:101FA00061C0DDF02D0EE25D010EE359D8A0DBEF3C
:101FB0000FF0DDEF0FF0E6EF0FF0310E2F6E010E98
:101FC000316E2C0E306E410E34EC48F0910E000153
:101FD000E05D010EE159D8A0F0EF0FF0F2EF0FF045
:101FE000FBEF0FF0320E2F6E010E316E900E306E41
:101FF000410E34EC48F00001DF5109E1C90EDE5D0D
:10200000D8A005EF10F007EF10F010EF10F0310E30
:102010002F6E010E316E2C0E306E420E34EC48F0F5
:102020005F0E0001DC5D010EDD59D8A01AEF10F043
:102030001CEF10F025EF10F0320E2F6E010E316EF6
:10204000900E306E420E34EC48F0010E126E740E9B
:10205000116EC5EC66F00001606F010E126E750E18
:10206000116EC5EC66F00001616F6051736F61C065
:1020700074F0010E126E760E116EC5EC66F0000162
:10208000606F010E126E770E116EC5EC66F00001E6
:10209000616F6051756F61C076F07551735D7651F7
:1020A0007459D8B056EF10F058EF10F06AEF10F0F6
:1020B00075517611D8B45FEF10F061EF10F06AEF50
:1020C00010F073517411D8A468EF10F06AEF10F09B
:1020D000F3EF10F0300ED06F750ED16F000ED26F8F
:1020E000000ED36FE00E01016C6F930E6D6F040E46
:1020F0006E6F000E6F6F010E2B6E750E2A6ED0C0C4
:102100001DF0D1C01EF0D2C01FF0D3C020F0980E39
:10211000216E3A0E226E000E236E000E246E02EC2B
:102120005EF01EC01DF01FC01EF020C01FF0206A10
:102130001D502C6E76EC64F0010E2B6E740E2A6E20
:10214000D0C01DF0D1C01EF0D2C01FF0D3C020F00F
:10215000980E216E3A0E226E000E236E000E246E33
:1021600002EC5EF01D502C6E76EC64F0010E2B6ECE
:10217000770E2A6E6CC11DF06DC11EF06EC11FF08E
:102180006FC120F0980E216E3A0E226E000E236E63
:10219000000E246E02EC5EF01EC01DF01FC01EF08B
:1021A00020C01FF0206A1D502C6E76EC64F0010EEA
:1021B0002B6E760E2A6E6CC11DF06DC11EF06EC1C5
:1021C0001FF06FC120F0980E216E3A0E226E000EA5
:1021D000236E000E246E02EC5EF01D502C6E76EC29
:1021E00064F023EF11F073C011F074C012F0136AA1
:1021F000146A980E156E3A0E166E000E176E000ECB
:10220000186E8BEC61F011C0D0F012C0D1F013C089
:10221000D2F014C0D3F075C011F076C012F0136A7A
:10222000146A980E156E3A0E166E000E176E000E9A
:10223000186E8BEC61F011C06CF112C06DF113C01F
:102240006EF114C06FF10101996B986B976B966BEF
:10225000E00E0001FA6F120EF96FEC6B3F0EEB6FA0
:10226000900EEA6F070E4C6E800EE96F7C0EF86FD1
:10227000070EE86FEBC092FFECC080FFF9C093FF40
:10228000FAC081FFEAC094FF4CC082FFE9C095FF0D
:10229000F8C083FFE8C096FFE00E7E6E7F6AA40E52
:1022A000C06EC16A01018D6B000E8C6FAC6AAB6AA7
:1022B000AC84210EAF6EB06AAC98AC8AAB8EAB88A2
:1022C000126AB00E116EF7EC66F0126A800E116E93
:1022D000EFEC66F0A282A092010E116E010E126E5A
:1022E000000E03EC60F0B0EC60F037EC64F0196ABB
:1022F000000E186E000EC4EC5FF00001806B000E43
:102300007F6F7F51040DF350BC0FD96EDA6ADE6A1D
:10231000DD6A7F51040DF350BE0FD96EDA6ADE6AB2
:10232000DD6AD8907F35D96E8035DA6E380ED926C1
:10233000010EDA22DE6ADD6A7F51D40FD96EDA6AC5
:10234000010EDF6ED8907F35D96E8035DA6E280E9B
:10235000D926010EDA22DE6ADD6AD8907F35D96E81
:102360008035DA6E300ED926010EDA22DE6ADD6A99
:102370007F4B802B805109E1040E7F5DD8A0C3EF15
:1023800011F0C5EF11F081EF11F04B6A650EF66F99
:10239000BCC018F0BDC019F0100EC4EC5FF0C0C096
:1023A00018F0C1C019F0200EC4EC5FF0C4C018F0E2
:1023B000C5C019F0300EC4EC5FF0C8C018F0C9C039
:1023C00019F0400EC4EC5FF0000E0101D36F000E57
:1023D000D46F000ED56F000ED66F000ECB6F000EBF
:1023E000CC6F000ECD6F000ECE6F000EDB6F000EB7
:1023F000DC6F000EDD6F000EDE6F000EC36F000E8F
:10240000C46F000EC56F000EC66F000ECF6F000EBA
:10241000D06F000ED16F000ED26F000EC76F000E8E
:10242000C86F000EC96F000ECA6F000ED76F000E86
:10243000D86F000ED96F000EDA6F000EBF6F000E5E
:10244000C06F000EC16F000EC26F8B6B000E8A6FE3
:10245000896B000E886F876B000E866F856B000E90
:10246000846F0001F76B806B000E7F6F090E7F0396
:10247000F3CF60F0F4CF61F08003F35061270D0ECD
:1024800060257D6F000E61217E6F320E7F25116EFB
:10249000000E8021126EC5EC66F0380AD8A453EF06
:1024A00012F055EF12F06EEF13F07FEF12F0D30E33
:1024B000776F010E786FCF0E796F010E7A6F9EEFF6
:1024C00012F0CB0E776F010E786FC70E796F010E89
:1024D0007A6F9EEF12F0DB0E776F010E786FD70EDA
:1024E000796F010E7A6F9EEF12F0C30E776F010EB7
:1024F000786FBF0E796F010E7A6F9EEF12F07FC07A
:1025000060F080C061F000016151000AD8B48BEF27
:1025100012F09EEF12F06051000AD8B457EF12F09B
:10252000010AD8B461EF12F0030AD8B46BEF12F0CD
:10253000010AD8B475EF12F09EEF12F077C0D9FF00
:1025400078C0DAFFDE6ADE6ADE6ADD6A79C0D9FF4A
:102550007AC0DAFFDE6ADE6ADE6ADD6A7DC07BF0A1
:102560007EC07CF0FBEF12F077C0D9FF78C0DAFFB5
:10257000DECF60F0DECF61F0DECF62F0DECF63F061
:102580007D517B5D646FD8906437D8906437D89064
:1025900064377BC011F07CC012F0C5EC66F000011E
:1025A000656F65C066F0676B686B696B642BDEEF07
:1025B00012F0D8906637673768376937642FD9EFDC
:1025C00012F0605166256A6F615167216B6F62512D
:1025D00068216C6F635169216D6F77C0D9FF78C036
:1025E000DAFF6AC0DEFF6BC0DEFF6CC0DEFF6DC0CD
:1025F000DEFF7B4B7C2B040E7D25606F000E7E2161
:10260000616F60517B5D61517C59D8A00AEF13F076
:102610000CEF13F0B4EF12F0040E7D257B6F000E6B
:102620007E217C6F5DEF13F079C0D9FF7AC0DAFFAD
:10263000DECF60F0DECF61F0DECF62F0DECF63F0A0
:102640007D51F80DF3CF64F07B51080DF3506425F4
:10265000656FE00E65277BC011F07CC012F0C5EC01
:1026600066F00001666F66C067F0686B696B6A6B45
:10267000652B40EF13F0D8906737683769376A37B2
:10268000652F3BEF13F0605167256B6F6151682137
:102690006C6F625169216D6F63516A216E6F79C0F1
:1026A000D9FF7AC0DAFF6BC0DEFF6CC0DEFF6DC001
:1026B000DEFF6EC0DEFF7B4B7C2B080E7D25606F3E
:1026C000000E7E21616F60517B5D61517C59D8A005
:1026D0006CEF13F06EEF13F014EF13F000017F4B6B
:1026E000802B805109E1040E7F5DD8A07AEF13F0B2
:1026F0007CEF13F036EF12F0806B000E7F6F000E50
:10270000606F010E616FD8907F35D96E8035DA6EBB
:10271000D890D936DA366051D9266151DA22DE6A8C
:10272000DE6ADE6ADD6A100E606F010E616FD8909E
:102730007F35D96E8035DA6ED890D936DA36605169
:10274000D9266151DA22DE6ADE6ADE6ADD6A060EA9
:102750007F03F3CF60F0F4CF61F08003F350612783
:10276000360E60257D6F000E61217E6F010E7D2586
:10277000116E000E7E21126EC5EC66F0FF0AD8A421
:10278000C4EF13F0C6EF13F04CEF14F07DC011F05E
:102790007EC012F0C5EC66F0FF0AD8A4D2EF13F0A9
:1027A000D4EF13F04CEF14F000017F518011D8B436
:1027B000DCEF13F0DEEF13F0E8EF13F0020E7F19F9
:1027C0008011D8A4E6EF13F0E8EF13F01AEF14F03D
:1027D000000E606F010E616FD8907F35D96E803525
:1027E000DA6ED890D936DA366051D9266151DA22BC
:1027F000170EDE6E180EDE6E000EDE6E000EDD6E43
:10280000100E606F010E616FD8907F35D96E8035E4
:10281000DA6ED890D936DA366051D9266151DA228B
:102820000B0EDE6EC00EDE6E020EDE6E000EDD6E74
:102830006AEF15F0000E606F010E616FD8907F3562
:10284000D96E8035DA6ED890D936DA366051D9260D
:102850006151DA225B0EDE6E260EDE6E000EDE6E3B
:10286000000EDD6E100E606F010E616FD8907F3527
:10287000D96E8035DA6ED890D936DA366051D926DD
:102880006151DA22CA0EDE6E370EDE6E0A0EDE6E81
:10289000000EDD6E6AEF15F0010E00017D25116E50
:1028A000000E7E21126EC5EC66F00001606F60C004
:1028B00061F0626B636B646B63C064F062C063F071
:1028C00061C062F0616B7DC011F07EC012F0C5EC9A
:1028D00066F00001656F65516125666F000E62212B
:1028E000676F000E6321686F000E6421696F000E30
:1028F0006A6F010E6B6FD8907F35D96E8035DA6EB6
:10290000D890D936DA366A51D9266B51DA2266C0A8
:10291000DEFF67C0DEFF68C0DEFF69C0DEFF100EAD
:10292000606F010E616FD8907F35D96E8035DA6E99
:10293000D890D936DA366051D9266151DA22DE6A6A
:10294000DE6ADE6ADD6A020E7D257B6F000E7E2167
:102950007C6F0CEF15F0100E606F010E616FD89058
:102960007F35D96E8035DA6ED890D936DA36605137
:10297000D9266151DA22DECF62F0DECF63F0DECFFE
:1029800064F0DECF65F07D51F80DF3CF66F07B513A
:10299000080DF3506625676FF00E67277BC011F0B6
:1029A0007CC012F0C5EC66F00001686F68C069F089
:1029B0006A6B6B6B6C6B672BE3EF14F0D890693725
:1029C0006A376B376C37672FDEEF14F06251692579
:1029D0006D6F63516A216E6F64516B216F6F65512A
:1029E0006C21706F100E716F010E726FD8907F3571
:1029F000D96E8035DA6ED890D936DA367151D9264B
:102A00007251DA226DC0DEFF6EC0DEFF6FC0DEFFE6
:102A100070C0DEFF7B4B7C2B050E7D25606F000EAA
:102A20007E21616F60517B5D61517C59D8A01BEFA5
:102A300015F01DEF15F0ABEF14F0050E7D25116EAE
:102A4000000E7E21126EC5EC66F00009D8A42BEFB3
:102A500015F02DEF15F06AEF15F0100E0001606F04
:102A6000010E616FD8907F35D96E8035DA6ED890BF
:102A7000D936DA366051D9266151DA22DECF62F0DA
:102A8000DECF63F0DECF64F0DECF65F06251000888
:102A9000666F000E6355676F000E6455686F000E19
:102AA0006555696F100E6A6F010E6B6FD8907F3598
:102AB000D96E8035DA6ED890D936DA366A51D92691
:102AC0006B51DA2266C0DEFF67C0DEFF68C0DEFF42
:102AD00069C0DEFF00017F4B802B805109E1040EAD
:102AE0007F5DD8A076EF15F078EF15F07FEF13F04B
:102AF000126A310E116EC5EC66F00001F56F12001E
:102B0000010E0001986F010E9D6F88C0D9FF89C02A
:102B1000DAFF410EDE18D8B490EF15F092EF15F001
:102B20009FEF15F088C0D9FF89C0DAFF420EDE188A
:102B3000D8A49DEF15F09FEF15F05BEF16F020EE97
:102B400001F08851D9268951DA222C0EDE18D8A43A
:102B5000ACEF15F0AEEF15F05BEF16F020EE02F0E3
:102B60008851D9268951DA22310EDE18D8B4BBEF4C
:102B700015F0BDEF15F0CCEF15F020EE02F0885106
:102B8000D9268951DA22320EDE18D8A4CAEF15F000
:102B9000CCEF15F05BEF16F020EE03F08851D9264C
:102BA0008951DA222C0EDE18D8A4D9EF15F0DBEF0C
:102BB00015F05BEF16F020EE04F08851D92689510C
:102BC000DA222B0EDE18D8B4E8EF15F0EAEF15F094
:102BD000F9EF15F020EE04F08851D9268951DA2258
:102BE0002D0EDE18D8A4F7EF15F0F9EF15F05BEF16
:102BF00016F020EE05F08851D9268951DA222C0EE4
:102C0000DE18D8A406EF16F008EF16F05BEF16F00A
:102C1000060E996F1DEF16F099518825D96E000E9A
:102C20008921DA6E99C03DF0FA0E3D263D508C0F99
:102C3000E16EE26ADFCFE7FF992B99518825D96EC3
:102C4000000E8921DA6EDF50D8B429EF16F02BEF91
:102C500016F03AEF16F099518825D96E000E8921A9
:102C6000DA6E2C0EDE18D8A438EF16F03AEF16F014
:102C70000CEF16F099C03DF0FA0E3D263D508C0F3A
:102C8000D96EDA6ADF6A99518825D96E000E8921DA
:102C9000DA6EDF50D8A44FEF16F051EF16F05BEF6D
:102CA00016F0060E9919D8B458EF16F05AEF16F030
:102CB0005BEF16F0986B9851D8A461EF16F063EFB4
:102CC00016F05EEF19F088C0D9FF89C0DAFFDF5037
:102CD000976F20EE02F08851D9268951DA22DF5011
:102CE000966F20EE04F08851D9268951DA22DF5000
:102CF0009A6F8C0E2A6E9B0E2B6E80EC42F00001B8
:102D0000986F410E9719D8A488EF16F08AEF16F045
:102D100037EF17F0310E9619D8A491EF16F093EF14
:102D200016F037EF17F09851D8A499EF16F09BEFF3
:102D300016F037EF17F0D405D8A4A1EF16F0A3EFE3
:102D400016F01AEF17F02B0E9A19D8A4AAEF16F066
:102D5000ACEF16F0DDEF16F09B51BE279C51BF2360
:102D6000BEC0BCF0BFC0BDF0BEC018F0BFC019F0FF
:102D7000000EC4EC5FF08AC0D9FF8BC0DAFF300EC2
:102D8000DF6E000120EE01F08A51D9268B51DA2244
:102D90007C0EDF6E20EE02F08A51D9268B51DA22AA
:102DA000DF6A8AC018F08BC019F0BEC01AF0BFC02D
:102DB0001BF0000E1C6EA7EC34F02D0E00019A19CA
:102DC000D8A4E5EF16F0E7EF16F037EF17F09B51B8
:102DD000BE5F9C51BF5BBEC0BCF0BFC0BDF0BEC0FB
:102DE00018F0BFC019F0000EC4EC5FF08AC0D9FF24
:102DF0008BC0DAFF300EDF6E000120EE01F08A5149
:102E0000D9268B51DA227C0EDF6E20EE02F08A5139
:102E1000D9268B51DA22DF6A8AC018F08BC019F0EC
:102E2000BEC01AF0BFC01BF0000E1C6EA7EC34F041
:102E300037EF17F08AC0D9FF8BC0DAFF300EDF6E94
:102E400020EE01F08A51D9268B51DA227C0EDF6EFA
:102E500020EE02F08A51D9268B51DA224E0EDF6E17
:102E600020EE03F08A51D9268B51DA22DF6A410E17
:102E700000019719D8A43FEF17F041EF17F0EEEFDC
:102E800017F0320E9619D8A448EF17F04AEF17F052
:102E9000EEEF17F09851D8A450EF17F052EF17F05B
:102EA000EEEF17F0D505D8A458EF17F05AEF17F04A
:102EB000D1EF17F02B0E9A19D8A461EF17F063EF3A
:102EC00017F094EF17F09B51C2279C51C323C2C047
:102ED000C0F0C3C0C1F0C2C018F0C3C019F0100EDA
:102EE000C4EC5FF08AC0D9FF8BC0DAFF300EDF6E12
:102EF000000120EE01F08A51D9268B51DA227C0E96
:102F0000DF6E20EE02F08A51D9268B51DA22DF6A79
:102F10008AC018F08BC019F0C2C01AF0C3C01BF0F1
:102F2000000E1C6EA7EC34F02D0E00019A19D8A4E7
:102F30009CEF17F09EEF17F0EEEF17F09B51C25F7A
:102F40009C51C35BC2C0C0F0C3C0C1F0C2C018F086
:102F5000C3C019F0100EC4EC5FF08AC0D9FF8BC05B
:102F6000DAFF300EDF6E000120EE01F08A51D92623
:102F70008B51DA227C0EDF6E20EE02F08A51D926C8
:102F80008B51DA22DF6A8AC018F08BC019F0C2C0F8
:102F90001AF0C3C01BF0000E1C6EA7EC34F0EEEF6D
:102FA00017F08AC0D9FF8BC0DAFF300EDF6E20EE3B
:102FB00001F08A51D9268B51DA227C0EDF6E20EE89
:102FC00002F08A51D9268B51DA224E0EDF6E20EEA6
:102FD00003F08A51D9268B51DA22DF6A420E0001B2
:102FE0009719D8A4F6EF17F0F8EF17F0A5EF18F03F
:102FF000310E9619D8A4FFEF17F001EF18F0A5EFE6
:1030000018F09851D8A407EF18F009EF18F0A5EFC1
:1030100018F0D605D8A40FEF18F011EF18F088EFCC
:1030200018F02B0E9A19D8A418EF18F01AEF18F010
:103030004BEF18F09B51C6279C51C723C6C0C4F064
:10304000C7C0C5F0C6C018F0C7C019F0200EC4EC48
:103050005FF08AC0D9FF8BC0DAFF300EDF6E00014F
:1030600020EE01F08A51D9268B51DA227C0EDF6ED8
:1030700020EE02F08A51D9268B51DA22DF6A8AC00B
:1030800018F08BC019F0C6C01AF0C7C01BF0000EB4
:103090001C6EA7EC34F02D0E00019A19D8A453EF42
:1030A00018F055EF18F0A5EF18F09B51C65F9C5132
:1030B000C75BC6C0C4F0C7C0C5F0C6C018F0C7C063
:1030C00019F0200EC4EC5FF08AC0D9FF8BC0DAFF84
:1030D000300EDF6E000120EE01F08A51D9268B51AF
:1030E000DA227C0EDF6E20EE02F08A51D9268B5157
:1030F000DA22DF6A8AC018F08BC019F0C6C01AF055
:10310000C7C01BF0000E1C6EA7EC34F0A5EF18F042
:103110008AC0D9FF8BC0DAFF300EDF6E20EE01F0DF
:103120008A51D9268B51DA227C0EDF6E20EE02F016
:103130008A51D9268B51DA224E0EDF6E20EE03F033
:103140008A51D9268B51DA22DF6A420E0001971983
:10315000D8A4ADEF18F0AFEF18F08CEF19F0320EE5
:103160009619D8A4B6EF18F0B8EF18F08CEF19F054
:103170009851D8A4BEEF18F0C0EF18F08CEF19F0FA
:10318000D705D8A4C6EF18F0C8EF18F03FEF19F034
:103190002B0E9A19D8A4CFEF18F0D1EF18F002EF48
:1031A00019F09B51CA279C51CB23CAC0C8F0CBC091
:1031B000C9F0CAC018F0CBC019F0300EC4EC5FF0F3
:1031C0008AC0D9FF8BC0DAFF300EDF6E000120EE1F
:1031D00001F08A51D9268B51DA227C0EDF6E20EE67
:1031E00002F08A51D9268B51DA22DF6A8AC018F0A0
:1031F0008BC019F0CAC01AF0CBC01BF0000E1C6EB9
:10320000A7EC34F02D0E00019A19D8A40AEF19F09A
:103210000CEF19F08CEF19F09B51CA5F9C51CB5BFE
:10322000CAC0C8F0CBC0C9F0CAC018F0CBC019F0F2
:10323000300EC4EC5FF08AC0D9FF8BC0DAFF300ECD
:10324000DF6E000120EE01F08A51D9268B51DA227F
:103250007C0EDF6E20EE02F08A51D9268B51DA22E5
:10326000DF6A8AC018F08BC019F0CAC01AF0CBC050
:103270001BF0000E1C6EA7EC34F08CEF19F08AC026
:10328000D9FF8BC0DAFF300EDF6E20EE01F08A51DD
:10329000D9268B51DA227C0EDF6E20EE02F08A51A5
:1032A000D9268B51DA224E0EDF6E20EE03F08A51C2
:1032B000D9268B51DA22DF6A8CEF19F09D51300F3D
:1032C0008AC0D9FF8BC0DAFFDF6E20EE01F08A5191
:1032D000D9268B51DA227C0EDF6E20EE02F08A5165
:1032E000D9268B51DA224E0EDF6E20EE03F08A5182
:1032F000D9268B51DA224F0EDF6E20EE04F08A5170
:10330000D9268B51DA224B0EDF6E20EE05F08A5162
:10331000D9268B51DA22DF6A000E12000001806F7D
:10332000010E00016B6F000E676F000E686F000EDC
:10333000696F000E6A6F000E776F000E786F000ED7
:10334000796F000E7A6F000E6E6F000E6F6F000EB9
:10335000706F000E716F000E816F000E826F000E95
:10336000836F000E846F7C6B000E7B6F7E6B000E94
:103370007D6F726B8051020DF35060257D0F7F6F62
:103380006005D8A4C6EF19F0C8EF19F021EF1AF0C4
:10339000410E8019D8A4CFEF19F0D1EF19F021EF29
:1033A0001AF02C0E816F270E826F020E836F000EB3
:1033B000846F81C011F082C012F083C013F084C00A
:1033C00014F02C0E156E010E166E000E176E000E08
:1033D000186E8BEC61F011C01DF012C01EF013C00E
:1033E0001FF014C020F0E80E216E030E226E000EB6
:1033F000236E000E246E02EC5EF01DC06EF01EC047
:103400006FF01FC070F020C071F0020E00017C6FE1
:10341000940E7B6F020E7E6F960E7D6F126A4E0EBB
:10342000116EC5EC66F00009D8B419EF1AF01CEF64
:103430001AF0010E1DEF1AF0000E0001726F5EEF20
:103440001BF06005D8A427EF1AF029EF1AF082EFDD
:103450001AF0420E8019D8A430EF1AF032EF1AF0A9
:1034600082EF1AF02C0E816F270E826F020E836F8F
:10347000000E846F81C011F082C012F083C013F07F
:1034800084C014F02C0E156E010E166E000E176E11
:10349000000E186E8BEC61F011C01DF012C01EF012
:1034A00013C01FF014C020F0E80E216E030E226E30
:1034B000000E236E000E246E02EC5EF01DC06EF056
:1034C0001EC06FF01FC070F020C071F0020E00012E
:1034D0007C6F9C0E7B6F020E7E6F9E0E7D6F126A5C
:1034E0004F0E116EC5EC66F00009D8B47AEF1AF0F1
:1034F0007DEF1AF0010E7EEF1AF0000E0001726FE0
:103500005EEF1BF0020E6019D8A489EF1AF08BEF62
:103510001AF0F1EF1AF0410E8019D8A492EF1AF0C8
:1035200094EF1AF0F1EF1AF0680E816F550E826F6A
:10353000010E836F000E846F81C011F082C012F003
:1035400083C013F084C014F0900E156E010E166E39
:10355000000E176E000E186E8BEC61F011C01DF09E
:1035600012C01EF013C01FF014C020F0E80E216E30
:10357000030E226E000E236E000E246E02EC5EF02F
:103580001DC06EF01EC06FF01FC070F020C071F043
:10359000020E00017C6F980E7B6F020E7E6F9A0EFA
:1035A0007D6F6C6B126A500E116EC5EC66F00009EF
:1035B000D8A4DDEF1AF0DFEF1AF0EDEF1AF0910E5C
:1035C0000001615D010E6259D8B0E9EF1AF0EBEF2E
:1035D0001AF0EDEF1AF0010E6C6F6CC072F05EEF36
:1035E0001BF0020E6019D8A4F8EF1AF0FAEF1AF0E7
:1035F0005EEF1BF0420E8019D8A401EF1BF003EF21
:103600001BF05EEF1BF0680E816F550E826F010E8E
:10361000836F000E846F81C011F082C012F083C0EE
:1036200013F084C014F0900E156E010E166E000E8D
:10363000176E000E186E8BEC61F011C01DF012C0F9
:103640001EF013C01FF014C020F0E80E216E030E10
:10365000226E000E236E000E246E02EC5EF01DC082
:103660006EF01EC06FF01FC070F020C071F0020E2F
:1036700000017C6FA00E7B6F020E7E6FA20E7D6F2D
:103680006D6B126A510E116EC5EC66F00009D8A47C
:103690004CEF1BF04EEF1BF05CEF1BF0910E0001A6
:1036A000615D010E6259D8B058EF1BF05AEF1BF064
:1036B0005CEF1BF0010E6D6F6DC072F00001815167
:1036C000821183118411D8B468EF1BF06AEF1BF0EC
:1036D00030EF1CF061C011F062C012F0136A146A7E
:1036E00081C015F082C016F083C017F084C018F0B6
:1036F0008BEC61F011C01DF012C01EF013C01FF062
:1037000014C020F0E80E216E030E226E000E236E10
:10371000000E246E02EC5EF01DC077F01EC078F043
:103720001FC079F020C07AF000017251D8B49BEF2D
:103730001BF09DEF1BF0DFEF1BF07BC015F07CC092
:1037400016F07DC017F07EC018F0A2EC5CF0000906
:10375000D8B4ADEF1BF0AFEF1BF0C7EF1BF061C0AB
:103760002BF062C02CF07BC02DF07CC02EF07DC011
:103770002FF07EC030F013EC59F02BC073F02CC04A
:1037800074F02DC075F02EC076F0CFEF1BF077C02F
:1037900073F078C074F079C075F07AC076F00001EB
:1037A00073516E5D74516F597551705976517159DD
:1037B000D8B0DDEF1BF0DFEF1BF0E7EF1BF077C0B9
:1037C00073F078C074F079C075F07AC076F063C099
:1037D00011F064C012F065C013F066C014F081C02F
:1037E00015F082C016F083C017F084C018F08BEC7F
:1037F00061F011C01DF012C01EF013C01FF014C004
:1038000020F0E80E216E030E226E000E236E000ED5
:10381000246E02EC5EF01DC067F01EC068F01FC091
:1038200069F020C06AF000017F51040DF350BE0F13
:10383000D96EDA6A73C0DEFF74C0DDFF7F51020DFE
:10384000380EF324D96E010EF420DA6E67C0DEFF65
:1038500068C0DDFF7F51D40FD96EDA6ADF6A6B6B07
:103860006B5112000001716F310E00016019D8A474
:103870003CEF1CF03EEF1CF0C9EF1CF0420E71193A
:10388000D8A445EF1CF047EF1CF08AEF1CF0DB0ECC
:103890006C6F010E6D6FD70E6F6F010E706F34C1BC
:1038A00072F035C173F0270E6E6F020E166EAC0EFD
:1038B000156E020E186EAE0E176EA2EC5CF00009CB
:1038C000D8B465EF1CF067EF1CF07FEF1CF072C0FE
:1038D0002BF073C02CF0020E2E6EAC0E2D6E020E6D
:1038E000306EAE0E2F6E13EC59F02BC074F02CC05E
:1038F00075F02DC076F02EC077F0C9EF1CF0310EB8
:103900000001746F750E756F000E766F000E776F85
:10391000C9EF1CF0410E7119D8A491EF1CF093EF80
:103920001CF0C9EF1CF0D30E6C6F010E6D6FCF0E43
:103930006F6F010E706F30C172F031C173F0150EF0
:103940006E6F020E166EA40E156E020E186EA60E87
:10395000176EA2EC5CF00009D8B4B1EF1CF0B3EF25
:103960001CF07FEF1CF072C02BF073C02CF0020E25
:103970002E6EA40E2D6E020E306EA60E2F6E13EC60
:1039800059F02BC074F02CC075F02DC076F02EC00D
:1039900077F0320E00016019D8A4D1EF1CF0D3EFFC
:1039A0001CF05EEF1DF0410E7119D8A4DAEF1CF087
:1039B000DCEF1CF01FEF1DF0CB0E6C6F010E6D6F76
:1039C000C70E6F6F010E706F32C172F033C173F0AA
:1039D0001E0E6E6F020E166EA80E156E020E186E7B
:1039E000AA0E176EA2EC5CF00009D8B4FAEF1CF036
:1039F000FCEF1CF014EF1DF072C02BF073C02CF024
:103A0000020E2E6EA80E2D6E020E306EAA0E2F6EB6
:103A100013EC59F02BC074F02CC075F02DC076F06B
:103A20002EC077F05EEF1DF0310E0001746F750E41
:103A3000756F000E766F000E776F5EEF1DF0420E11
:103A40007119D8A426EF1DF028EF1DF05EEF1DF0D0
:103A5000C30E6C6F010E6D6FBF0E6F6F010E706F36
:103A600036C172F037C173F0300E6E6F020E166EF3
:103A7000B00E156E020E186EB20E176EA2EC5CF050
:103A80000009D8B446EF1DF048EF1DF014EF1DF00B
:103A900072C02BF073C02CF0020E2E6EB00E2D6E85
:103AA000020E306EB20E2F6E13EC59F02BC074F074
:103AB0002CC075F02DC076F02EC077F00001775144
:103AC00076110BE1310E745D750E7559D8A06BEF50
:103AD0001DF06DEF1DF014EF1EF0330ECC6073EF90
:103AE0001DF075EF1DF06DEF1DF072C011F073C089
:103AF00012F0000E12BEFF0E136E146E6CC0D9FFD2
:103B00006DC0DAFFDECF15F0DECF16F0DECF17F096
:103B1000DECF18F08BEC61F011C074F012C075F0BC
:103B200013C076F014C077F0330ECC609AEF1DF01E
:103B30009CEF1DF094EF1DF074C01DF075C01EF0D9
:103B400076C01FF077C020F0100E216E270E226E77
:103B5000000E236E000E246E02EC5EF01DC074F0A9
:103B60001EC075F01FC076F020C077F06EC011F057
:103B7000126AC5EC66F00001696F6951D8B4C3EFF1
:103B80001DF0C5EF1DF0DFEF1DF06FC0D9FF70C055
:103B9000DAFFDECF65F0DECF66F0DECF67F0DECF96
:103BA00068F074516525746F75516621756F765193
:103BB0006721766F77516821776F14EF1EF06FC021
:103BC000D9FF70C0DAFF7451DE5C7551DE58765152
:103BD000DE587751DE58D8B0F0EF1DF0F2EF1DF04F
:103BE0000CEF1EF06FC0D9FF70C0DAFFDECF65F0BA
:103BF000DECF66F0DECF67F0DECF68F06551745D32
:103C0000746F66517559756F67517659766F685143
:103C10007759776F14EF1EF0000E746F000E756FFA
:103C2000000E766F000E776F7451615D75516259A9
:103C30007651635977516459D8A021EF1EF023EFD4
:103C40001EF038EF1EF07451615D0101746F0001C8
:103C5000755162590101756F000176516359010177
:103C6000766F0001775164590101776F41EF1EF0C3
:103C7000000E0101746F000E756F000E766F000E5E
:103C8000776F150ECC6047EF1EF049EF1EF041EF45
:103C90001EF074C111F075C112F076C113F077C136
:103CA00014F0D30E156E250E166E000E176E000E54
:103CB000186E8BEC61F011C070F112C071F113C07D
:103CC00072F114C073F1150ECC6069EF1EF06BEF4A
:103CD0001EF063EF1EF0000E01017015706F000EF4
:103CE0007115716FFF0E7215726FFF0E7315736F82
:103CF000150ECC607EEF1EF080EF1EF078EF1EF008
:103D000070C165F071C166F072C167F073C168F08F
:103D100066C065F067C066F068C067F00001686B58
:103D200065C070F166C071F167C072F168C073F16F
:103D3000150ECC609EEF1EF0A0EF1EF098EF1EF067
:103D400070C165F071C166F072C167F073C168F04F
:103D500066C065F067C066F068C067F00001686B18
:103D600065C070F166C071F167C072F168C073F12F
:103D700070C16AF071C16BF06AC060F06BC061F035
:103D8000120000016351800B686F635163256A6FF5
:103D900062AFCDEF1EF0CFEF1EF0D0EF1EF06A81C4
:103DA0006A51D8B4D6EF1EF0D8EF1EF0ECEF1EF03B
:103DB0006A29D8A4DEEF1EF0E0EF1EF0E8EF1EF057
:103DC000000E606F000E616F000E626F000E636F79
:103DD000628F636BF4EF1EF0000E606F000E616F78
:103DE000000E626F000E636F6751800B696F685140
:103DF0006919D8B4FEEF1EF000EF1FF001EF1FF0BD
:103E0000688D67516725696F66AF09EF1FF00BEF8B
:103E10001FF00CEF1FF069816951D8B412EF1FF049
:103E200014EF1FF028EF1FF06929D8A41AEF1FF034
:103E30001CEF1FF024EF1FF0000E646F000E656F83
:103E4000000E666F000E676F668F676B30EF1FF0B6
:103E5000000E646F000E656F000E666F000E676FD8
:103E60006A51695DD8B037EF1FF039EF1FF060EF8E
:103E70001FF068AD3EEF1FF040EF1FF042EF1FF064
:103E8000800E681B6AC06BF069C06AF06BC069F095
:103E900060C06BF064C060F06BC064F061C06BF038
:103EA00065C061F06BC065F062C06BF066C062F027
:103EB0006BC066F063C06BF067C063F06BC067F007
:103EC0006B6B6A5169C038F0396A385E000E395A36
:103ED00039BE74EF1FF0395009E11A0E385CD8A0D2
:103EE00074EF1FF076EF1FF0ADEF1FF0605161111E
:103EF00062116311D8A47FEF1FF082EF1FF0010E53
:103F000083EF1FF0000E6B6F000E606F000E616F8D
:103F1000000E626F000E636F69C06AF0B6EF1FF0AB
:103F20006BA195EF1FF097EF1FF09DEF1FF0D8905A
:103F30006B3101096B6F9FEF1FF0D8906B3360A15D
:103F4000A4EF1FF0A6EF1FF0A7EF1FF06B8F6335F4
:103F500063336233613360336A2B69516A5DD8A081
:103F6000B4EF1FF0B6EF1FF090EF1FF068BDBBEF8E
:103F70001FF0BDEF1FF0FDEF1FF06A51D8A4C3EF93
:103F80001FF0C5EF1FF0CFEF1FF0000E606F000EA7
:103F9000616F000E626F000E636F1CEF21F06451C1
:103FA000602765516123665162236751632363A1D2
:103FB000DCEF1FF0DEEF1FF08AEF20F06BA1E3EFE4
:103FC0001FF0E5EF1FF0EBEF1FF0D8906B31010908
:103FD0006B6FEDEF1FF0D8906B3360A1F2EF1FF025
:103FE000F4EF1FF0F5EF1FF06B8F6335633362332F
:103FF000613360336A2B8AEF20F06451605D655154
:104000006159665162596351800A386E6751800A5E
:104010003858D8B00EEF20F010EF20F03BEF20F032
:104020006051645D386E61516559396E62516659EF
:104030003A6E635167593B6EFF0E3824606FFF0E76
:104040003920616FFF0E3A20626FFF0E3B20636FD5
:10405000800E681B6B6D6B51D8A431EF20F033EFED
:1040600020F043EF20F0010E6027000E6123622351
:10407000632343EF20F06451605F6551615B6651DB
:10408000625B6751635B6051611162116311D8A477
:104090004CEF20F04EEF20F083EF20F06B51D8A4CE
:1040A00054EF20F056EF20F083EF20F0000E606F09
:1040B000000E616F000E626F000E636F1CEF21F047
:1040C000D89060376137623763376BAF6AEF20F0A3
:1040D0006CEF20F06DEF20F060816BA172EF20F0AB
:1040E00074EF20F078EF20F0D8806B377AEF20F073
:1040F000D8906B376A51D8B480EF20F082EF20F06F
:1041000083EF20F06A0762AF88EF20F08AEF20F09B
:1041100060EF20F0696B6BAF90EF20F092EF20F032
:10412000AAEF20F06BC038F07F0E3816D8B49BEFA2
:1041300020F09DEF20F0A1EF20F0010E696FAAEFB3
:1041400020F060A1A6EF20F0A8EF20F0AAEF20F069
:104150009DEF20F06951D8B4B0EF20F0B2EF20F01D
:10416000DDEF20F0010E6027000E61236223632340
:1041700063A1BDEF20F0BFEF20F0DDEF20F060C0C5
:1041800038F061C039F062C03AF063C03BF03B34B4
:104190003B323A323932383238C060F039C061F0DF
:1041A0003AC062F03BC063F06A29D8B4DAEF20F07D
:1041B000DCEF20F0DDEF20F06A2B6A29D8B4E3EFC2
:1041C00020F0E5EF20F0EDEF20F06A51D8A4EBEFFE
:1041D00020F0EDEF20F0FEEF20F0000E606F000EFB
:1041E000616F000E626F000E636F6A51D8A4FBEF1F
:1041F00020F0FDEF20F0FEEF20F0686B6AA103EFE6
:1042000021F005EF21F008EF21F0628F09EF21F096
:10421000629FD8906A31636F68AF11EF21F013EF9E
:1042200021F014EF21F0638F60C060F061C061F095
:1042300062C062F063C063F0120022EE9CF010EEE8
:1042400060F01C0EDBCFE3FFE806FCE20001876BA9
:104250008751020DF3CF2DF0F4CF2EF02D502B24EB
:10426000D96E2E502C20DA6EDE6ADD6A872B050EA1
:1042700087653DEF21F03FEF21F028EF21F0866BBD
:10428000876B836B86C02DF0010E2D26D8902D32C2
:10429000D8902D30010B606F86C02DF0010E2D26B9
:1042A000D8902D30010B616F8629010B626F000ED3
:1042B00027EC66F077EC66F0000E27EC66F03BEF3B
:1042C00022F00A0E876167EF21F069EF21F086EF97
:1042D00021F08751600FD96EDA6ADF505DEC63F030
:1042E00000018751600FD96EDA6ADF5027EC66F063
:1042F00000018751600FD96EDA6ADE04D8A483EF1B
:1043000021F085EF21F086EF21F0832B090E8765E0
:104310008CEF21F08EEF21F025EF22F01B0E87614C
:1043200094EF21F096EF21F025EF22F0856B000E3F
:10433000846F8751600FD96EDA6ADF505DEC63F0ED
:104340000001F989126A000E116E0CEC67F0F9C0D9
:1043500093FFB1EF21F0FFEC66F011C084F012C0C2
:1043600085F081B8B6EF21F0B8EF21F0C7EF21F06A
:104370000101F7510001845D0101F85100018559E7
:10438000D8A0C5EF21F0C7EF21F0ABEF21F000017D
:1043900084510101F55D000185510101F659D8B044
:1043A000D4EF21F0D6EF21F016EF22F0F351000107
:1043B000845D0101F45100018559D8B0E2EF21F08C
:1043C000E4EF21F016EF22F0090E8765EAEF21F005
:1043D000ECEF21F015EF22F0140E8761F2EF21F0DF
:1043E000F4EF21F015EF22F0875113082D6E010E26
:1043F0002E6E000E2F6E2D2A01EF22F0D8902E3651
:104400002F362D2EFEEF21F000018651020DF3CF45
:1044100030F0F4CF31F030502B24D96E31502C20B5
:10442000DA6E2E50DE122F50DD12832B0101F75170
:104430000001845D0101F85100018559D8A023EFE6
:1044400022F025EF22F025EF22F01B0E8719D8A4C9
:104450002CEF22F02EEF22F039EF22F08351010BE6
:10446000010A5DEC63F000018351010B010A27ECA6
:1044700066F00001872B00018751600FD96EDA6A60
:10448000DE28D8A446EF22F048EF22F061EF21F0B9
:10449000862B030E86654FEF22F051EF22F040EF9E
:1044A00021F0866B8651020DF3CF2DF0F4CF2EF064
:1044B0002D502B24D96E2E502C20DA6EDECF2FF00B
:1044C000DDCF30F0190E2F02F3CF31F0F4CF32F000
:1044D0003002F350322631C011F032C012F0146AAB
:1044E000640E136E8BEC5BF000018651020DF3CF6E
:1044F00033F0F4CF34F033502B24D96E34502C20C9
:10450000DA6E11C0DEFF12C0DDFF862B030E86655A
:104510008CEF22F08EEF22F052EF22F0020E186E96
:10452000000E176E1A6A010E196E010EC7EC5AF0D2
:10453000020E186E000E176E1A6A010E196E020E28
:10454000C7EC5AF0020E186E000E176E010E54ECF6
:104550005EF017C07FF018C080F00001816B826BA5
:10456000020E186E000E176E020E54EC5EF017C0AD
:104570007FF018C080F00001816B826B020E186E14
:10458000000E176E1A6A010E196E010EC7EC5AF072
:10459000020E186E000E176E1A6A010E196E020EC8
:1045A000C7EC5AF00001866B020E186E000E176EF3
:1045B000862954EC5EF017C07FF018C080F000012F
:1045C000816B826B7FC02DF080C02EF00F0E2F6E9E
:1045D000D8902E322D322F2EE8EF22F0010E2D141E
:1045E0007D6F7E6B7D057E11D8A4F9EF22F0FBEF85
:1045F00022F0D4EF22F0FF0E7F15116E030E80150E
:10460000126E000E8115136E000E8215146EEC0EE4
:10461000156E010E166E000E176E000E186E8BECE6
:1046200061F0020E11241D6ED50E12201E6EFB0EBF
:1046300013201F6EFF0E1420206EE80E216E030E55
:10464000226E000E236E000E246E32EC53F0000139
:1046500086512D6E2E6AD8902D362E362D502B2455
:104660002F6E2E502C20306E080E2F24D96E000E87
:104670003020DA6E1DC0DEFF1EC0DDFF862B010E6E
:10468000866545EF23F047EF23F0D4EF22F01200C8
:10469000010E0001A56F010EA36F88C0D9FF89C06C
:1046A000DAFF410EDE18D8B458EF23F05AEF23F0AA
:1046B00067EF23F088C0D9FF89C0DAFF420EDE1809
:1046C000D8A465EF23F067EF23F05CEF24F020EE31
:1046D00001F08851D9268951DA222C0EDE18D8A48F
:1046E00074EF23F076EF23F05CEF24F020EE02F07D
:1046F0008851D9268951DA22310EDE18D8B483EFD9
:1047000023F085EF23F094EF23F020EE02F08851A0
:10471000D9268951DA22320EDE18D8A492EF23F07E
:1047200094EF23F05CEF24F020EE03F08851D926BB
:104730008951DA222C0EDE18D8A4A1EF23F0A3EFC2
:1047400023F05CEF24F0040EA46F040EAA6FB7EF01
:1047500023F0AA518825D96E000E8921DA6EA45162
:104760008C08AA25E16EE26ADFCFE7FFAA2BAA51E7
:104770008825D96E000E8921DA6EDF50D8B4C3EFD8
:1047800023F0C5EF23F0D4EF23F0AA518825D96E8A
:10479000000E8921DA6E2C0EDE18D8A4D2EF23F099
:1047A000D4EF23F0A9EF23F0A4518C08AA25D96EE9
:1047B000DA6ADF6AAA518825D96E000E8921DA6E7D
:1047C000DF50D8A4E6EF23F0E8EF23F0F4EF23F076
:1047D000A451AA19D8B4EFEF23F0F1EF23F0F4EFCE
:1047E00023F0030EA06FA56BAA518825D96E000E89
:1047F0008921DA6E2C0EDE18D8A401EF24F003EF25
:1048000024F05CEF24F0A451AA19D8B40AEF24F0E4
:104810000CEF24F05CEF24F0AA2BAAC0A4F01FEF49
:1048200024F0AA518825D96E000E8921DA6EA45190
:104830009608AA25E16EE26ADFCFE7FFAA2BAA510C
:104840008825D96E000E8921DA6EDF50D8B42BEF9F
:1048500024F02DEF24F03CEF24F0AA518825D96EE6
:10486000000E8921DA6E2C0EDE18D8A43AEF24F05F
:104870003CEF24F011EF24F0A4519608AA25D96E3C
:10488000DA6ADF6AAA518825D96E000E8921DA6EAC
:10489000DF50D8A44EEF24F050EF24F05CEF24F06A
:1048A000A451AA19D8B457EF24F059EF24F05CEFC3
:1048B00024F0040EA06FA56BA551D8A462EF24F0DC
:1048C00064EF24F05AEF25F088C0D9FF89C0DAFFE1
:1048D000DF50A96F20EE02F08851D9268951DA22E3
:1048E000DF50D00FA66F8C0E2A6EA70E2B6E80ECB9
:1048F00042F00001A56F040EA019D8A482EF24F0A5
:1049000084EF24F097EF24F0960E2A6EA10E2B6E02
:1049100080EC42F00001A525A56FA551D8A493EF26
:1049200024F095EF24F097EF24F097EF24F0A551B1
:10493000D8A49DEF24F09FEF24F017EF25F0010E8F
:10494000A56F410EA919D8A4A8EF24F0AAEF24F06E
:10495000BEEF24F0A605D8A4B0EF24F0B2EF24F007
:10496000BEEF24F0A751E25DA851E359D8A0BBEFF8
:1049700024F0BDEF24F0BEEF24F0A56B410EA91981
:10498000D8A4C5EF24F0C7EF24F0DCEF24F0020E2A
:10499000A619D8A4CEEF24F0D0EF24F0DCEF24F059
:1049A000A751E05DA851E159D8A0D9EF24F0DBEF81
:1049B00024F0DCEF24F0A56B420EA919D8A4E3EF94
:1049C00024F0E5EF24F0F9EF24F0A605D8A4EBEFEE
:1049D00024F0EDEF24F0F9EF24F0A751DE5DA851AB
:1049E000DF59D8A0F6EF24F0F8EF24F0F9EF24F027
:1049F000A56B420EA919D8A400EF25F002EF25F00F
:104A000017EF25F0020EA619D8A409EF25F00BEF39
:104A100025F017EF25F0A751DC5DA851DD59D8A08E
:104A200014EF25F016EF25F017EF25F0A56BA55133
:104A3000D8A41DEF25F01FEF25F05AEF25F0A9515E
:104A4000020DF350510FA625D96EDA6ADF50D8A4B3
:104A50002CEF25F02EEF25F05AEF25F0030EA36F73
:104A6000410EA919D8A437EF25F039EF25F045EF0D
:104A700025F0F8B13EEF25F040EF25F045EF25F0A9
:104A8000F8510109F86FF8C083FF420EA919D8A4A4
:104A90004CEF25F04EEF25F05AEF25F0F8B353EF29
:104AA00025F055EF25F05AEF25F0F8510209F86F7F
:104AB000F8C083FFA351300F8AC0D9FF8BC0DAFF43
:104AC000DF6E20EE01F08A51D9268B51DA227C0E5E
:104AD000DF6E20EE02F08A51D9268B51DA22DF6A8E
:104AE000000E120020EE93F0070EDE6AE806FDE2EB
:104AF0008AC193F08BC194F088C195F089C196F07A
:104B000086C197F087C198F084C199F085C19AF069
:104B100000019B6B380EF519D8A491EF25F093EFA7
:104B200025F06FEF27F0A66BA651D40FD96EDA6A85
:104B3000DE04D8A49EEF25F0A0EF25F066EF27F065
:104B4000A651040DF350BE0FD96EDA6ADE50DE10A6
:104B5000D8B4ADEF25F0AFEF25F066EF27F0E70E04
:104B6000A625D96EDA6A010EDA22DF509E6FE30EB7
:104B7000A625D96EDA6A010EDA22DF50A36FA6519C
:104B8000020DF350930FD96EDA6ADECF9CF0DDCFC1
:104B90009DF094EC64F000019C51155C9D511658F9
:104BA000D8B0D5EF25F0D7EF25F066EF27F0B2ECBF
:104BB00064F0155000019C5D16509D59D8B0E3EF8C
:104BC00025F0E5EF25F066EF27F0A651020D300E37
:104BD000F324D96E010EF420DA6EDECF89F0DDCF3A
:104BE0008AF089C011F08AC012F0136A146A000EAC
:104BF00010EC49F011C06CF012C06DF013C06EF0F3
:104C000014C06FF0280E0001706F6B0E716F6E0E86
:104C1000726F4E0E736F92EC27F06CC09FF06DC0F8
:104C2000A0F06EC0A1F06FC0A2F09FC01FF0A0C0A6
:104C300020F0A1C021F0A2C022F09CC011F09DC0C4
:104C400012F0136A146A000E10EC49F011C023F040
:104C500012C024F013C025F014C026F0A9EC2DF0EA
:104C60001FC09FF020C0A0F021C0A1F022C0A2F080
:104C70009FC060F0A0C061F0A1C062F0A2C063F06C
:104C8000C00E0001646FA30E656F1B0E666FCB0E26
:104C9000676FC1EC1EF060C09FF061C0A0F062C001
:104CA000A1F063C0A2F0000E0001646F000E656FFA
:104CB000800E666F3F0E676F9FC023F0A0C024F088
:104CC000A1C025F0A2C026F0C00E1F6EA30E206E5C
:104CD0001B0E216E4B0E226EA9EC2DF01FC060F052
:104CE00020C061F021C062F022C063F0C1EC1EF070
:104CF00060C06CF061C06DF062C06EF063C06FF0B8
:104D00000001A651020D280EF324D96E010EF420E5
:104D1000DA6EDECF89F0DDCF8AF089C011F08AC06B
:104D200012F0136A146A000E10EC49F011C070F012
:104D300012C071F013C072F014C073F092EC27F03F
:104D40006CC08BF06DC08CF06EC08DF06FC08EF0BB
:104D50008BC011F08CC012F08DC013F08EC014F017
:104D60003AEC54F011C0A4F012C0A5F00001A65115
:104D7000020D300EF324D96E010EF420DA6EA45128
:104D8000DE1809E1A551DE18D8B4C9EF26F0CBEF43
:104D900026F066EF27F0A451A511D8B4D2EF26F083
:104DA000D4EF26F057EF27F0A305D8A4DAEF26F0CA
:104DB000DCEF26F0E7EF26F02D0EA45D010EA559DD
:104DC000D8A0E5EF26F0E7EF26F0FBEF26F0020E85
:104DD000A319D8A4EEEF26F0F0EF26F00CEF27F0A1
:104DE000910EA45D010EA559D8B0F9EF26F0FBEFA6
:104DF00026F00CEF27F0A3C060F0A4C061F0A5C0BE
:104E000062F0050E636F000E646F000E656F000E9A
:104E1000666F9E518EEC19F00001A305D8A413EF24
:104E200027F015EF27F031EF27F02D0EA45D010ECE
:104E3000A559D8A01EEF27F020EF27F031EF27F07B
:104E4000A3C060F0010E626F2C0E616F050E636FE0
:104E5000000E646F000E656F000E666F9E518EEC43
:104E600019F0020E0001A319D8A439EF27F03BEF87
:104E700027F057EF27F0910EA45D010EA559D8A099
:104E800044EF27F046EF27F057EF27F0A3C060F07C
:104E9000010E626F900E616F050E636F000E646FFE
:104EA000000E656F000E666F9E518EEC19F00001CA
:104EB000A651020D300EF324D96E010EF420DA6EE5
:104EC000A4C0DEFFA5C0DDFF010E9B6FA62B030E65
:104ED000A6656DEF27F06FEF27F094EF25F09B05A7
:104EE000D8A475EF27F077EF27F081EF27F0D0C037
:104EF0008FF0D1C090F0D2C091F0D3C092F089EF82
:104F000027F06CC18FF06DC190F06EC191F06FC150
:104F100092F08FC085F090C086F091C087F092C06B
:104F200088F0120000016F51800B786F6F516F2570
:104F30007E6F6EAF9EEF27F0A0EF27F0A1EF27F076
:104F40007E817E51D8B4A7EF27F0A9EF27F0BCEF00
:104F500027F07E29D8A4AFEF27F0B1EF27F0B9EF03
:104F600027F0000E6C6F000E6D6F000E6E6F000E5E
:104F70006F6F6E8FC4EF27F0000E6C6F000E6D6FB9
:104F8000000E6E6F000E6F6F7351800B781B7351A4
:104F900073257D6F72AFCFEF27F0D1EF27F0D2EFFF
:104FA00027F07D817D51D8B4D8EF27F0DAEF27F0D4
:104FB000EDEF27F07D29D8A4E0EF27F0E2EF27F00E
:104FC000EAEF27F0000E706F000E716F000E726F27
:104FD000000E736F728FF5EF27F0000E706F000EEA
:104FE000716F000E726F000E736F7D51D8B4FBEFBE
:104FF00027F0FDEF27F005EF28F07E51D8A403EF4E
:1050000028F005EF28F00FEF28F0000E6C6F000E6F
:105010006D6F000E6E6F000E6F6FA5EF29F072516D
:105020006C03F3CF83F0F4CF84F08351796F7A6B04
:105030007B6B7C6B84517F6F806B816B826B71515A
:105040006D03F3CF83F0F4CF84F083517927000E02
:105050007A237B237C2384517F27000E80238123A6
:10506000822370516E03F3CF83F0F4CF84F0835129
:105070007927000E7A237B237C2384517F27000E1F
:105080008023812382237BC07CF07AC07BF079C0AF
:105090007AF0796B70516D03F3CF83F0F4CF84F025
:1050A0008351792784517A23000E7B23000E7C23C1
:1050B00071516C03F3CF83F0F4CF84F083517927DF
:1050C00084517A23000E7B23000E7C237BC07CF06E
:1050D0007AC07BF079C07AF0796B70516C03F3CFB2
:1050E00083F0F4CF84F08351792784517A23000E22
:1050F0007B23000E7C2372516D03F3CF83F0F4CF3A
:1051000084F083517F2784518023000E8123000E79
:10511000822371516E03F3CF83F0F4CF84F0835177
:105120007F2784518023000E8123000E8223725139
:105130006E03F3CF83F0F4CF84F08351746F845106
:10514000756F766B776B76C077F075C076F074C04C
:1051500075F0746B74517F277551802376518123CC
:105160007751822379C074F07AC075F07BC076F0F5
:105170007CC077F0190EC2EF28F0D89077337633E1
:1051800075337433E82EBDEF28F074517F277551C5
:10519000802376518123775182237BC07CF07AC0B3
:1051A0007BF079C07AF0796B7D517EC074F0756BBD
:1051B0007427000E7523820E7425836FFF0E7521F0
:1051C000846FF8EF28F0D8907F37803781378237A7
:1051D0007CAFEDEF28F0EFEF28F0F0EF28F07F81C3
:1051E000D89079377A377B377C378307D8A0840704
:1051F00081AFFDEF28F0FFEF28F0E3EF28F07D6BA3
:105200007CAF05EF29F007EF29F02BEF29F0FF0E17
:105210007915746FFF0E7A15756FFF0E7B15766F1B
:105220007F0E7C15776F7451751176117711D8B494
:105230001CEF29F01EEF29F022EF29F0010E7D6FFF
:105240002BEF29F07FA127EF29F029EF29F02BEF91
:1052500029F01EEF29F07D51D8B431EF29F033EF5A
:1052600029F057EF29F0010E7F27000E80238123BC
:10527000822382A13EEF29F040EF29F057EF29F079
:105280007FC074F080C075F081C076F082C077F086
:105290007735773376337533743374C07FF075C0E8
:1052A00080F076C081F077C082F0834B842B84BF7E
:1052B00062EF29F0845108E18329D8A062EF29F038
:1052C00064EF29F06EEF29F0000E7F6F000E806F03
:1052D000800E816F7F0E826F9BEF29F084BF7BEF82
:1052E00029F0845106E18305D8B079EF29F07BEFEE
:1052F00029F086EF29F0000E7F6F000E806F000E00
:10530000816F000E826F786B9BEF29F083C07EF077
:10531000FF0E7F17FF0E80177F0E8117000E82177A
:105320007EA195EF29F097EF29F098EF29F0818F72
:10533000D8907E31826F785182137FC06CF080C02C
:105340006DF081C06EF082C06FF012000001626BE0
:105350009AEF2BF0640EF665B0EF29F0B2EF29F06A
:10536000BDEF29F0B40E0101486FE20E496FFF0E48
:105370004A6FFF0E4B6FFEEF29F0640EF619D8B49A
:10538000C4EF29F0C6EF29F0F5EF29F0F6C037F0A9
:10539000386A396A3A6A0E0ED89037363836393656
:1053A0003A36E82ECCEF29F037C01DF038C01EF099
:1053B00039C01FF03AC020F0640E216E000E226E3C
:1053C000000E236E000E246E32EC53F0000E1D24EE
:1053D0000101486FE00E1E20496FFF0E1F204A6F2B
:1053E000FF0E20204B6FFEEF29F0780E0101486F71
:1053F0001E0E496F000E4A6F000E4B6F640E48255B
:10540000446F000E4921456F000E4A21466F000E81
:105410004B21476F4668010E0001E66FA9EF2BF0A4
:10542000462A060E4618D8A418EF2AF01AEF2AF0DA
:1054300021EF2AF056EC61F04B6A0001E66BA9EF10
:105440002BF0010E436E900E426E020EE66FA9EF36
:105450002BF04650116E126A11BE1206146A030E2A
:10546000136E57EC5DF011501210D8A43AEF2AF0E9
:105470003CEF2AF044EF2AF0100E0001666F360E62
:10548000656F646B040E636F4650116E126A11BE35
:105490001206146A030E136E57EC5DF0110412101D
:1054A000D8A455EF2AF057EF2AF05FEF2AF0130E39
:1054B0000001666F360E656F646B050E636F4650B4
:1054C000116E126A11BE1206146A030E136E57ECA7
:1054D0005DF0020E11181210D8A471EF2AF073EFCC
:1054E0002AF07BEF2AF0150E0001666F360E656F0D
:1054F000646B060E636F4650800A7D0FD8B083EF51
:105500002AF085EF2AF08AEF2AF0010E00016A6F77
:105510008DEF2AF0020E00016A6F050E4226000E82
:10552000432263C017F064C018F042C019F043C0B2
:105530001AF06A51C7EC5AF01A0E376EF80EE82EC0
:10554000FED7372EFCD700F000F063C017F064C020
:1055500018F042C019F043C01AF000016A51C7ECBC
:105560005AF00001676B1A0E376EF80EE82EFED760
:10557000372EFCD700F000F065C017F066C018F0B9
:1055800000016A5154EC5EF017C068F018C069F071
:105590000D0E376EFC0EE82EFED7372EFCD7D2EF5D
:1055A0002AF0672B65C017F066C018F000016A5139
:1055B00054EC5EF0E20E1724376EFF0E1820386EA2
:1055C00000016851375C3850800A396E6951800A91
:1055D0003958D8B0EEEF2AF0F0EF2AF013EF2BF0A5
:1055E00065C017F066C018F06A5154EC5EF01E0EEC
:1055F0001726000E182217500001685D6951800AB5
:10560000376E1850800A3758D8B009EF2BF00BEFDF
:105610002BF013EF2BF0130E676511EF2BF013EF48
:105620002BF0D1EF2AF0140E676119EF2BF01BEF6E
:105630002BF01CEF2BF0676B140E6719D8A423EF27
:105640002BF025EF2BF0B3EF2AF068C037F069C0DC
:1056500038F0000E38BEFF0E396E3A6E0101485127
:10566000375C495138584A5139583A50800A3B6E94
:105670004B51800A3B58D8A040EF2BF042EF2BF063
:105680007BEF2BF0000E000169BFFF0E386E800A21
:10569000376E010144510001685D0101455100016F
:1056A00069590101465138584751800A3758D8B0D6
:1056B0005CEF2BF05EEF2BF07BEF2BF0010E000187
:1056C000E66F46C037F0386A37BE3806D8903736AE
:1056D00038363750B308606F3850D8A0E82A010830
:1056E000616F60C0D9FF61C0DAFF42C0DEFF43C016
:1056F000DDFF190E626F0001622B190E626183EFEC
:105700002BF085EF2BF08EEF2BF0040E435CD8A02E
:105710008CEF2BF08EEF2BF08DEF2AF04204040E6D
:105720004358D8A096EF2BF098EF2BF0A9EF2BF071
:105730000BEF2AF0E651000AD8B4AAEF29F0010ACB
:10574000D8B410EF2AF0030AD8B429EF2AF01DEFDD
:105750002AF01200010E0001976F88C0D9FF89C09E
:10576000DAFF410EDE18D8B4B8EF2BF0BAEF2BF009
:10577000C7EF2BF088C0D9FF89C0DAFF420EDE18D0
:10578000D8A4C5EF2BF0C7EF2BF065EF2CF020EE7F
:1057900001F08851D9268951DA222C0EDE18D8A4BE
:1057A000D4EF2BF0D6EF2BF065EF2CF020EE02F0CB
:1057B0008851D9268951DA22310EDE18D8B4E3EFA8
:1057C0002BF0E5EF2BF003EF2CF020EE02F08851E8
:1057D000D9268951DA22320EDE18D8B4F2EF2BF036
:1057E000F4EF2BF003EF2CF020EE02F08851D926D5
:1057F0008951DA22330EDE18D8A401EF2CF003EF22
:105800002CF065EF2CF020EE03F08851D926895159
:10581000DA222C0EDE18D8A410EF2CF012EF2CF0A8
:1058200065EF2CF0040E966F27EF2CF0965188252B
:10583000D96E000E8921DA6E96C03DF0FC0E3D2631
:105840003D508C0FE16EE26ADFCFE7FF962B965159
:105850008825D96E000E8921DA6EDF50D8B433EF77
:105860002CF035EF2CF044EF2CF096518825D96EB2
:10587000000E8921DA6E2C0EDE18D8A442EF2CF02F
:1058800044EF2CF016EF2CF096C03DF0FC0E3D26B8
:105890003D508C0FD96EDA6ADF6A96518825D96E31
:1058A000000E8921DA6EDF50D8A459EF2CF05BEF9F
:1058B0002CF065EF2CF0040E9619D8B462EF2CF0A2
:1058C00064EF2CF065EF2CF0976B9751D8A46BEF39
:1058D0002CF06DEF2CF070EF2DF020EE02F08851DF
:1058E000D9268951DA22310EDE18D8A47AEF2CF0AD
:1058F0007CEF2CF0C2EF2CF088C0D9FF89C0DAFF12
:10590000410EDE18D8A487EF2CF089EF2CF09FEF22
:105910002CF08C0E2A6E980E2B6E80EC42F000015B
:10592000976F9751D8A497EF2CF099EF2CF09FEF39
:105930002CF098C020F099C021F073EC65F088C07D
:10594000D9FF89C0DAFF420EDE18D8A4AAEF2CF0E6
:10595000ACEF2CF0C2EF2CF08C0E2A6E980E2B6E52
:1059600080EC42F00001976F9751D8A4BAEF2CF069
:10597000BCEF2CF0C2EF2CF098C020F099C021F0C1
:1059800059EC65F0000120EE02F08851D9268951CA
:10599000DA22320EDE18D8A4D0EF2CF0D2EF2CF0A1
:1059A00018EF2DF088C0D9FF89C0DAFF410EDE184C
:1059B000D8A4DDEF2CF0DFEF2CF0F5EF2CF08C0EFF
:1059C0002A6E980E2B6E80EC42F00001976F975173
:1059D000D8A4EDEF2CF0EFEF2CF0F5EF2CF098C001
:1059E00020F099C021F0A7EC65F088C0D9FF89C0EC
:1059F000DAFF420EDE18D8A400EF2DF002EF2DF0F2
:105A000018EF2DF08C0E2A6E980E2B6E80EC42F063
:105A10000001976F9751D8A410EF2DF012EF2DF0E1
:105A200018EF2DF098C020F099C021F08DEC65F0B2
:105A3000000120EE02F08851D9268951DA22330E76
:105A4000DE18D8A426EF2DF028EF2DF072EF2DF000
:105A500088C0D9FF89C0DAFF410EDE18D8A433EF21
:105A60002DF035EF2DF04BEF2DF08C0E2A6E980EA9
:105A70002B6E80EC42F00001976F9751D8A443EF52
:105A80002DF045EF2DF04BEF2DF098C020F099C090
:105A900021F0DBEC65F088C0D9FF89C0DAFF420E47
:105AA000DE18D8A456EF2DF058EF2DF072EF2DF040
:105AB0008C0E2A6E980E2B6E80EC42F00001976FD0
:105AC0009751D8A466EF2DF068EF2DF072EF2DF00E
:105AD00098C020F099C021F0C1EC65F072EF2DF074
:105AE000010E976F00019751D8A479EF2DF07BEF4D
:105AF0002DF092EF2DF08AC0D9FF8BC0DAFF300E67
:105B0000DF6E20EE01F08A51D9268B51DA227C0E0D
:105B1000DF6E20EE02F08A51D9268B51DA22DF6A3D
:105B2000A7EF2DF08AC0D9FF8BC0DAFF320EDF6EEF
:105B300020EE01F08A51D9268B51DA227C0EDF6EDD
:105B400020EE02F08A51D9268B51DA22DF6A000E4C
:105B500012002250800B2F6E22502224366E21AE6E
:105B6000B4EF2DF0B6EF2DF0B7EF2DF036803650B4
:105B7000D8B4BDEF2DF0BFEF2DF0D3EF2DF03628C8
:105B8000D8A4C5EF2DF0C7EF2DF0CFEF2DF0000E0C
:105B90001F6E000E206E000E216E000E226E218EF2
:105BA000226ADBEF2DF0000E1F6E000E206E000E3D
:105BB000216E000E226E2650800B2F1A26502624AE
:105BC000376E25AEE6EF2DF0E8EF2DF0E9EF2DF082
:105BD00037803750D8B4EFEF2DF0F1EF2DF005EF0F
:105BE0002EF03728D8A4F7EF2DF0F9EF2DF001EFC4
:105BF0002EF0000E236E000E246E000E256E000E99
:105C0000266E258E266A0DEF2EF0000E236E000EF6
:105C1000246E000E256E000E266E235024102510D3
:105C20002610D8A416EF2EF018EF2EF030EF2EF03D
:105C3000000E1F6E000E206E000E216E000E226EF2
:105C4000800E21127F0E22122F5022121FC01FF031
:105C500020C020F021C021F022C022F06FEF2FF0F1
:105C60003650D8A436EF2EF038EF2EF042EF2EF05B
:105C7000000E1F6E000E206E000E216E000E226EB2
:105C80006FEF2FF0375036C027F0286A275E000EDE
:105C9000285A7F0E2724306E000E2820316E1FC038
:105CA0002BF020C02CF021C02DF022C02EF0000ED1
:105CB0001F6E000E206E000E216E000E226E000E72
:105CC000326E000E336E000E346E000E356E376A83
:105CD000A2EF2EF03750D8B470EF2EF072EF2EF006
:105CE00089EF2EF0D8902B362C362D362E36D890C4
:105CF0001F3620362136223635AE81EF2EF083EF67
:105D00002EF084EF2EF01F80D890323633363436A2
:105D1000353623502B5C24502C5825502D582650B6
:105D20002E58D8A096EF2EF098EF2EF0A1EF2EF07F
:105D3000358C23502B5E24502C5A25502D5A26503A
:105D40002E5A372A190E3764A8EF2EF0AAEF2EF03C
:105D50006AEF2EF02B502C102D102E10D8B4B3EF6C
:105D60002EF0B5EF2EF0CDEF2EF03280CDEF2EF0ED
:105D7000D8901F3620362136223635AEC2EF2EF0AF
:105D8000C4EF2EF0C5EF2EF01F80D8903236333698
:105D9000343635363006D8A0310621AED2EF2EF09B
:105DA000D4EF2EF0B8EF2EF0376A35AEDAEF2EF0E2
:105DB000DCEF2EF000EF2FF0FF0E3214276EFF0EF7
:105DC0003314286EFF0E3414296E7F0E35142A6E9C
:105DD0002750281029102A10D8B4F1EF2EF0F3EF35
:105DE0002EF0F7EF2EF0010E376E00EF2FF01FA010
:105DF000FCEF2EF0FEEF2EF000EF2FF0F3EF2EF081
:105E00003750D8B406EF2FF008EF2FF02CEF2FF01B
:105E1000010E1F26000E20222122222222A013EF93
:105E20002FF015EF2FF02CEF2FF01FC027F020C020
:105E300028F021C029F022C02AF02A342A3229323F
:105E40002832273227C01FF028C020F029C021F0B7
:105E50002AC022F0304A312A31BE37EF2FF03150BC
:105E600008E13028D8A037EF2FF039EF2FF044EFBA
:105E70002FF0000E316E3068000E1F6E000E206E87
:105E8000000E216E000E226E31BE51EF2FF0315008
:105E900006E13004D8B04FEF2FF051EF2FF05DEF57
:105EA0002FF0316A000E306E000E1F6E000E206E55
:105EB000000E216E000E226E2F6A30C036F036A022
:105EC00064EF2FF066EF2FF069EF2FF0218E6AEF6D
:105ED0002FF0219ED8903630226E24EF2EF0120043
:105EE000010E00018C6F88C0D9FF89C0DAFF410E16
:105EF000DE18D8B47EEF2FF080EF2FF08DEF2FF06B
:105F000088C0D9FF89C0DAFF420EDE18D8A48BEF13
:105F10002FF08DEF2FF0C9EF2FF020EE01F0885118
:105F2000D9268951DA222C0EDE18D8A49AEF2FF048
:105F30009CEF2FF0C9EF2FF020EE02F08851D92608
:105F40008951DA22310EDE18D8B4A9EF2FF0ABEF69
:105F50002FF0BAEF2FF020EE02F08851D9268951A8
:105F6000DA22320EDE18D8A4B8EF2FF0BAEF2FF0F5
:105F7000C9EF2FF020EE03F08851D9268951DA229B
:105F8000DF50D8A4C6EF2FF0C8EF2FF0C9EF2FF0E5
:105F90008C6B8C51D8A4CFEF2FF0D1EF2FF016EFF0
:105FA00031F088C0D9FF89C0DAFFDF50946F20EE4E
:105FB00002F08851D9268951DA22DF50D00F936F31
:105FC000906B000E8F6F9451020DF3509325810F4B
:105FD000FE6FFE0E2B6E6FEC4EF02BC08DF02CC0C2
:105FE0008EF000019451020DF350510F9325D96E9C
:105FF000DA6ADF50D8A4FFEF2FF001EF30F043EF63
:1060000030F08AC0D9FF8BC0DAFF300EDF6E20EE91
:1060100001F08A51D9268B51DA227C0EDF6E20EEF8
:1060200002F08A51D9268B51DA222D0EDF6E20EE36
:1060300003F08A51D9268B51DA22DF6A8DC011F024
:106040008EC012F0146A0A0E136E77EC60F011C065
:1060500091F012C092F08AC018F08BC019F091C074
:106060001AF092C01BF02C0E1C6EA7EC34F08AC004
:1060700011F08BC012F04E0E136E000E146E47EC32
:106080005CF016EF31F09351040DF3CF89F0945189
:10609000080DF350B00F8925D96EDA6ADE50DE1094
:1060A000D8A455EF30F057EF30F078EF30F08AC0D9
:1060B000D9FF8BC0DAFF300EDF6E20EE01F08A517F
:1060C000D9268B51DA227C0EDF6E20EE02F08A5147
:1060D000D9268B51DA22DF6A8AC011F08BC012F008
:1060E0004A0E136E000E146E47EC5CF016EF31F0A2
:1060F0009351300F116E8F0E126E945187EC59F040
:106100008FC011F090C012F0146A190E136E77EC64
:1061100060F011C095F012C096F0660E0001950374
:10612000F3CF89F0F4CF8AF09603F3508A2789C021
:1061300095F08AC096F095C011F096C012F0146ADE
:106140000A0E136E77EC60F011C095F012C096F055
:1061500095C089F096C08AF00001D8908A338933BF
:10616000D8908A33893389C095F08AC096F09551CA
:106170008D5D956F96518E59966F8AC0D9FF8BC0F1
:10618000DAFF300EDF6E20EE01F08A51D9268B51F6
:10619000DA227C0EDF6E20EE02F08A51D9268B5176
:1061A000DA222D0EDF6E20EE03F08A51D9268B51B4
:1061B000DA22DF6A8DC011F08EC012F0146A0A0E66
:1061C000136E77EC60F011C091F012C092F08AC0AB
:1061D00018F08BC019F091C01AF092C01BF02C0E71
:1061E0001C6EA7EC34F08AC011F08BC012F02D0E9B
:1061F000136E000E146E3EEC60F095C011F096C068
:1062000012F0146A0A0E136E77EC60F011C091F070
:1062100012C092F08AC018F08BC019F091C01AF029
:1062200092C01BF0000E1C6EA7EC34F000018C0530
:10623000D8A41DEF31F01FEF31F034EF31F08AC0F8
:10624000D9FF8BC0DAFF320EDF6E20EE01F08A51EB
:10625000D9268B51DA227C0EDF6E20EE02F08A51B5
:10626000D9268B51DA22DF6A000E12008AC0D9FFCC
:106270008BC0DAFF300EDF6E000120EE01F08A5194
:10628000D9268B51DA227C0EDF6E20EE02F08A5185
:10629000D9268B51DA22DF6A88C0D9FF89C0DAFF9C
:1062A000510EDE18D8A457EF31F059EF31F0C8EF96
:1062B00031F020EE01F08851D9268951DA22DF50E1
:1062C000D8A465EF31F067EF31F0C8EF31F020EE80
:1062D00002F08A51D9268B51DA22410EDF6E20EE70
:1062E00003F08A51D9268B51DA222C0EDF6EF8B1D9
:1062F0007CEF31F07EEF31F088EF31F020EE04F0EA
:106300008A51D9268B51DA22300EDF6E90EF31F0B0
:1063100020EE04F08A51D9268B51DA22310EDF6E3D
:1063200020EE05F08A51D9268B51DA222C0EDF6E31
:1063300020EE06F08A51D9268B51DA22420EDF6E0A
:1063400020EE07F08A51D9268B51DA222C0EDF6E0F
:10635000F8B3ADEF31F0AFEF31F0B9EF31F020EE3F
:1063600008F08A51D9268B51DA22300EDF6EC1EF48
:1063700031F020EE08F08A51D9268B51DA22310E05
:10638000DF6E20EE09F08A51D9268B51DA22DF6ABE
:1063900088C0D9FF89C0DAFF410EDE18D8B4D3EF28
:1063A00031F0D5EF31F0E2EF31F088C0D9FF89C08C
:1063B000DAFF420EDE18D8A4E0EF31F0E2EF31F060
:1063C000EDEF32F020EE01F08851D9268951DA2222
:1063D0002C0EDE18D8A4EFEF31F0F1EF31F0EDEF35
:1063E00032F020EE02F08851D9268951DA22300E9F
:1063F000DE18D8B4FEEF31F000EF32F00FEF32F0DC
:1064000020EE02F08851D9268951DA22310EDE18A9
:10641000D8A40DEF32F00FEF32F0EDEF32F0010EB5
:106420008A6F20EE03F08851D9268951DA222C0E8A
:10643000DE18D8A41EEF32F020EF32F0A3EF32F0D6
:1064400020EE04F08851D9268951DA22410EDE1857
:10645000D8B42DEF32F02FEF32F03EEF32F020EED5
:1064600004F08851D9268951DA22420EDE18D8A4C8
:106470003CEF32F03EEF32F0A3EF32F020EE05F0C9
:106480008851D9268951DA222C0EDE18D8A44BEF78
:1064900032F04DEF32F0A3EF32F020EE06F08851EB
:1064A000D9268951DA22300EDE18D8B45AEF32F0EC
:1064B0005CEF32F06BEF32F020EE06F08851D92617
:1064C0008951DA22310EDE18D8A469EF32F06BEF71
:1064D00032F0A3EF32F020EE07F08851D92689512F
:1064E000DA22DF50D8A477EF32F079EF32F0A3EF61
:1064F00032F020EE06F08851D9268951DA22DF5099
:106500003D6ED00E3D26D8A488EF32F08AEF32F0EF
:1065100098EF32F020EE04F08851D9268951DA2222
:10652000DF503D6E3D503F08F815F86FA2EF32F096
:1065300020EE04F08851D9268951DA22DF50C00FAD
:10654000F811F86F8A6B20EE03F08851D926895133
:10655000DA22DF50D8A4AFEF32F0B1EF32F0D7EF4C
:1065600032F020EE02F08851D9268951DA22DF502C
:106570003D6ED00E3D26D8A4C0EF32F0C2EF32F00F
:10658000CEEF32F088C0D9FF89C0DAFFDF503D6E10
:106590003D503F08F815F86FD6EF32F088C0D9FFAC
:1065A00089C0DAFFDF50C00FF811F86F8A6B8A518B
:1065B000D8A4DDEF32F0DFEF32F0E4EF32F0F8C0D4
:1065C00083FF896BE6EF32F0010E896F8951300F3E
:1065D0008AC0D9FF8BC0DAFFDF6E000E1200010EF9
:1065E0000001B56FB66B02EF33F0B6518825D96E56
:1065F000000E8921DA6EB6518C0FE16EE26ADFCFB0
:10660000E7FFB62BB6518825D96E000E8921DA6EC8
:10661000DF50D8B40EEF33F010EF33F01FEF33F04C
:10662000B6518825D96E000E8921DA6E2C0EDE183F
:10663000D8A41DEF33F01FEF33F0F5EF32F0B65171
:106640008C0FD96EDA6ADF6AB6518825D96E000ED2
:106650008921DA6E2C0EDE18D8A431EF33F033EF37
:1066600033F0D7EF33F0B651D8B439EF33F03BEF16
:1066700033F0D7EF33F0B62BB6C0B4F04EEF33F0B3
:10668000B6518825D96E000E8921DA6EB45196086C
:10669000B625E16EE26ADFCFE7FFB62BB65188255B
:1066A000D96E000E8921DA6EDF50D8B45AEF33F07C
:1066B0005CEF33F06BEF33F0B6518825D96E000EE6
:1066C0008921DA6E2C0EDE18D8A469EF33F06BEF57
:1066D00033F040EF33F0B4519608B625D96EDA6A3C
:1066E000DF6AB6518825D96E000E8921DA6E2C0E2C
:1066F000DE18D8A47EEF33F080EF33F0D7EF33F01D
:10670000B451B619D8B487EF33F089EF33F0D7EF2F
:1067100033F0B62BB6C0B4F09CEF33F0B6518825F9
:10672000D96E000E8921DA6EB451A008B625E16E4B
:10673000E26ADFCFE7FFB62BB6518825D96E000E8F
:106740008921DA6EDF50D8B4A8EF33F0AAEF33F026
:10675000B9EF33F0B6518825D96E000E8921DA6E73
:106760002C0EDE18D8A4B7EF33F0B9EF33F08EEF6C
:1067700033F0B451A008B625D96EDA6ADF6AB65193
:106780008825D96E000E8921DA6EDF50D8A4CBEFB0
:1067900033F0CDEF33F0D7EF33F0B451B619D8B4AE
:1067A000D4EF33F0D6EF33F0D7EF33F0B56BB5510C
:1067B000D8A4DDEF33F0DFEF33F070EF34F08C0E60
:1067C0002A6EB00E2B6E80EC42F00001B56FB55111
:1067D000D8A4EDEF33F0EFEF33F02AEF34F0D10E21
:1067E000B05D070EB159D8B0F8EF33F0FAEF33F0DF
:1067F0002AEF34F0B0C011F0B1C012F0136A146A7D
:106800000E0E156E820E166E000E176E000E186EAE
:106810008BEC61F0E80E11241D6E030E12201E6E2B
:10682000000E13201F6E000E1420206ED00E216E5D
:10683000070E226E000E236E000E246E02EC5EF038
:106840001DC0AAF01EC0ABF01FC0ACF020C0ADF060
:106850002CEF34F0010EB56F960E2A6EB20E2B6E31
:1068600080EC42F00001B525B56FA00E2A6EAE0E89
:106870002B6E80EC42F00001B525B56FB551D8A460
:1068800044EF34F046EF34F06EEF34F0B251AE5DC9
:10689000B351AF59D8A04FEF34F051EF34F05AEF65
:1068A00034F0B251B311D8A458EF34F05AEF34F0A9
:1068B0006EEF34F0B0C08CF1B1C08DF1AAC022F0FF
:1068C000ABC023F0B2C024F0B3C025F0AEC026F0B8
:1068D000AFC027F058EC64F070EF34F0010EB56FE4
:1068E0000001B551D8A477EF34F079EF34F090EF90
:1068F00034F08AC0D9FF8BC0DAFF300EDF6E20EE95
:1069000001F08A51D9268B51DA227C0EDF6E20EEFF
:1069100002F08A51D9268B51DA22DF6AA5EF34F0D2
:106920008AC0D9FF8BC0DAFF320EDF6E20EE01F095
:106930008A51D9268B51DA227C0EDF6E20EE02F0CE
:106940008A51D9268B51DA22DF6A000E12001AC052
:1069500011F01BC012F0146A0A0E136E77EC60F08F
:10696000F60E1102F3CF1DF0F4CF1EF01202F35019
:106970001E26FF0E1102F3501E261A501D24336EE0
:106980001B501E20346E1AC011F01BC012F0146A86
:10699000640E136E77EC60F09C0E1102F3CF1DF0C5
:1069A000F4CF1EF01202F3501E26FF0E1102F35018
:1069B0001E2633501D5E34501E5A1A501D24316E4F
:1069C0001B501E20326E31C011F032C012F0146A1A
:1069D0000A0E136E77EC60F011C031F012C032F085
:1069E0001AC011F01BC012F0030E146EE80E136EE5
:1069F00077EC60F0180E1102F3CF1DF0F4CF1EF00B
:106A00001202F3501E26FC0E1102F3501E26F60E43
:106A10001F6EFF0E206E1F503102F3CF21F0F4CF16
:106A200022F03202F350222620503102F350222667
:106A30001D502124236E1E502220246E3350235ECD
:106A40003450245A1A5023242F6E1B502420306EA9
:106A50002FC011F030C012F0146A640E136E77EC80
:106A600060F011C02FF012C030F01AC011F01BC03E
:106A700012F0270E146E100E136E77EC60F0F00E0D
:106A80001102F3CF1DF0F4CF1EF01202F3501E26B8
:106A9000D80E1102F3501E269C0E1F6EFF0E206EA4
:106AA0001F502F02F3CF21F0F4CF22F03002F35029
:106AB000222620502F02F3502226F60E236EFF0EC0
:106AC000246E23503102F3CF25F0F4CF26F03202AA
:106AD000F350262624503102F35026262150252437
:106AE000276E22502620286E1D502724296E1E5006
:106AF00028202A6E3350295E34502A5A1A502924ED
:106B00002D6E1B502A202E6E2DC011F02EC012F0BB
:106B1000030E146EE80E136E77EC60F011C02DF0CA
:106B200012C02EF01AC011F01BC012F0270E146E06
:106B3000100E136E77EC60F011C02BF012C02CF029
:106B4000386A000E376E366A000E356EAAEF35F0E1
:106B5000374A382A37501824D96E38501920DA6E3F
:106B6000DF50D8A4B6EF35F0B8EF35F0A8EF35F028
:106B7000BCEF35F0354A362A3550020DF3502B0F55
:106B8000D96EDA6ADE50DE10D8A4C9EF35F0CBEF4B
:106B900035F0D6EF35F0365009E1050E355CD8A05A
:106BA000D4EF35F0D6EF35F0BAEF35F0365007E1D7
:106BB000050E355CD8B0DFEF35F0E1EF35F015EFBD
:106BC00036F008EF36F03550020DF3502B0FD96E2A
:106BD000DA6A010EDB5007E10A0EDE5CD8B0F3EF93
:106BE00035F0F5EF35F006EF36F037501824D96E52
:106BF00038501920DA6E3550020DF3502B0FE16E2C
:106C0000E26AE750300FDF6E374A382A354A362AB3
:106C1000365009E1050E355CD8A011EF36F013EFC0
:106C200036F0E3EF35F01FEF36F037501824D96E09
:106C300038501920DA6E300EDF6E374A382A1C5071
:106C4000D8B425EF36F027EF36F031EF36F0375075
:106C50001824D96E38501920DA6E1CC0DFFF374A6D
:106C6000382A37501824D96E38501920DA6EDF6A66
:106C700012000001776F0001636B000E626F020E5D
:106C8000656F000E646F150E686F360E676F130E1A
:106C90006A6F360E696F100E6C6F360E6B6FA90E31
:106CA000606F010E616F666B020E77655AEF36F00A
:106CB0005CEF36F060EF36F0020E726F62EF36F086
:106CC000010E726F786B77C011F0126A146A030EAE
:106CD000136E57EC5DF011500608176E1250D8A0D5
:106CE000E82A0008186E00017851020DF350620F77
:106CF000D96EDA6ADECF19F0DDCF1AF07251C7EC27
:106D00005AF0060E236E130E226EAE0EE82EFED73C
:106D1000222EFCD7232EFAD777C011F0126A146AFC
:106D2000030E136E57EC5DF01150020DF350670F18
:106D3000D96EDA6ADECF17F0DDCF18F0000172519C
:106D400054EC5EF000017851020DF350730FD96ED0
:106D5000DA6A17C0DEFF18C0DDFF0D0E226EFC0ED2
:106D6000E82EFED7222EFCD70001716B77C011F000
:106D7000126A146A030E136E57EC5DF01150020D87
:106D8000F350670FD96EDA6ADECF17F0DDCF18F057
:106D90000001725154EC5EF017C06FF018C070F033
:106DA00000017851020DF350730FD96EDA6A6A0E42
:106DB0006F25246EFF0E7021256EDE50245C255059
:106DC000800A266EDE50800A2658D8B0EAEF36F0E8
:106DD000ECEF36F012EF37F0960E6F25226E000EB4
:106DE0007021236E7851020DF350730FD96EDA6A59
:106DF0002250DE5CDE50800A266E2350800A265820
:106E0000D8B005EF37F007EF37F012EF37F0140E78
:106E100071610DEF37F00FEF37F012EF37F0712B94
:106E200025EF37F0140E716118EF37F01AEF37F0D5
:106E300025EF37F07851020DF350730FD96EDA6AEF
:106E40006FC0DEFF70C0DDFF716B140E7119D8A426
:106E50002CEF37F02EEF37F0B6EF36F0782B010E2F
:106E6000786535EF37F037EF37F063EF36F0C80E5F
:106E70007525226E000E7621236E7351225C2350FD
:106E8000800A246E7451800A2458D8A04AEF37F043
:106E90004CEF37F061EF37F0C80E7325226E000E0D
:106EA0007421236E7551225C2350800A246E765122
:106EB000800A2458D8B05FEF37F061EF37F063EF06
:106EC00037F0010E666F746B000E736F766B000EF9
:106ED000756F020E226E000E236E7251225E000E3E
:106EE000235A030E2202F3CF24F0F4CF25F023021D
:106EF000F3502526D8902436253677C011F0126A33
:106F0000146A030E136E27EC62F0D8901136123615
:106F1000115000016025266E12506121276E245009
:106F20002624D96E25502720DA6EDECF6DF0DDCF16
:106F30006EF0040E6E5DD8B0A0EF37F0A2EF37F020
:106F4000C5EF37F077C011F0126A146A030E136EA2
:106F500057EC5DF011500608176E1250D8A0E82AC1
:106F60000008186E6DC019F06EC01AF00001725161
:106F7000C7EC5AF0060E236E130E226EAE0EE82EEC
:106F8000FED7222EFCD7232EFAD70001665112001D
:106F9000316A000E306E3B6A3B50D40FD96EDA6A0C
:106FA000DF50D8A4D6EF37F0D8EF37F01AEF39F02A
:106FB000366A3B50040DF350BE0FD96EDA6A3B506F
:106FC000040DF350BC0FE16EE26ADE50E65CDE5069
:106FD000E658D8B0EEEF37F0F0EF37F013EF38F0B7
:106FE0003B50040DF350BC0FD96EDA6ADECF2AF0A5
:106FF000DDCF2BF03B50040DF350BE0FD96EDA6A93
:10700000DECF2CF0DDCF2DF02A502C5C326E2B50D1
:107010002D58336E346AD8A034063450356E010EC4
:10702000366E32EF38F03B50040DF350BE0FD96E80
:10703000DA6ADECF2AF0DDCF2BF03B50040DF3509F
:10704000BC0FD96EDA6ADECF2CF0DDCF2DF02A50DE
:107050002C5C326E2B502D58336E346AD8A0340617
:107060003450356E3B50020D380EF324D96E010EAC
:10707000F420DA6EDECF2AF0DDCF2BF02A502C6E12
:107080002B502D6E2E6A2F6A020ED8902C362D367C
:107090002E362F36E82E45EF38F02CC011F02DC0DB
:1070A00012F02EC013F02FC014F0190E156E000E42
:1070B000166E000E176E000E186E8BEC61F011C08C
:1070C0001DF012C01EF013C01FF014C020F0E80E17
:1070D000216E030E226E000E236E000E246E02EC53
:1070E0005EF01DC037F01EC038F01FC039F020C060
:1070F0003AF0400E3B24D96EDA6A010EDA22DF50F4
:10710000D8A485EF38F087EF38F0FDEF38F0325033
:10711000375C335038583450395835503A58D8A025
:1071200094EF38F096EF38F0C8EF38F03B50040D8C
:10713000F350BE0FD96EDA6A3B50040DF350BC0F0A
:10714000E16EE26ADECFE6FFDDCFE5FF4E0E3B24C7
:10715000116E126A000E1222C5EC66F00009D8A466
:10716000B4EF38F0B6EF38F0BEEF38F03B50D40F44
:10717000D96EDA6A010EDF6EECEF38F0400E3B2478
:10718000D96EDA6A010EDA22010EDF6EECEF38F00A
:107190003604D8A4CEEF38F0D0EF38F0DAEF38F07C
:1071A0003B50040DF350BC0FD96EDA6A3750DE261F
:1071B0003850DD223650D8A4E0EF38F0E2EF38F056
:1071C000ECEF38F03B50040DF350BC0FD96EDA6A87
:1071D0003750DE5E3850DD5A3B50040DF350BC0F83
:1071E000D96EDA6ADECF18F0DDCF19F03B50100D02
:1071F000F350C4EC5FF01AEF39F03B50040DF3503C
:10720000BC0FD96EDA6A3B50040DF350BE0FE16E2D
:10721000E26ADECFE6FFDDCFE5FF3B50D40FD96E4B
:10722000DA6A010EDF6E400E3B24D96EDA6A010E77
:10723000DA22DF6A3B2A030E3B6421EF39F023EFA9
:1072400039F0CCEF37F01200010E0001A26FA76BEE
:1072500037EF39F0A7518825D96E000E8921DA6EF3
:10726000A7518C0FE16EE26ADFCFE7FFA72BA75192
:107270008825D96E000E8921DA6EDF50D8B443EF2D
:1072800039F045EF39F054EF39F0A7518825D96E20
:10729000000E8921DA6E2C0EDE18D8A452EF39F0D8
:1072A00054EF39F02AEF39F0A7518C0FD96EDA6A12
:1072B000DF6AA7518825D96E000E8921DA6E2C0E5F
:1072C000DE18D8A466EF39F068EF39F0BEEF39F078
:1072D000A751D8B46EEF39F070EF39F0BEEF39F046
:1072E000A72BA7C0A1F083EF39F0A7518825D96E4D
:1072F000000E8921DA6EA1519608A725E16EE26A97
:10730000DFCFE7FFA72BA7518825D96E000E892173
:10731000DA6EDF50D8B48FEF39F091EF39F0A0EF8B
:1073200039F0A7518825D96E000E8921DA6E2C0E0E
:10733000DE18D8A49EEF39F0A0EF39F075EF39F0E0
:10734000A1519608A725D96EDA6ADF6AA751882568
:10735000D96E000E8921DA6EDF50D8A4B2EF39F071
:10736000B4EF39F0BEEF39F0A151A719D8B4BBEF93
:1073700039F0BDEF39F0BEEF39F0A26BA251D8A4BD
:10738000C4EF39F0C6EF39F04FEF3AF08C0E2A6EA9
:10739000A30E2B6E80EC42F00001A26F960E2A6EB7
:1073A000A50E2B6E80EC42F00001A227A251D8A4BA
:1073B000DCEF39F0DEEF39F04FEF3AF0A551A35D85
:1073C000A651A459D8B0E7EF39F0E9EF39F04FEF03
:1073D0003AF0A351A411D8B4F0EF39F0F2EF39F03C
:1073E0004FEF3AF0A551A611D8B4F9EF39F0FBEF01
:1073F00039F04FEF3AF0A3C011F0A4C012F0136AB5
:10740000146A980E156E3A0E166E000E176E000E68
:10741000186E8BEC61F011C0D0F012C0D1F013C027
:10742000D2F014C0D3F0A5C011F0A6C012F0136AB8
:10743000146A980E156E3A0E166E000E176E000E38
:10744000186E8BEC61F011C06CF112C06DF113C0BD
:107450006EF114C06FF1010E2B6E750E2A6E0001D5
:10746000A4512C6E76EC64F0010E2B6E740E2A6E15
:10747000A3C02CF076EC64F0010E2B6E770E2A6E12
:107480000001A6512C6E76EC64F0010E2B6E760E88
:107490002A6EA5C02CF076EC64F00001A06BA2511E
:1074A000D8B455EF3AF057EF3AF059EF3AF0010EF1
:1074B000A06FA051300F8AC0D9FF8BC0DAFFDF6EFA
:1074C00020EE01F08A51D9268B51DA227C0EDF6E34
:1074D00020EE02F08A51D9268B51DA22DF6A000EA3
:1074E0001200010E00018C6F88C0D9FF89C0DAFF3D
:1074F000410EDE18D8B47FEF3AF081EF3AF08EEF0C
:107500003AF088C0D9FF89C0DAFF420EDE18D8A44D
:107510008CEF3AF08EEF3AF0D9EF3AF020EE01F02E
:107520008851D9268951DA222C0EDE18D8A49BEF77
:107530003AF09DEF3AF0D9EF3AF020EE02F08851A0
:10754000D9268951DA22310EDE18D8B4AAEF3AF0E2
:10755000ACEF3AF0CAEF3AF020EE02F08851D926AB
:107560008951DA22320EDE18D8B4B9EF3AF0BBEF07
:107570003AF0CAEF3AF020EE02F08851D92689514C
:10758000DA22330EDE18D8A4C8EF3AF0CAEF3AF088
:10759000D9EF3AF020EE03F08851D9268951DA224A
:1075A000DF50D8A4D6EF3AF0D8EF3AF0D9EF3AF05E
:1075B0008C6B8C51D8A4DFEF3AF0E1EF3AF09BEFFF
:1075C0003BF088C0D9FF89C0DAFFDF508E6F20EE14
:1075D00002F08851D9268951DA22DF50D00F8F6FFF
:1075E0008D6B410E8E19D8A4F8EF3AF0FAEF3AF00D
:1075F00008EF3BF0030E8F19D8A401EF3BF003EF27
:107600003BF008EF3BF0000E39EC36F000018D6FD7
:10761000410E8E19D8A40FEF3BF011EF3BF01FEF96
:107620003BF0020E8F19D8A418EF3BF01AEF3BF095
:107630001FEF3BF0010E39EC36F000018D6F410E6B
:107640008E19D8A426EF3BF028EF3BF035EF3BF046
:107650008F05D8A42EEF3BF030EF3BF035EF3BF039
:10766000020E39EC36F000018D6F420E8E19D8A44F
:107670003CEF3BF03EEF3BF04CEF3BF0030E8F193D
:10768000D8A445EF3BF047EF3BF04CEF3BF0030E47
:1076900039EC36F000018D6F420E8E19D8A453EFED
:1076A0003BF055EF3BF063EF3BF0020E8F19D8A48F
:1076B0005CEF3BF05EEF3BF063EF3BF0040E39EC28
:1076C00036F000018D6F420E8E19D8A46AEF3BF0A0
:1076D0006CEF3BF079EF3BF08F05D8A472EF3BF0F5
:1076E00074EF3BF079EF3BF0050E39EC36F000011A
:1076F0008D6F8AC0D9FF8BC0DAFF300EDF6E20EEAF
:1077000001F08A51D9268B51DA227C0EDF6E20EEF1
:1077100002F08A51D9268B51DA22DF6A8AC018F02A
:107720008BC019F08DC01AF01B6A000E1C6EA7ECFE
:1077300034F0B0EF3BF08AC0D9FF8BC0DAFF310ED6
:10774000DF6E20EE01F08A51D9268B51DA227C0EB1
:10775000DF6E20EE02F08A51D9268B51DA22DF6AE1
:10776000000E1200010E0001926F88C0D9FF89C07F
:10777000DAFF410EDE18D8B4C0EF3BF0C2EF3BF0A9
:10778000CFEF3BF088C0D9FF89C0DAFF420EDE1888
:10779000D8A4CDEF3BF0CFEF3BF0DEEF3BF020EE97
:1077A00001F08851D9268951DA22DF50D8A4DBEFC5
:1077B0003BF0DDEF3BF0DEEF3BF0926B9251D8A453
:1077C000E4EF3BF0E6EF3BF0DBEF3CF088C0D9FFA5
:1077D00089C0DAFF410EDE18D8A4F1EF3BF0F3EFD9
:1077E0003BF0FDEF3BF0186A000E176E010E54ECF3
:1077F0005EF017C093F018C094F088C0D9FF89C01C
:10780000DAFF420EDE18D8A408EF3CF00AEF3CF095
:1078100014EF3CF0186A000E176E020E54EC5EF086
:1078200017C093F018C094F093C089F094C08AF008
:107830000F0E00018B6FD8908A3389338B2F1BEF8B
:107840003CF08951010B8E6F93C089F094C08AF08F
:107850000B0E8B6FD8908A3389338B2F2AEF3CF035
:107860000F0E8917000E8A17DC0E89258C6F070E04
:107870008A218D6F93C089F094C08AF0070E8B6FB8
:10788000D8908A3389338B2F40EF3CF089510F0B0E
:107890008F6F93C089F094C08AF0D8908A3389336F
:1078A000D8908A33893389511F0B906F9351030B02
:1078B000916F8AC0D9FF8BC0DAFF300EDF6E20EEE9
:1078C00001F08A51D9268B51DA227C0EDF6E20EE30
:1078D00002F08A51D9268B51DA22DF6A8AC011F070
:1078E0008BC012F0400E136E000E146E47EC5CF06D
:1078F0008AC011F08BC012F000018E51410F136E3F
:107900002C0E146E3EEC60F08AC011F08BC012F0A9
:10791000450E136E000E146E47EC5CF08AC018F032
:107920008BC019F090C01AF01B6A2C0E1C6EA7ECCD
:1079300034F08AC011F08BC012F0330E136E000EBB
:10794000146E47EC5CF08AC018F08BC019F08FC041
:107950001AF01B6A2C0E1C6EA7EC34F08AC011F0D2
:107960008BC012F03A0E136E000E146E47EC5CF0F2
:107970008AC018F08BC019F08CC01AF08DC01BF0B3
:107980002C0E1C6EA7EC34F08AC011F08BC012F0E4
:107990002A0E136E000E146E47EC5CF08AC018F0CD
:1079A0008BC019F091C01AF01B6A000E1C6EA7EC78
:1079B00034F0F0EF3CF08AC0D9FF8BC0DAFF310E13
:1079C000DF6E20EE01F08A51D9268B51DA227C0E2F
:1079D000DF6E20EE02F08A51D9268B51DA22DF6A5F
:1079E000000E1200246A000E236E226A000E216E21
:1079F000FCEF3CF0214A222A21501124D96E22505A
:107A00001220DA6EDF50D8A408EF3DF00AEF3DF007
:107A1000FAEF3CF013C018F014C019F00C0E1A6EF7
:107A2000D890193218321A2E10EF3DF018500F0B63
:107A30001B6E14500F0B1C6E13C018F014C019F0FD
:107A4000040E1A6ED890193218321A2E22EF3DF019
:107A500018500F0B1D6E13500F0B1E6E32EF3DF0C2
:107A6000234A242A23501B0FD96EDA6ADF50D8A488
:107A70003CEF3DF03EEF3DF049EF3DF0245009E191
:107A8000040E235CD8A047EF3DF049EF3DF030EF06
:107A90003DF0245007E1040E235CD8B052EF3DF0D6
:107AA00054EF3DF0DDEF3DF0152808E11628D8B47D
:107AB0005CEF3DF05EEF3DF0D0EF3DF0040E186E50
:107AC000000E196E2350185E2450195A1550185C78
:107AD00016501958D8B06FEF3DF071EF3DF0D0EF70
:107AE0003DF0235004081F6E2450D8A0E82A000857
:107AF000206E87EF3DF021501124D96E22501220C4
:107B0000DA6E300EDF6E214A222A1F4A202A1550D3
:107B10001F5C2050800A186E1650800A1858D8A092
:107B200094EF3DF096EF3DF07BEF3DF0D0EF3DF070
:107B300023501B0FD96EDA6A0A0EDF60A2EF3DF008
:107B4000A4EF3DF0B3EF3DF021501124D96E225047
:107B50001220DA6E23501B0FE16EE26AE750300FFD
:107B6000DF6E214A222A23501B0FD96EDA6A090ED2
:107B7000DF64BDEF3DF0BFEF3DF0D0EF3DF02150B1
:107B80001124D96E22501220DA6E23501B0FE16EA1
:107B9000E26AE750370FDF6E214A222A234A242A5D
:107BA000245009E1040E235CD8A0D9EF3DF0DBEFAF
:107BB0003DF098EF3DF015EF3EF0152808E116284E
:107BC000D8B4E5EF3DF0E7EF3DF015EF3EF016BE1F
:107BD000F5EF3DF0165007E1040E155CD8B0F3EF59
:107BE0003DF0F5EF3DF015EF3EF0206A000E1F6E00
:107BF00006EF3EF021501124D96E22501220DA6E89
:107C0000300EDF6E214A222A1F4A202A15501F5C9F
:107C10002050800A186E1650800A1858D8A013EF0A
:107C20003EF015EF3EF0FAEF3DF01750D8B41BEFE1
:107C30003EF01DEF3EF027EF3EF021501124D96EAB
:107C400022501220DA6E17C0DFFF214A222A21506B
:107C50001124D96E22501220DA6EDF6A1200A40EAF
:107C6000116EF4EC59F00001A36BB26BB251020D2E
:107C7000F350A40FD96EDA6ADECF11F0DDCF12F027
:107C8000010E146E360E136E77EC60F011C0AAF080
:107C900012C0ABF00001B251020DF350A40FD96E27
:107CA000DA6ADECF89F0DDCF8AF0CA0E8B6FFE0E66
:107CB0008C6F8B51AA03F3CF8DF0F4CF8EF0AB0312
:107CC000F3508E278C51AA03F3508E2789518D25AE
:107CD0008F6F8A518E21906F8FC011F090C012F07B
:107CE000136A146AE40E156E0C0E166E000E176EF3
:107CF000000E186E8BEC61F011C0ACF012C0ADF04C
:107D000013C0AEF014C0AFF0ACC089F0ADC08AF0C3
:107D1000AEC08BF0AFC08CF00B0E95EF3EF00001C3
:107D2000D8908C338B338A338933E82E8FEF3EF033
:107D300089C0ACF08AC0ADF08BC0AEF08CC0AFF0A3
:107D4000ACC0B0F0ADC0B1F0B251060DF350910F20
:107D5000D96EDA6AAA51300FDF6EB251060DF3CF39
:107D600089F0010E89278951910FD96EDA6A2C0E9C
:107D7000DF6EB251060DF3CF89F0020E89278951CB
:107D8000910FD96EDA6AB0C011F0B1C012F0146A66
:107D9000640E136E77EC60F01150300FDF6E00014F
:107DA000B251060DF3CF89F0030E89278951910F47
:107DB000D96EDA6AB0C011F0B1C012F0146A0A0EBE
:107DC000136E77EC60F011C08AF012C08BF0B0C077
:107DD00011F0B1C012F0146A640E136E77EC60F00B
:107DE0001150F60DF35000018A25300FDF6EB251AD
:107DF000060DF3CF89F0040E89278951910FD96EB2
:107E0000DA6AB0C011F0B1C012F0146A0A0E136E33
:107E100077EC60F01150F60DF3500001B025300FF3
:107E2000DF6EB251060DF3CF89F0050E8927895117
:107E3000910FD96EDA6A200EDF6EB22B020EB26598
:107E400024EF3FF026EF3FF036EF3EF0A26BA35158
:107E5000300F8AC0D9FF8BC0DAFFDF6E20EE01F051
:107E60008A51D9268B51DA227C0EDF6E20EE02F089
:107E70008A51D9268B51DA22760EDF6E20EE03F07E
:107E80008A51D9268B51DA223A0EDF6E20EE04F0A9
:107E90008A51D9268B51DA22DF6A8AC011F08BC051
:107EA00012F0910E136E146A000E156EAEEC5DF0BA
:107EB000000E1200010E0001A86F88C0D9FF89C012
:107EC000DAFF410EDE18D8B468EF3FF06AEF3FF0FA
:107ED00077EF3FF088C0D9FF89C0DAFF420EDE1885
:107EE000D8A475EF3FF077EF3FF054EF40F020EE6D
:107EF00001F08851D9268951DA222C0EDE18D8A437
:107F000084EF3FF086EF3FF054EF40F088C0D9FF98
:107F100089C0DAFFDF50C00FA26F020EA96F020EF8
:107F2000AA6FA1EF3FF0AA518825D96E000E8921D2
:107F3000DA6EA9518E08AA25E16EE26ADFCFE7FF6B
:107F4000AA2BAA518825D96E000E8921DA6E2C0E33
:107F5000DE18D8B4AEEF3FF0B0EF3FF0BEEF3FF029
:107F6000AA518825D96E000E8921DA6EDF50D8A477
:107F7000BCEF3FF0BEEF3FF093EF3FF0A9518E080A
:107F8000AA25D96EDA6ADF6AAA518825D96E000E51
:107F90008921DA6E2C0EDE18D8A4D1EF3FF0D3EF92
:107FA0003FF054EF40F0A951AA19D8B4DAEF3FF0EE
:107FB000DCEF3FF054EF40F0AA2BAAC0A9F0EFEF9E
:107FC0003FF0AA518825D96E000E8921DA6EA95199
:107FD0009808AA25E16EE26ADFCFE7FFAA2BAA5133
:107FE0008825D96E000E8921DA6E2C0EDE18D8B4E1
:107FF000FCEF3FF0FEEF3FF00CEF40F0AA51882578
:10800000D96E000E8921DA6EDF50D8A40AEF40F055
:108010000CEF40F0E1EF3FF0A9519808AA25D96E86
:10802000DA6ADF6AAA518825D96E000E8921DA6ED4
:10803000DF50D8A41EEF40F020EF40F054EF40F0A6
:10804000A951AAC08CF08D6B8C5F000E8D5B8C519A
:108050008D11D8B42EEF40F030EF40F054EF40F0E7
:108060008E0E2A6EA40E2B6E80EC42F00001A86FDB
:10807000980E2A6EA60E2B6E80EC42F00001A82509
:10808000A86FA851D8A447EF40F049EF40F054EF53
:1080900040F0A4C017F0A5C018F0A6C019F0A7C002
:1080A0001AF0A251C7EC5AF00001A851D8A45BEF16
:1080B00040F05DEF40F060EF40F0A36B62EF40F006
:1080C000010EA36FA351300F8AC0D9FF8BC0DAFF16
:1080D000DF6E20EE01F08A51D9268B51DA227C0E18
:1080E000DF6E20EE02F08A51D9268B51DA22DF6A48
:1080F000000E1200010E00018D6F88C0D9FF89C0EB
:10810000DAFF410EDE18D8B488EF40F08AEF40F075
:1081100097EF40F088C0D9FF89C0DAFF420EDE1821
:10812000D8A495EF40F097EF40F0D3EF40F020EE69
:1081300001F08851D9268951DA222C0EDE18D8A4F4
:10814000A4EF40F0A6EF40F0D3EF40F020EE02F0B5
:108150008851D9268951DA22310EDE18D8B4B3EF0E
:1081600040F0B5EF40F0C4EF40F020EE02F088514F
:10817000D9268951DA22320EDE18D8A4C2EF40F097
:10818000C4EF40F0D3EF40F020EE03F08851D92641
:108190008951DA22DF50D8A4D0EF40F0D2EF40F07E
:1081A000D3EF40F08D6B8D51D8A4D9EF40F0DBEFC9
:1081B00040F060EF41F088C0D9FF89C0DAFFDF509E
:1081C000896F20EE02F08851D9268951DA22DF50DA
:1081D0008A6F8951020DF350210F8A25D96EDA6A10
:1081E000DE04D8A4F6EF40F0F8EF40F001EF41F0E4
:1081F0008AC011F08B0E126E895187EC59F0000184
:108200008D6F8D51D8A407EF41F009EF41F060EF79
:1082100041F08951020DF350210F8A25D96EDA6A97
:10822000DE04D8A416EF41F018EF41F03BEF41F027
:108230008AC0D9FF8BC0DAFF300EDF6E20EE01F06E
:108240008A51D9268B51DA227C0EDF6E20EE02F0A5
:108250008A51D9268B51DA22DF6A8AC018F08BC086
:1082600019F08BC01AF08CC01BF0000E1C6EA7EC2E
:1082700034F060EF41F08AC0D9FF8BC0DAFF300ED6
:10828000DF6E20EE01F08A51D9268B51DA227C0E66
:10829000DF6E20EE02F08A51D9268B51DA224E0E83
:1082A000DF6E20EE03F08A51D9268B51DA22430E7D
:1082B000DF6E20EE04F08A51D9268B51DA22DF6A74
:1082C00000018D05D8A467EF41F069EF41F07EEF22
:1082D00041F08AC0D9FF8BC0DAFF320EDF6E20EE8C
:1082E00001F08A51D9268B51DA227C0EDF6E20EE06
:1082F00002F08A51D9268B51DA22DF6A000E120071
:10830000010E0001896F88C0D9FF89C0DAFF410ED4
:10831000DE18D8B48EEF41F090EF41F09DEF41F0C0
:1083200088C0D9FF89C0DAFF420EDE18D8A49BEFBF
:1083300041F09DEF41F0D9EF41F020EE01F088517E
:10834000D9268951DA222C0EDE18D8A4AAEF41F0E2
:10835000ACEF41F0D9EF41F020EE02F08851D92680
:108360008951DA22310EDE18D8B4B9EF41F0BBEFF3
:1083700041F0CAEF41F020EE02F08851D926895130
:10838000DA22320EDE18D8A4C8EF41F0CAEF41F06D
:10839000D9EF41F020EE03F08851D9268951DA2235
:1083A000DF50D8A4D6EF41F0D8EF41F0D9EF41F03B
:1083B000896B8951D8A4DFEF41F0E1EF41F069EF1B
:1083C00042F088C0D9FF89C0DAFFDF508C6F20EE01
:1083D00002F08851D9268951DA22DF50D00F8D6FF3
:1083E000410E8C19D8A4F7EF41F0F9EF41F005EFF9
:1083F00042F08D05D8A4FFEF41F001EF42F005EF08
:1084000042F0E2C08AF0E3C08BF0410E8C19D8A490
:108410000CEF42F00EEF42F01BEF42F0020E8D190E
:10842000D8A415EF42F017EF42F01BEF42F0E0C086
:108430008AF0E1C08BF0420E8C19D8A422EF42F0F2
:1084400024EF42F030EF42F08D05D8A42AEF42F03D
:108450002CEF42F030EF42F0DEC08AF0DFC08BF04C
:10846000420E8C19D8A437EF42F039EF42F046EFB4
:1084700042F0020E8D19D8A440EF42F042EF42F0D4
:1084800046EF42F0DCC08AF0DDC08BF08AC0D9FF35
:108490008BC0DAFF300EDF6E20EE01F08A51D92654
:1084A0008B51DA227C0EDF6E20EE02F08A51D92643
:1084B0008B51DA22DF6A8AC018F08BC019F08AC0AB
:1084C0001AF08BC01BF0000E1C6EA7EC34F07EEF90
:1084D00042F08AC0D9FF8BC0DAFF310EDF6E20EE8A
:1084E00001F08A51D9268B51DA227C0EDF6E20EE04
:1084F00002F08A51D9268B51DA22DF6A000E12006F
:108500002A50D96EDA6A300EDE18D8A48AEF42F00B
:108510008CEF42F02DEF43F02A50D96EDA6A010E4B
:10852000D926780EDE18D8B498EF42F09AEF42F0D0
:10853000A8EF42F02A50D96EDA6A010ED926580EF9
:10854000DE18D8A4A6EF42F0A8EF42F02DEF43F0DA
:10855000020E2E6E010E2D6E2A502E24D96EDA6A6E
:108560002F0EDF64B6EF42F0B8EF42F0C5EF42F0F5
:108570002A502E24D96EDA6A3A0EDF60C2EF42F03A
:10858000C4EF42F0C5EF42F02D6A2A502E24D96E76
:10859000DA6A400EDF64CFEF42F0D1EF42F0DEEF57
:1085A00042F02A502E24D96EDA6A470EDF60DBEFE4
:1085B00042F0DDEF42F0DEEF42F02D6A2A502E2429
:1085C000D96EDA6A600EDF64E8EF42F0EAEF42F05B
:1085D000F7EF42F02A502E24D96EDA6A670EDF6078
:1085E000F4EF42F0F6EF42F0F7EF42F02D6A2E2A58
:1085F0002A502E24D96EDA6ADF50D8B402EF43F045
:1086000004EF43F00CEF43F02D50D8B40AEF43F0E1
:108610000CEF43F0AAEF42F0070E2E6012EF43F08A
:1086200014EF43F029EF43F02D50D8A41AEF43F094
:108630001CEF43F029EF43F02AC011F073EC46F031
:108640002B50D96EDA6A11C0DEFF12C0DDFF7EEF5B
:1086500043F0010E2D6E7EEF43F02E6A2D6A4FEF30
:1086600043F02A502E24D96EDA6A2F0EDF643BEFD6
:1086700043F03DEF43F04CEF43F02A502E24D96EE7
:10868000DA6A3A0EDF6047EF43F049EF43F04CEF10
:1086900043F02D6A4EEF43F0010E2D6E2E2A2A5024
:1086A0002E24D96EDA6ADF50D8B459EF43F05BEF6D
:1086B00043F063EF43F02D50D8B461EF43F063EF24
:1086C00043F031EF43F0060E2E6069EF43F06BEF9D
:1086D00043F029EF43F02D50D8A471EF43F073EF2E
:1086E00043F029EF43F02AC01DF0EEEC50F02B5080
:1086F000D96EDA6A1DC0DEFF1EC0DDFF2D501200EC
:10870000010E00018C6F040E8D6F88C0D9FF89C0E7
:10871000DAFF410EDE18D8B490EF43F092EF43F049
:108720009FEF43F088C0D9FF89C0DAFF420EDE1800
:10873000D8A49DEF43F09FEF43F0DBEF43F020EE32
:1087400001F08851D9268951DA222C0EDE18D8A4DE
:10875000ACEF43F0AEEF43F0DBEF43F020EE02F07E
:108760008851D9268951DA22310EDE18D8B4BBEFF0
:1087700043F0BDEF43F0CCEF43F020EE02F0885120
:10878000D9268951DA22320EDE18D8A4CAEF43F076
:10879000CCEF43F0DBEF43F020EE03F08851D92615
:1087A0008951DA22DF50D8A4D8EF43F0DAEF43F052
:1087B000DBEF43F08C6B8C51D8A4E1EF43F0E3EF97
:1087C00043F05BEF44F088C0D9FF89C0DAFF410E67
:1087D000DE18D8A4EEEF43F0F0EF43F001EF44F0E1
:1087E00020EE02F08851D9268951DA22310EDE18A6
:1087F000D8A4FDEF43F0FFEF43F001EF44F0D4C005
:108800008DF088C0D9FF89C0DAFF410EDE18D8A4E8
:108810000CEF44F00EEF44F01FEF44F020EE02F0B6
:108820008851D9268951DA22320EDE18D8A41BEFDE
:1088300044F01DEF44F01FEF44F0D5C08DF088C028
:10884000D9FF89C0DAFF420EDE18D8A42AEF44F01F
:108850002CEF44F03DEF44F020EE02F08851D92691
:108860008951DA22310EDE18D8A439EF44F03BEFFB
:1088700044F03DEF44F0D6C08DF088C0D9FF89C0E8
:10888000DAFF420EDE18D8A448EF44F04AEF44F075
:108890005BEF44F020EE02F08851D9268951DA22AC
:1088A000320EDE18D8A457EF44F059EF44F05BEFD6
:1088B00044F0D7C08DF08AC0D9FF8BC0DAFF300EEC
:1088C000DF6E20EE01F08A51D9268B51DA227C0E20
:1088D000DF6E20EE02F08A51D9268B51DA22DF6A50
:1088E0008AC018F08BC019F08DC01AF01B6A000EF8
:1088F0001C6EA7EC34F0000E1200010E00019D6FFB
:1089000088C0D9FF89C0DAFF410EDE18D8B48BEFDA
:1089100044F08DEF44F09AEF44F088C0D9FF89C04D
:10892000DAFF420EDE18D8A498EF44F09AEF44F034
:1089300054EF45F020EE01F08851D9268951DA2212
:108940002C0EDE18D8A4A7EF44F0A9EF44F054EFA2
:1089500045F020EE02F08851D9268951DA22310EF5
:10896000DE18D8B4B6EF44F0B8EF44F0C7EF44F0E7
:1089700020EE02F08851D9268951DA22320EDE1813
:10898000D8A4C5EF44F0C7EF44F054EF45F020EE13
:1089900003F08851D9268951DA222C0EDE18D8A48A
:1089A000D4EF44F0D6EF44F054EF45F0040E9E6F40
:1089B000040E9F6FEAEF44F09F518825D96E000E98
:1089C0008921DA6E9E518E089F25E16EE26ADFCF23
:1089D000E7FF9F2B9F518825D96E000E8921DA6E03
:1089E000DF50D8B4F6EF44F0F8EF44F007EF45F06D
:1089F0009F518825D96E000E8921DA6E2C0EDE1863
:108A0000D8A405EF45F007EF45F0DCEF44F09E51A8
:108A10008E089F25D96EDA6ADF6A9F518825D96E44
:108A2000000E8921DA6EDF50D8A419EF45F01BEF54
:108A300045F054EF45F09E519FC08CF08D6B8C5FDC
:108A4000000E8D5B8C518D11D8B429EF45F02BEFC2
:108A500045F054EF45F08E0E2A6E9B0E2B6E80EC87
:108A600042F000019D6F88C0D9FF89C0DAFFDF5056
:108A70009A6F20EE02F08851D9268951DA22DF5010
:108A8000986F9D51D8A447EF45F049EF45F054EF5A
:108A900045F098C02FF09BC030F09CC031F09A5147
:108AA00034EC48F000019D6F9D51D8A45AEF45F079
:108AB0005CEF45F05FEF45F0996B61EF45F0010E1B
:108AC000996F9951300F8AC0D9FF8BC0DAFFDF6EE2
:108AD00020EE01F08A51D9268B51DA227C0EDF6E0E
:108AE00020EE02F08A51D9268B51DA22DF6A000E7D
:108AF0001200286A256A296A2A6A20EE02F01650B6
:108B0000D9261750DA2210EE04F01650E12617503D
:108B1000E222DE50E61807E1DE50E618D8A493EF13
:108B200045F095EF45F09AEF45F0176A040E166E82
:108B300072EF46F0276A000E266E246A000E236E3E
:108B400020EE02F01650D9261750DA22DECF1FF0A1
:108B5000DDCF20F020EE04F01650D9261750DA228F
:108B6000DECF21F0DDCF22F01FC02BF020C02CF093
:108B700047EF46F02B5016241B6E2C5017201C6E0E
:108B8000060E1B24D96E000E1C20DA6EDF502D6EEF
:108B9000010E2B24116E000E2C20126E16C0D9FF70
:108BA00017C0DAFFDECF13F0DDCF14F027EC62F050
:108BB00011C02BF012C02CF0234A242A020E2D18CB
:108BC000D8B4E5EF45F0E7EF45F00BEF46F0060EC1
:108BD0002D18D8B4EEEF45F0F0EF45F00BEF46F06E
:108BE0001B0E2D18D8B4F7EF45F0F9EF45F00BEF59
:108BF00046F0150E2D18D8B400EF46F002EF46F0FF
:108C00000BEF46F01A0E2D18D8A409EF46F00BEF23
:108C100046F01CEF46F019C0D9FF1AC0DAFF23C096
:108C2000DEFF24C0DDFF286A276A010E266E010ED2
:108C3000256E296A47EF46F02550D8B422EF46F05A
:108C400024EF46F047EF46F0264A272A2950D8A4B9
:108C50002CEF46F02EEF46F03BEF46F0030E2D18BA
:108C6000D8A435EF46F037EF46F047EF46F0010E57
:108C7000296E47EF46F0282A020E2818D8A443EFA1
:108C800046F045EF46F047EF46F0010E2A6E2A50B7
:108C9000D8A44DEF46F04FEF46F05BEF46F0215081
:108CA0002B1807E122502C18D8A459EF46F05BEF9F
:108CB00046F0BAEF45F02A50D8B461EF46F063EFC2
:108CC00046F06FEF46F01850D96EDA6A26C0DEFF24
:108CD00027C0DDFF176A000E166E72EF46F0176AA6
:108CE000030E166E1200196A000E186E176A000E37
:108CF000166E1150D96EDA6A300EDE18D8A483EFE2
:108D000046F085EF46F03FEF47F01150D96EDA6A32
:108D1000010ED926780EDE18D8B491EF46F093EF05
:108D200046F0A1EF46F01150D96EDA6A010ED9264D
:108D3000580EDE18D8A49FEF46F0A1EF46F03FEFA3
:108D400047F01B6A020E1A6E28EF47F011501A24E2
:108D5000D96EDA6A2F0EDF64B0EF46F0B2EF46F05C
:108D6000C7EF46F011501A24D96EDA6A3A0EDF6066
:108D7000BCEF46F0BEEF46F0C7EF46F011501A24A4
:108D8000D96EDA6ADF50D00F156E0BEF47F0115035
:108D90001A24D96EDA6A400EDF64D1EF46F0D3EFC1
:108DA00046F0E8EF46F011501A24D96EDA6A470E01
:108DB000DF60DDEF46F0DFEF46F0E8EF46F0115000
:108DC0001A24D96EDA6ADF50C90F156E0BEF47F01F
:108DD00011501A24D96EDA6A600EDF64F2EF46F0A1
:108DE000F4EF46F009EF47F011501A24D96EDA6A11
:108DF000670EDF60FEEF46F000EF47F009EF47F047
:108E000011501A24D96EDA6ADF50A90F156E0BEFD4
:108E100047F01868196818501910D8A412EF47F0D5
:108E200014EF47F028EF47F016C013F017C014F006
:108E3000133A143AF00E141613500F0B1412F00ECE
:108E4000131615501310166E1450176E1A4A1B2A5B
:108E500011501A24D96EDA6ADF50D8B432EF47F0D5
:108E600034EF47F042EF47F018501910D8B43BEFF9
:108E700047F03DEF47F0A6EF46F042EF47F0196AA2
:108E8000000E186E18501910D8A449EF47F04BEF98
:108E900047F051EF47F016C011F017C012F055EF30
:108EA00047F018C011F019C012F01200010E0001B5
:108EB000A36FA96B69EF47F0A9518825D96E000E01
:108EC0008921DA6EA9518E0FE16EE26ADFCFE7FFEA
:108ED000A92BA9518825D96E000E8921DA6EDF50A1
:108EE000D8B475EF47F077EF47F086EF47F0A95118
:108EF0008825D96E000E8921DA6E2C0EDE18D8A4D2
:108F000084EF47F086EF47F05CEF47F0A9518E0FF2
:108F1000D96EDA6ADF6AA9518825D96E000E8921D7
:108F2000DA6E2C0EDE18D8A498EF47F09AEF47F0CF
:108F30000EEF48F0A951D8B4A0EF47F0A2EF47F0E8
:108F40000EEF48F0A92BA9C0A8F0B5EF47F0A95142
:108F50008825D96E000E8921DA6EA8519808A925B6
:108F6000E16EE26ADFCFE7FFA92BA9518825D96E10
:108F7000000E8921DA6EDF50D8B4C1EF47F0C3EF9D
:108F800047F0D2EF47F0A9518825D96E000E89210C
:108F9000DA6E2C0EDE18D8A4D0EF47F0D2EF47F0EF
:108FA000A7EF47F0A8519808A925D96EDA6ADF6AB9
:108FB000A9518825D96E000E8921DA6EDF50D8A418
:108FC000E4EF47F0E6EF47F00EEF48F0A851A9C0F4
:108FD0008CF08D6B8C5F000E8D5B8C518D11D8B435
:108FE000F4EF47F0F6EF47F00EEF48F08E0E2A6EE2
:108FF000A40E2B6E80EC42F00001A36F980E2A6E37
:10900000A60E2B6E80EC42F00001A327A4C02AF02C
:10901000A5C02BF0A6C02CF076EC64F00001A351A3
:10902000D8A415EF48F017EF48F01AEF48F0A26BFC
:109030001CEF48F0020EA26FA251300F8AC0D9FF78
:109040008BC0DAFFDF6E20EE01F08A51D9268B51FA
:10905000DA227C0EDF6E20EE02F08A51D9268B5187
:10906000DA22DF6A000E1200336E326A410E3318C4
:10907000D8A43DEF48F03FEF48F06CEF48F0310ED8
:109080002F18D8A446EF48F048EF48F06CEF48F0AE
:109090002D0E305C010E3158D8B051EF48F053EF2F
:1090A00048F06AEF48F030C0E2F031C0E3F0010E62
:1090B0002B6E6D0E2A6E0001E3512C6E76EC64F07F
:1090C000010E2B6E6C0E2A6EE2C02CF076EC64F072
:1090D0006CEF48F0010E326E410E3318D8A473EFD6
:1090E00048F075EF48F0A2EF48F0320E2F18D8A4E0
:1090F0007CEF48F07EEF48F0A2EF48F0910E305C34
:10910000010E3158D8B087EF48F089EF48F0A0EF52
:1091100048F030C0E0F031C0E1F0010E2B6E6F0E70
:109120002A6E0001E1512C6E76EC64F0010E2B6E7C
:109130006E0E2A6EE0C02CF076EC64F0A2EF48F0E0
:10914000010E326E420E3318D8A4A9EF48F0ABEFEF
:1091500048F0D8EF48F0310E2F18D8A4B2EF48F0FD
:10916000B4EF48F0D8EF48F02D0E305C010E3158C6
:10917000D8B0BDEF48F0BFEF48F0D6EF48F030C0B0
:10918000DEF031C0DFF0010E2B6E710E2A6E000191
:10919000DF512C6E76EC64F0010E2B6E700E2A6E91
:1091A000DEC02CF076EC64F0D8EF48F0010E326EA1
:1091B000420E3318D8A4DFEF48F0E1EF48F00EEF8D
:1091C00049F0320E2F18D8A4E8EF48F0EAEF48F043
:1091D0000EEF49F0910E305C010E3158D8B0F3EF2C
:1091E00048F0F5EF48F00CEF49F030C0DCF031C04A
:1091F000DDF0010E2B6E730E2A6E0001DD512C6E18
:1092000076EC64F0010E2B6E720E2A6EDCC02CF030
:1092100076EC64F00EEF49F0010E326E325012001F
:10922000196E1950D8B417EF49F019EF49F03BEF18
:1092300049F014BE20EF49F01EEF49F03BEF49F032
:1092400011C015F012C016F013C017F014C018F0BA
:10925000151E161E171E181E152A000E162217227E
:10926000182215C01BF016C01CF017C01DF018C046
:109270001EF043EF49F011C01BF012C01CF013C0E8
:109280001DF014C01EF01150121013101410D8A4A9
:109290004CEF49F04EEF49F058EF49F0000E116ED7
:1092A000000E126E000E136E000E146EE9EF49F000
:1092B000960E1A6E62EF49F01A2AD8901E321D32AD
:1092C0001C321B32000E1B14156E000E1C14166E81
:1092D000000E1D14176EFE0E1E14186E155016107B
:1092E00017101810D8A477EF49F079EF49F05CEF28
:1092F00049F087EF49F01A2A010E1B26000E1C22A6
:109300001D221E22D8901E321D321C321B32000E2E
:109310001B14156E000E1C14166E000E1D14176E15
:10932000FF0E1E14186E1550161017101810D8A422
:109330009CEF49F09EEF49F07BEF49F0A6EF49F032
:109340001A06D8901B361C361D361E361DBEABEFD6
:1093500049F0ADEF49F0B5EF49F0020E1A60B3EFF6
:1093600049F0B5EF49F0A0EF49F01AB0BAEF49F073
:10937000BCEF49F0BDEF49F01D9ED8901A321AC0DB
:1093800015F0166A176A186A15C018F0176A166A77
:10939000156A15501B1216501C1217501D1218502A
:1093A0001E121950D8B4D7EF49F0D9EF49F0E1EFC8
:1093B00049F014BEE0EF49F0DEEF49F0E1EF49F08B
:1093C0001E8E1BC011F01CC012F01DC013F01EC079
:1093D00014F01200010E0001986F88C0D9FF89C0F7
:1093E000DAFF410EDE18D8B4F8EF49F0FAEF49F091
:1093F00007EF4AF088C0D9FF89C0DAFF420EDE18B5
:10940000D8A405EF4AF007EF4AF07CEF4AF020EECF
:1094100001F08851D9268951DA222C0EDE18D8A401
:1094200014EF4AF016EF4AF07CEF4AF0020E9B6F01
:10943000020E9C6F2AEF4AF09C518825D96E000ECF
:109440008921DA6E9B518C089C25E16EE26ADFCFA0
:10945000E7FF9C2B9C518825D96E000E8921DA6E7E
:109460002C0EDE18D8B437EF4AF039EF4AF047EF48
:109470004AF09C518825D96E000E8921DA6EDF50A2
:10948000D8A445EF4AF047EF4AF01CEF4AF09B5151
:109490008C089C25D96EDA6ADF6A9C518825D96EC2
:1094A000000E8921DA6EDF50D8A459EF4AF05BEF45
:1094B0004AF07CEF4AF09B519C19D8B462EF4AF015
:1094C00064EF4AF07CEF4AF08C0E2A6E990E2B6EF8
:1094D00080EC42F00001986F99C017F09AC018F024
:1094E00088C0D9FF89C0DAFFDF50C00F54EC5EF0AE
:1094F00017C096F018C097F000019851D8A483EFD8
:109500004AF085EF4AF0A8EF4AF08AC0D9FF8BC035
:10951000DAFF300EDF6E20EE01F08A51D9268B5132
:10952000DA227C0EDF6E20EE02F08A51D9268B51B2
:10953000DA22DF6A8AC018F08BC019F096C01AF0E0
:1095400097C01BF0000E1C6EA7EC34F0BDEF4AF084
:109550008AC0D9FF8BC0DAFF310EDF6E20EE01F03A
:109560008A51D9268B51DA227C0EDF6E20EE02F072
:109570008A51D9268B51DA22DF6A000E12001A6E48
:1095800011EC67F0000E116E000E126E000E03EC6F
:1095900060F0880E1F6E1A50FF0A0001F815206E49
:1095A000F8511A10216E20C083FF9E96880E89EC18
:1095B00066F09EA6DEEF4AF0E0EF4AF0D9EF4AF0FF
:1095C000C950A8EC66F0010E226E21C083FF0A0E7E
:1095D000E82EFED720C083FF9E962250100DF35038
:1095E0001F24196E195089EC66F09EA6FAEF4AF016
:1095F000FCEF4AF0F5EF4AF0C950166E176A163ABA
:10960000173AF00E171616500F0B1712F00E16160B
:10961000F00E16141D6EFF0E17141E6EA8EC66F0E9
:10962000166E16501B6E1C6A1BC016F01CC017F07D
:10963000040E186ED89017321632182E1AEF4BF00F
:109640000F0E1616000E171616501D2617501E2246
:109650002250020D1550F324D96EDA6AFE0ED92677
:109660001DC0DEFF1EC0DDFF222A070E22643BEF75
:109670004BF03DEF4BF0E5EF4AF021C083FF0A0EBF
:10968000E82EFED720C083FF9E961F5089EC66F01F
:109690009EA64DEF4BF04FEF4BF048EF4BF0C9500B
:1096A000166E176A163A173AF00E171616500F0B69
:1096B0001712F00E1616F00E16141D6EFF0E17146C
:1096C0001E6EA8EC66F0166E16501B6E1C6A1BC050
:1096D00016F01CC017F0040E186ED8901732163210
:1096E000182E6DEF4BF00F0E1616000E17161650B3
:1096F0001D2617501E221550D96EDA6A0E0ED92675
:109700001DC0DEFF1EC0DDFF21C083FF11EC67F02E
:10971000010E116E010E126E000E03EC60F01200CD
:10972000010E00018D6F88C0D9FF89C0DAFF300EAD
:10973000DE18D8B49EEF4BF0A0EF4BF0ADEF4BF03E
:1097400088C0D9FF89C0DAFF310EDE18D8A4ABEF8C
:109750004BF0ADEF4BF0E9EF4BF020EE01F088510C
:10976000D9268951DA222C0EDE18D8A4BAEF4BF094
:10977000BCEF4BF0E9EF4BF020EE02F08851D92618
:109780008951DA22300EDE18D8B4C9EF4BF0CBEF96
:109790004BF0DAEF4BF020EE02F08851D9268951D8
:1097A000DA22310EDE18D8A4D8EF4BF0DAEF4BF006
:1097B000E9EF4BF020EE03F08851D9268951DA22E7
:1097C000DF50D8A4E6EF4BF0E8EF4BF0E9EF4BF0B9
:1097D0008D6B8D51D8A4EFEF4BF0F1EF4BF034EFE0
:1097E0004CF088C0D9FF89C0DAFF300EDE18D8A44B
:1097F000FCEF4BF0FEEF4BF003EF4CF0F851040997
:10980000F86F06EF4CF0F851FB0BF86F20EE02F00A
:109810008851D9268951DA22300EDE18D8A413EFE8
:109820004CF015EF4CF01AEF4CF0F8510809F86FB6
:109830001DEF4CF0F851F70BF86FF8C083FF88C0AC
:10984000D9FF89C0DAFFDF503D6E20EE02F088516B
:10985000D9268951DA22DF50020DF3503D24700FD2
:10986000F76F8C6B36EF4CF0010E8C6F8C51300F14
:109870008AC0D9FF8BC0DAFFDF6E20EE01F08A517B
:10988000D9268B51DA227C0EDF6E20EE02F08A514F
:10989000D9268B51DA22DF6A000E120022EED6F0B2
:1098A00010EE7DF01C0EDBCFE3FFE806FCE222EEBB
:1098B000B9F010EE60F01C0EDBCFE3FFE806FCE22F
:1098C00000019B6B9BC016F0010E1626D890163235
:1098D000D8901630010B7D6F9BC016F0010E162636
:1098E000D8901630010B7E6F9B29010B7F6F7DC0D6
:1098F00060F07EC061F07FC062F0020E9B19D8A4B8
:1099000084EF4CF086EF4CF08AEF4CF0010E976F2D
:10991000010E7A6F030E9B19D8A491EF4CF093EFD0
:109920004CF095EF4CF0976B7A6BFA51EF0BFA6FA6
:10993000000E27EC66F00001F951EF0BF96FFAC049
:1099400081FFF9C093FF0101FD51200DF3CF11F00C
:10995000F4CF12F03DEC66F0000E27EC66F077ECE9
:1099600066F0000E27EC66F000019A6BC9EF4CF030
:109970009A517D0FD96EDA6ADF505DEC63F0000119
:109980009A517D0FD96EDA6ADF5027EC66F000013C
:109990009A2B9A517D0FD96EDA6ADE28D8A4D3EFBC
:1099A0004CF0D5EF4CF0B8EF4CF09A6B000E27EC72
:1099B00066F077EC66F0000E27EC66F0F1EF4CF005
:1099C0009A51600FD96EDA6ADF505DEC63F00001E6
:1099D0009A51600FD96EDA6ADF5027EC66F0000109
:1099E0009A2B00019A51600FD96EDA6ADE28D8A44A
:1099F000FCEF4CF0FEEF4CF0E0EF4CF09B2B030E35
:109A00009B6505EF4DF007EF4DF062EF4CF0120053
:109A100088C0D9FF89C0DAFF510EDE18D8A413EF31
:109A20004DF015EF4DF05AEF4DF0000120EE01F032
:109A30008851D9268951DA22DF50D8A422EF4DF07F
:109A400024EF4DF05AEF4DF0010E126E6A0E116EBA
:109A5000C5EC66F03D6E3D500001936F946B010EB6
:109A6000126E6B0E116EC5EC66F0000194278AC071
:109A7000D9FF8BC0DAFF300EDF6E20EE01F08A5185
:109A8000D9268B51DA227C0EDF6E20EE02F08A514D
:109A9000D9268B51DA22DF6A8AC018F08BC019F000
:109AA00093C01AF094C01BF0000E1C6EA7EC34F0AB
:109AB000BBEF4DF00001986B6BEF4DF0985188258E
:109AC000D96E000E8921DA6E98518D0FE16EE26A2F
:109AD000DFCFE7FF982B98518825D96E000E89219A
:109AE000DA6EDF50D8A477EF4DF079EF4DF05EEFEE
:109AF0004DF098518D0FD96EDA6ADF6A8D0E2A6E9D
:109B0000960E2B6E80EC42F000018C6F8C51D8A425
:109B10008CEF4DF08EEF4DF0A3EF4DF0010E2B6E5C
:109B20006A0E2A6E96C02CF076EC64F0010E2B6E55
:109B30006B0E2A6E000197512C6E76EC64F00001DA
:109B4000956BA5EF4DF0010E956F9551300F8AC0C2
:109B5000D9FF8BC0DAFFDF6E20EE01F08A51D926E3
:109B60008B51DA227C0EDF6E20EE02F08A51D9266C
:109B70008B51DA22DF6A000E1200186A000E176E8F
:109B80001150D96EDA6ADF50196ECDEF4DF0112AFF
:109B90001150D96EDA6ADF50196E200E1918D8B438
:109BA000D4EF4DF0D6EF4DF0C7EF4DF0090E191878
:109BB000D8B4DDEF4DF0DFEF4DF0C7EF4DF02F0ED5
:109BC0001964E5EF4DF0E7EF4DF00AEF4EF03A0E75
:109BD0001960EDEF4DF0EFEF4DF00AEF4EF017C0CA
:109BE00013F018C014F0133A143AF00E1416135070
:109BF0000F0B1412F00E131619501324156E000ECD
:109C00001420166ED00E1524176EFF0E1620186E37
:109C100066EF4EF0400E196410EF4EF012EF4EF06A
:109C200035EF4EF0470E196018EF4EF01AEF4EF078
:109C300035EF4EF017C013F018C014F0133A143A71
:109C4000F00E141613500F0B1412F00E13161950B9
:109C50001324156E000E1420166EC90E1524176EEF
:109C6000FF0E1620186E66EF4EF0600E19643BEF83
:109C70004EF03DEF4EF060EF4EF0670E196043EF8F
:109C80004EF045EF4EF060EF4EF017C013F018C0E5
:109C900014F0133A143AF00E141613500F0B14125A
:109CA000F00E131619501324156E000E1420166EA4
:109CB000A90E1524176EFF0E1620186E66EF4EF0D3
:109CC00017C011F018C012F06EEF4EF0112A1150AB
:109CD000D96EDA6ADF50196EDFEF4DF012002BC03B
:109CE00012F0B7EC53F012C031F013C032F02B5029
:109CF000D96EDA6ADF502D6E2E6AD8902D362E3648
:109D0000D8902D362E36000E2D24D96E010E2E2021
:109D1000DA6EDECF37F0DECF38F0DECF39F0DECFCF
:109D20003AF031C011F032C012F0136A146A2B50AD
:109D3000D96EDA6ADF502D6E2E6AD8902D362E3607
:109D4000D8902D362E36F00E2D24D96E000E2E20F2
:109D5000DA6EDECF15F0DECF16F0DECF17F0DECFF5
:109D600018F08BEC61F011C033F012C034F013C066
:109D700035F014C036F0375033242D6E385034206F
:109D80002E6E395035202F6E3A503620306E30BE50
:109D9000D4EF4EF030502F102E1008E12D04D8A033
:109DA000D4EF4EF0D6EF4EF0E4EF4EF033503724C0
:109DB000376E34503820386E35503920396E365071
:109DC0003A203A6EECEF4EF0000E376E000E386E11
:109DD000000E396E000E3A6E500E3724376EC30EE9
:109DE0003820386E000E3920396E000E3A203A6E57
:109DF00037C01DF038C01EF039C01FF03AC020F047
:109E0000A00E216E860E226E010E236E000E246EB1
:109E100032EC53F01DC037F01EC038F01FC039F0CF
:109E200020C03AF037C02BF038C02CF01200010EE1
:109E30000001966F88C0D9FF89C0DAFFDF50D8A42F
:109E400024EF4FF026EF4FF02BEF4FF0966B650E9F
:109E5000F66F7DEF4FF0996B3BEF4FF099518825EE
:109E6000D96E000E8921DA6E99518C0FE16EE26A8B
:109E7000DFCFE7FF992B99518825D96E000E8921F4
:109E8000DA6EDF50D8B447EF4FF049EF4FF058EF9C
:109E90004FF099518825D96E000E8921DA6E2C0E6B
:109EA000DE18D8A456EF4FF058EF4FF02EEF4FF0DA
:109EB00099518C0FD96EDA6ADF6A99518825D96E6B
:109EC000000E8921DA6EDF50D8A469EF4FF06BEFF6
:109ED0004FF07DEF4FF09951D8B471EF4FF073EF21
:109EE0004FF07DEF4FF08C0E2A6E970E2B6E80ECAC
:109EF00042F00001966F97C0F6F09651D8A483EF18
:109F00004FF085EF4FF09EEF4FF08AC0D9FF8BC026
:109F1000DAFF300EDF6E20EE01F08A51D9268B5128
:109F2000DA227C0EDF6E20EE02F08A51D9268B51A8
:109F3000DA22DF6A010E4B6EB4EF4FF04B6A8AC033
:109F4000D9FF8BC0DAFF310EDF6E20EE01F08A51AF
:109F5000D9268B51DA227C0EDF6E20EE02F08A5178
:109F6000D9268B51DA22DF6A000E1200A90E296E63
:109F7000010E2A6E126A000E116EC5EC66F0286E94
:109F8000380E2818D8A4C7EF4FF0C9EF4FF051EFA3
:109F900050F0276A0C0E266E2C6A010E2B6EE0EF35
:109FA0004FF02BC011F02CC012F0C5EC66F029C0A8
:109FB000D9FF2AC0DAFFDF6E294A2A2A2B4A2C2A27
:109FC000010E2624246E000E2720256E24502B5CC3
:109FD00025502C58D8A0EFEF4FF0F1EF4FF0D1EF14
:109FE0004FF0040E0101AA5DD8B0F9EF4FF0FBEF7E
:109FF0004FF001EF50F0A9C120F0AAC121F0C1EC4F
:10A0000065F0040E0101AC5DD8B009EF50F00BEF24
:10A0100050F011EF50F0ABC120F0ACC121F08DEC4D
:10A0200065F0040E0101AE5DD8B019EF50F01BEFE2
:10A0300050F021EF50F0ADC120F0AEC121F059EC4D
:10A0400065F0040E0101B05DD8B029EF50F02BEFA0
:10A0500050F031EF50F0AFC120F0B0C121F0DBEC97
:10A0600065F0040E0101B25DD8B039EF50F03BEF5E
:10A0700050F041EF50F0B1C120F0B2C121F0A7EC97
:10A0800065F0040E0101B45DD8B049EF50F04BEF1C
:10A0900050F051EF50F0B3C120F0B4C121F073EC97
:10A0A00065F01200010E0001946F976B65EF50F0A0
:10A0B00097518825D96E000E8921DA6E9751890F44
:10A0C000E16EE26ADFCFE7FF972B97518825D96EC3
:10A0D000000E8921DA6EDF50D8B471EF50F073EFC3
:10A0E00050F082EF50F097518825D96E000E8921EB
:10A0F000DA6E2C0EDE18D8A480EF50F082EF50F00C
:10A1000058EF50F09751890FD96EDA6ADF6A97518C
:10A110008825D96E000E8921DA6EDF50D8A493EF1E
:10A1200050F095EF50F0ADEF50F09751D8B49BEF51
:10A1300050F09DEF50F0ADEF50F0890E2A6E950E65
:10A140002B6E80EC42F00001946F95C011F096C028
:10A1500012F0C5EC66F00001936F9451D8A4B3EFF0
:10A1600050F0B5EF50F0D7EF50F08AC0D9FF8BC058
:10A17000DAFF300EDF6E20EE01F08A51D9268B51C6
:10A18000DA227C0EDF6E20EE02F08A51D9268B5146
:10A19000DA22DF6A8AC018F08BC019F093C01AF077
:10A1A0001B6A000E1C6EA7EC34F0ECEF50F08AC076
:10A1B000D9FF8BC0DAFF320EDF6E20EE01F08A513C
:10A1C000D9268B51DA227C0EDF6E20EE02F08A5106
:10A1D000D9268B51DA22DF6A000E1200296A000E9E
:10A1E000256E000E266E000E276E000E286EFAEF0A
:10A1F00050F0292A1D502924D96EDA6ADF50D8A4DC
:10A2000004EF51F006EF51F0F9EF50F02904246EFD
:10A21000296A050E24600FEF51F011EF51F068EF3D
:10A2200051F01D502924D96EDA6A2F0EDF641BEF1E
:10A2300051F01DEF51F051EF51F01D502924D96E0E
:10A24000DA6A3A0EDF6027EF51F029EF51F051EF53
:10A2500051F02950245CF4EC61F01D502924D96E92
:10A26000DA6ADF501F6ED00E1F24206E216AFF0EA7
:10A27000212217502002F3CF22F0F4CF23F0210245
:10A28000F350232618502002F3502326225025266F
:10A2900023502622000E2722000E2822292A5AEFB8
:10A2A00051F0296A000E256E000E266E000E276EF4
:10A2B000000E286E1D502924D96EDA6ADF50D8A40A
:10A2C00064EF51F066EF51F011EF51F070EF51F083
:10A2D000000E256E000E266E000E276E000E286EF4
:10A2E000285008E12704D8A078EF51F07AEF51F018
:10A2F00082EF51F0000E256E000E266E000E276EC6
:10A30000000E286E25C01DF026C01EF012004A0E59
:10A310000201006FB00E016FB40E026F7E0E036F6C
:10A32000D40E046F930E056F900E066F460E076FE6
:10A33000F40E086F800E096FE00E0A6F5E0E0B6F51
:10A34000540E0C6F570E0D6FDE0E0E6F650E0F6FF5
:10A350002A0E106FC80E116F640E126F770E136FF6
:10A36000000E146F2B0E156F4A0E166FCA0E176F64
:10A370007E0E186FAA0E196FA40E1A6FA00E1B6F17
:10A38000000E1C6F830E1D6FFA0E1E6F880E1F6F5E
:10A390002E0E206F9E0E216F6C0E226FC60E236F45
:10A3A000AC0E246F8E0E256F7E0E266FCA0E276FA1
:10A3B000200E286F970E296FE20E2A6F740E2B6FF6
:10A3C000D00E2C6FC10E2D6FE20E2E6FC70E2F6FA9
:10A3D0005E0E306F7C0E316F7C0E326FAB0E336FC2
:10A3E000760E346FAC0E356F4C0E366FA50E376F90
:10A3F000EA0E386FCB0E396F000E3A6F870E3B6F47
:10A40000480E3C6F720E3D6FD60E3E6FB70E3F6F1B
:10A410009A0E406FC70E416F520E426FC70E436FC8
:10A42000100E446F9A0E456F6C0E466F620E476FAA
:10A430001200186A000E176E166A21EF52F0114AC8
:10A44000122A11C0D9FF12C0DAFF200EDE18D8B4CC
:10A450002CEF52F02EEF52F01FEF52F011C0D9FF47
:10A4600012C0DAFFDF50136EF70E1326040E1364CA
:10A470003CEF52F03EEF52F01FEF52F011C0D9FF07
:10A4800012C0DAFF2D0EDE18D8A449EF52F04BEFC0
:10A4900052F051EF52F0010E166E114A122A7BEF64
:10A4A00052F011C0D9FF12C0DAFF2B0EDE18D8A46B
:10A4B0005CEF52F05EEF52F07BEF52F04DEF52F056
:10A4C0000A0E1702F3CF13F0F4CF14F01802F35072
:10A4D000142611C0D9FF12C0DAFFDF50156E1550D7
:10A4E000135E000E145A300E1324176E000E142043
:10A4F000186E4DEF52F011C0D9FF12C0DAFFDF50D5
:10A50000136ED00E1326090E136489EF52F08BEFF1
:10A5100052F060EF52F01650D8A491EF52F093EF42
:10A5200052F0A1EF52F017C013F018C014F0131E30
:10A53000141E134A142A13C011F014C012F0A5EF10
:10A5400052F017C011F018C012F01200010E0001F5
:10A550008A6F88C0D9FF89C0DAFF310EDE18D8A40F
:10A56000B4EF52F0B6EF52F0E7EF52F020EE01F008
:10A570008851D9268951DA22DF50D8A4C2EF52F08F
:10A58000C4EF52F0E7EF52F08A6B380EF519D8B4E9
:10A59000CCEF52F0CEEF52F0E7EF52F0380EF56FFD
:10A5A0002B6A310E2A6E380E2C6E76EC64F0D0C019
:10A5B00068F1D1C069F1D2C06AF1D3C06BF1CCC0EF
:10A5C00064F1CDC065F1CEC066F1CFC067F188C03F
:10A5D000D9FF89C0DAFF300EDE18D8A4F2EF52F0AE
:10A5E000F4EF52F00CEF53F0000120EE01F088512F
:10A5F000D9268951DA22DF50D8A401EF53F003EFB6
:10A6000053F00CEF53F08A6BF5692B6A310E2A6E0A
:10A61000FF0E2C6E76EC64F000018A51D8A413EF83
:10A6200053F015EF53F018EF53F0896B1AEF53F016
:10A63000010E896F8951300F8AC0D9FF8BC0DAFFB4
:10A64000DF6E20EE01F08A51D9268B51DA227C0E82
:10A65000DF6E20EE02F08A51D9268B51DA22DF6AB2
:10A66000000E1200266A24BE3AEF53F038EF53F082
:10A6700044EF53F0241E231E221E216C000E2222C2
:10A6800023222422010E266E20BE4BEF53F049EF09
:10A6900053F055EF53F0201E1F1E1E1E1D6C000EA2
:10A6A0001E221F222022010E261A000E276E000EE7
:10A6B000286E000E296E000E2A6E215022102310E3
:10A6C0002410D8B466EF53F068EF53F09EEF53F0C8
:10A6D000010E256E72EF53F0D890213622362336C4
:10A6E0002436252A24AE77EF53F079EF53F06CEF40
:10A6F00053F0D8902736283629362A3621501D5C4B
:10A7000022501E5823501F5824502058D8A08BEF99
:10A7100053F08DEF53F096EF53F021501D5E225011
:10A720001E5A23501F5A2450205A2780D890243272
:10A73000233222322132252E79EF53F02650D8B41D
:10A74000A4EF53F0A6EF53F0AEEF53F02A1E291EEC
:10A75000281E276C000E282229222A2227C01DF03D
:10A7600028C01EF029C01FF02AC020F012000001EE
:10A77000FA512009FA6FFAC081FF030EE82EFED7C6
:10A7800000001250D96EDA6ADF50146E1438F00BE4
:10A7900001018E6F8F6B0001FA51DF0BFA6FFAC067
:10A7A00081FF01018E5189EC66F001018F5189EC26
:10A7B00066F00001FA512009FA6FFAC081FF030E1A
:10A7C000E82EFED700000001F851BF0BF86FF8C06B
:10A7D00083FF030EE82EFED700000001F851400968
:10A7E000F86FF8C083FF83AEF8EF53F0FAEF53F041
:10A7F000F3EF53F0030EE82EFED700000001FA51EC
:10A800002009FA6FFAC081FF030EE82EFED7000080
:10A810000001FA51DF0BFA6FFAC081FFA8EC66F075
:10A820000101946FA8EC66F00101956F0001FA51E7
:10A830002009FA6FFAC081FF94C190F10101916B78
:10A8400095C192F1936B330ECC6029EF54F02BEF4E
:10A8500054F023EF54F001019051916F906B90519F
:10A860009225926F91519321936F92C112F093C1EF
:10A8700013F01200133414341A6E1A50D8A443EF94
:10A8800054F045EF54F04FEF54F0000E116E000EEF
:10A89000126E000E136E000E146EBCEF54F011C059
:10A8A00015F012C016F013C017F014C018F0200EE7
:10A8B0005FEF54F0D8901832173216321532E82E66
:10A8C0005AEF54F01550196E138EFF0E1116FF0E2D
:10A8D0001216FF0E1316000E1416960E1A5E1ABEEE
:10A8E00076EF54F074EF54F08CEF54F01A50800A65
:10A8F000970FD8B07EEF54F080EF54F082EF54F011
:10A9000045EF54F0D89014321332123211321A3EFD
:10A9100082EF54F0A4EF54F01F0E1A6492EF54F03B
:10A9200094EF54F09CEF54F045EF54F0D89011366A
:10A930001236133614361A061A50D8A4A2EF54F061
:10A94000A4EF54F096EF54F01950D8B4AAEF54F095
:10A95000ACEF54F0B4EF54F0141E131E121E116C21
:10A96000000E12221322142211C011F012C012F094
:10A9700013C013F014C014F012001D041E10D8B43C
:10A98000C4EF54F0C6EF54F0CFEF54F01D501E103A
:10A99000D8A4CDEF54F0CFEF54F03EEF55F02B6A32
:10A9A000000E2A6EF1EF54F0140E256E010E266E85
:10A9B00025501D02F3CF27F0F4CF28F01E02F350EC
:10A9C000282626501D02F350282627504E24166EA6
:10A9D00028504F20176E290E186EFDEC5CF02A4AA5
:10A9E0002B2AFF0E2324256EFF0E2420266E2550D1
:10A9F0002A5C26502B58D8A000EF55F002EF55F0F6
:10AA0000D4EF54F02B6A000E2A6E2CEF55F0140E82
:10AA1000256E010E266E25501D02F3CF27F0F4CFD0
:10AA200028F01E02F350282626501D02F350282637
:10AA300027504E24166E28504F20176E290E186E80
:10AA4000FDEC5CF02A501F24D96E2B502020DA6ECA
:10AA500029C0DFFF2A4A2B2A21502A5C22502B587A
:10AA6000D8A035EF55F037EF55F007EF55F02150EE
:10AA70001F24D96E22502020DA6EDF6A12000001F6
:10AA80008A6B000E896F010E8B6F88C0D9FF89C059
:10AA9000DAFF2F0EDF644FEF55F051EF55F07BEFEB
:10AAA00055F088C0D9FF89C0DAFF380EDF605BEF50
:10AAB00055F05DEF55F07BEF55F020EE01F0885139
:10AAC000D9268951DA22DF50D8A469EF55F06BEF0F
:10AAD00055F07BEF55F08B6B88C0D9FF89C0DAFF4A
:10AAE000DF50D00FFD6FFD0E126EB7EC53F012C0A9
:10AAF00089F013C08AF000018B51D8A482EF55F081
:10AB000084EF55F0A7EF55F08AC0D9FF8BC0DAFF6C
:10AB1000300EDF6E20EE01F08A51D9268B51DA22F9
:10AB20007C0EDF6E20EE02F08A51D9268B51DA229C
:10AB3000DF6A8AC018F08BC019F089C01AF08AC089
:10AB40001BF0000E1C6EA7EC34F0BCEF55F08AC071
:10AB5000D9FF8BC0DAFF310EDF6E20EE01F08A5193
:10AB6000D9268B51DA227C0EDF6E20EE02F08A515C
:10AB7000D9268B51DA22DF6A000E1200890E156E7B
:10AB8000100EBFEC4AF08AC0D9FF8BC0DAFF300E3E
:10AB9000DF6E000120EE01F08A51D9268B51DA22B6
:10ABA0007C0EDF6E20EE02F08A51D9268B51DA221C
:10ABB000DF6A8AC018F08BC019F089C01AF08AC009
:10ABC0001BF02C0E1C6EA7EC34F08AC018F08BC062
:10ABD00019F08BC01AF08CC01BF02C0E1C6EA7EC69
:10ABE00034F08AC018F08BC019F08DC01AF08EC0F6
:10ABF0001BF02C0E1C6EA7EC34F08AC018F08BC032
:10AC000019F08FC01AF090C01BF02C0E1C6EA7EC30
:10AC100034F08AC018F08BC019F091C01AF092C0BD
:10AC20001BF02C0E1C6EA7EC34F08AC018F08BC001
:10AC300019F093C01AF094C01BF02C0E1C6EA7ECF8
:10AC400034F08AC018F08BC019F095C01AF096C085
:10AC50001BF02C0E1C6EA7EC34F08AC018F08BC0D1
:10AC600019F097C01AF098C01BF0000E1C6EA7ECEC
:10AC700034F0000E1200890E156E200EBFEC4AF063
:10AC80008AC0D9FF8BC0DAFF300EDF6E000120EEE4
:10AC900001F08A51D9268B51DA227C0EDF6E20EE2C
:10ACA00002F08A51D9268B51DA22DF6A8AC018F065
:10ACB0008BC019F089C01AF08AC01BF02C0E1C6ED4
:10ACC000A7EC34F08AC018F08BC019F08BC01AF0D2
:10ACD0008CC01BF02C0E1C6EA7EC34F08AC018F050
:10ACE0008BC019F08DC01AF08EC01BF02C0E1C6E9C
:10ACF000A7EC34F08AC018F08BC019F08FC01AF09E
:10AD000090C01BF02C0E1C6EA7EC34F08AC018F01B
:10AD10008BC019F091C01AF092C01BF02C0E1C6E63
:10AD2000A7EC34F08AC018F08BC019F093C01AF069
:10AD300094C01BF02C0E1C6EA7EC34F08AC018F0E7
:10AD40008BC019F095C01AF096C01BF02C0E1C6E2B
:10AD5000A7EC34F08AC018F08BC019F097C01AF035
:10AD600098C01BF0000E1C6EA7EC34F0000E120011
:10AD70001D041E10D8A4BFEF56F0C1EF56F031EFFE
:10AD800057F0EBEF56F0140E1F6E010E206E1F50A1
:10AD90001D02F3CF21F0F4CF22F01E02F350222641
:10ADA00020501D02F350222621504E24166E2250B0
:10ADB0004F20176E2F0E186EFDEC5CF0D3EC66F092
:10ADC0000009D8A4E6EF56F0E8EF56F0DEEF56F0B3
:10ADD0002F50B7EC66F0140E1F6E010E206E1F5040
:10ADE0001D02F3CF21F0F4CF22F01E02F3502226F1
:10ADF00020501D02F350222621504E24236E225053
:10AE00004F20246E020E2324D96E000E2420DA6E09
:10AE1000140E276E010E286E27501D02F3CF29F065
:10AE2000F4CF2AF01E02F3502A2628501D02F350B8
:10AE30002A2629504E242B6E2A504F202C6E040EA9
:10AE40002B24E16E000E2C20E26EDE50E61807E1A6
:10AE5000DE50E618D8A42FEF57F031EF57F0C3EFCC
:10AE600056F0120019501D6E1A501E6E1B501F6EA8
:10AE70001C50206E216A226A236A246A1D50FE0833
:10AE8000256EFF0E1E54266EFF0E1F54276EFF0EFA
:10AE90002054286E000E2154296E000E22542A6E72
:10AEA000000E23542B6E000E24542C6E15502D6E64
:10AEB00016502E6E17502F6E1850306E316A326A4F
:10AEC000336A346A25502D5C26502E5827502F584F
:10AED00028503058295031582A5032582B50335866
:10AEE0003450800A356E2C50800A3558D8B07BEF2C
:10AEF00057F07DEF57F08BEF57F01550115C366E21
:10AF000016501258376E17501358386E1850145880
:10AF1000396EA3EF57F01550115C1D6E1650125884
:10AF20001E6E175013581F6E18501458206EFE0EC8
:10AF30001D24366EFF0E1E20376EFF0E1F20386E4A
:10AF4000FF0E2020396E36C011F037C012F038C025
:10AF500013F039C014F0120020EE04F01650D92678
:10AF60001750DA22DECF19F0DDCF1AF0195016246F
:10AF70001B6E1A5017201C6E060E1B24D96E000E75
:10AF80001C20DA6E18C0DFFF20EE04F01650D92620
:10AF90001750DA22DECF19F0DDCF1AF0010E192496
:10AFA000116E000E1A20126E16C0D9FF17C0DAFFFC
:10AFB000DECF13F0DDCF14F027EC62F020EE04F0CA
:10AFC0001650D9261750DA2211C0DEFF12C0DDFF5D
:10AFD00020EE02F01650D9261750DA2210EE04F0B7
:10AFE0001650E1261750E222DE50E61807E1DE5047
:10AFF000E618D8A4FEEF57F000EF58F024EF58F011
:10B0000020EE02F01650D9261750DA22DECF19F0C2
:10B01000DDCF1AF0010E1924116E000E1A20126EE7
:10B0200016C0D9FF17C0DAFFDECF13F0DDCF14F062
:10B0300027EC62F020EE02F01650D9261750DA22E3
:10B0400011C0DEFF12C0DDFF12009D92F29EF29C45
:10B05000030E0001CC25CC6F000ECD21CD6F000E6C
:10B06000CE21CE6F000ECF21CF6F8C0E2B6E2C6AAF
:10B070001DEC21F0F28EF28C9D828AC0D9FF8BC02C
:10B08000DAFF300EDF6E000120EE01F08A51D92682
:10B090008B51DA227C0EDF6E20EE02F08A51D92627
:10B0A0008B51DA22DF6A8AC018F08BC019F08CC08D
:10B0B0001AF08DC01BF02C0E1C6EA7EC34F08AC069
:10B0C00018F08BC019F08EC01AF08FC01BF02C0E38
:10B0D0001C6EA7EC34F08AC018F08BC019F090C039
:10B0E0001AF091C01BF02C0E1C6EA7EC34F08AC035
:10B0F00018F08BC019F092C01AF093C01BF02C0E00
:10B100001C6EA7EC34F08AC018F08BC019F094C004
:10B110001AF095C01BF02C0E1C6EA7EC34F08AC000
:10B1200018F08BC019F096C01AF097C01BF0000EF3
:10B130001C6EA7EC34F0000E120019C011F01AC0FA
:10B1400012F00AEC65F011C01FF012C020F020EEE2
:10B1500007F01950D9261A50DA22230EDE18D8A487
:10B16000B4EF58F0B6EF58F0F3EF58F020EE06F0D9
:10B170001950D9261A50DA22200EDF64C2EF58F097
:10B18000C4EF58F0F3EF58F020EE06F01950D9262E
:10B190001A50DA227F0EDF60D0EF58F0D2EF58F06D
:10B1A000F3EF58F01BC011F01CC012F0080E192468
:10B1B000136E000E1A20146EF50E1F24156EFF0E6E
:10B1C0002020166E83EC5FF01F501B241D6E205054
:10B1D0001C201E6EF50E1D24D96EFF0E1E20DA6E89
:10B1E000DF6A12EF59F01BC011F01CC012F0060EFE
:10B1F0001924136E000E1A20146EF70E1F24156EFC
:10B20000FF0E2020166E83EC5FF01F501B241D6E76
:10B2100020501C201E6EF70E1D24D96EFF0E1E201E
:10B22000DA6EDF6A1200010E2D24116E000E2E2040
:10B23000126EC5EC66F0316E3150336E326A2DC03D
:10B2400011F02EC012F0C5EC66F0346E345032109E
:10B25000396E33503A6E010E2F24116E000E3020DD
:10B26000126EC5EC66F0316E3150336E326A2FC00B
:10B2700011F030C012F0C5EC66F0346E345032106C
:10B280003B6E33503C6E3BC031F03CC032F0000EA0
:10B2900032BEFF0E336E346E39C011F03AC012F078
:10B2A000000E12BEFF0E136E146E2BC015F02CC0D4
:10B2B00016F0000E16BEFF0E176E186E8BEC61F0C6
:10B2C00031501124356E32501220366E3350132017
:10B2D000376E34501420386E35C01DF036C01EF065
:10B2E00037C01FF038C020F0640E216E000E226EB1
:10B2F000000E236E000E246E32EC53F01DC02BF0B6
:10B300001EC02CF01FC02DF020C02EF01200146EB5
:10B31000010E136E410E1418D8A491EF59F093EF5B
:10B3200059F0A4EF59F0310E1118D8A49AEF59F042
:10B330009CEF59F0A4EF59F0136A1250D96EDA6AF3
:10B340008AC1DEFF8BC1DDFF410E1418D8A4ABEF1C
:10B3500059F0ADEF59F0BEEF59F0320E1118D8A4E4
:10B36000B4EF59F0B6EF59F0BEEF59F01250D96E64
:10B37000DA6A88C1DEFF89C1DDFF136A420E141844
:10B38000D8A4C5EF59F0C7EF59F0D8EF59F0310EF6
:10B390001118D8A4CEEF59F0D0EF59F0D8EF59F0EA
:10B3A0001250D96EDA6A86C1DEFF87C1DDFF136AEB
:10B3B000420E1418D8A4DFEF59F0E1EF59F0F2EF84
:10B3C00059F0320E1118D8A4E8EF59F0EAEF59F00D
:10B3D000F2EF59F01250D96EDA6A84C1DEFF85C1EE
:10B3E000DDFF136A13501200170EC26E9EACFBEF06
:10B3F00059F0FDEF59F0F6EF59F0140EC26EC4503B
:10B40000136EC350126E1150D96EDA6A12C0DEFF8D
:10B4100013C0DDFF1150D96EDA6ADECF12F0DDCF36
:10B4200013F0D890123613361150D96EDA6A12C062
:10B43000DEFF13C0DDFF1B0EC26E9EAC22EF5AF082
:10B4400024EF5AF01DEF5AF0180EC26EC450136E5E
:10B45000C350126E1150D96EDA6A020ED92612C08C
:10B46000DEFF13C0DDFF1150D96EDA6A020ED92655
:10B47000DECF12F0DDCF13F0D89012361336115014
:10B48000D96EDA6A020ED92612C0DEFF13C0DDFFC4
:10B490001F0EC26E9EAC4FEF5AF051EF5AF04AEFBA
:10B4A0005AF01C0EC26EC450136EC350126E11506F
:10B4B000D96EDA6A040ED92612C0DEFF13C0DDFF92
:10B4C00012000001BB6F830E0001BB616AEF5AF0EE
:10B4D0006CEF5AF06FEF5AF0010EC6EF5AF07D0E86
:10B4E000BB250201F36FF46BFF0EF423F4BF82EF70
:10B4F0005AF0F45109E1240EF35DD8A082EF5AF01E
:10B5000084EF5AF086EF5AF06CEF5AF00001BB510D
:10B510000201F36FF46BD890F337F437FA0EF3258A
:10B52000D96E000EF421DA6EDE50DE10D8A49BEF47
:10B530005AF09DEF5AF0A0EF5AF0020EC6EF5AF003
:10B54000B7C088F0B8C089F0B9C08AF0BAC08BF033
:10B550000001BB510201F36FF46BD890F337F4375D
:10B56000FA0EF325D96E000EF421DA6EDECFF5F275
:10B57000DDCFF6F202D8C6EF5AF00500FA6EF551AB
:10B58000FD6EF651FE6EFF6AFA50120012001F6E39
:10B590004C5007094C6E4CC082FF1F04D8A4D3EF57
:10B5A0005AF0D5EF5AF0D8EF5AF04C50FD0B4C6ED4
:10B5B000020E1F18D8A4DFEF5AF0E1EF5AF0E4EFC3
:10B5C0005AF04C50FB0B4C6E4CC082FF150ECC60F9
:10B5D000ECEF5AF0EEEF5AF0E6EF5AF018501B6E0F
:10B5E000150ECC60F6EF5AF0F8EF5AF0F0EF5AF083
:10B5F00017C01CF0150ECC6000EF5BF002EF5BF0A3
:10B60000FAEF5AF01A501D6E150ECC600AEF5BF07F
:10B610000CEF5BF004EF5BF019C01EF0150ECC6070
:10B6200014EF5BF016EF5BF00EEF5BF01B5089EC54
:10B6300066F01C5089EC66F0010E89EC66F01D5036
:10B6400089EC66F01E5089EC66F04C5007094C6E90
:10B650004CC082FF1200720EF66EC50EF76E000E21
:10B66000F86E02EE9CF010EE57F00900F5CFEEFFF9
:10B67000E550E150FAE1CE0EF66ECD0EF76E000EFB
:10B68000F86E01EEE3F010EE10F00900F5CFEEFFDA
:10B69000E550E150FAE12A0EF66ECE0EF76E000E7E
:10B6A000F86E0900F5CF4EF00900F5CF4FF0090014
:10B6B000F5CF50F004EE00F014EE3AF0EE6AE550EB
:10B6C000E150FCE1E250FAE103EE00F011EE00F08F
:10B6D000EE6AE550E150FCE1E250FAE102EE00F0E2
:10B6E0009C0EEE6AE806FDE101EE00F0E30EEE6A64
:10B6F000E806FDE100EEBCF0430EEE6AE806FDE16F
:10B7000000EE3EF0100EEE6AE806FDE101900192B7
:10B71000000129EF08F0166A14BE93EF5BF091EF79
:10B720005BF099EF5BF0136C141ED8B0142A010E75
:10B73000166E12BEA0EF5BF09EEF5BF0A6EF5BF023
:10B74000116C121ED8B0122A010E161A186A000EB9
:10B75000176E13501410D8B4B0EF5BF0B2EF5BF07B
:10B76000DAEF5BF0010E156EBAEF5BF0D89013368E
:10B770001436152A14AEBFEF5BF0C1EF5BF0B6EFE5
:10B780005BF0D890173618361350115C14501258CD
:10B79000D8A0CDEF5BF0CFEF5BF0D4EF5BF01350B0
:10B7A000115E1450125A1780D89014321332152E8D
:10B7B000C1EF5BF01650D8B4E0EF5BF0E2EF5BF066
:10B7C000E6EF5BF0176C181ED8B0182A17C011F0FE
:10B7D00018C012F01200D0C01DF0D1C01EF0D2C0AF
:10B7E0001FF0D3C020F0980E216E3A0E226E000E8C
:10B7F000236E000E246E02EC5EF01DC089F01EC0A8
:10B800008AF06CC11DF06DC11EF06EC11FF06FC1DA
:10B8100020F0980E216E3A0E226E000E236E000E5E
:10B82000246E02EC5EF01DC08BF01EC08CF08AC04E
:10B83000D9FF8BC0DAFF300EDF6E000120EE01F081
:10B840008A51D9268B51DA227C0EDF6E20EE02F06F
:10B850008A51D9268B51DA22DF6A8AC018F08BC050
:10B8600019F089C01AF08AC01BF02C0E1C6EA7ECD0
:10B8700034F08AC018F08BC019F08BC01AF08CC05D
:10B880001BF0000E1C6EA7EC34F0000E1200176ABD
:10B89000000E166E196A000E186E51EF5CF0184A11
:10B8A000192A18501124D96E19501220DA6EDF505F
:10B8B000D8A45DEF5CF05FEF5CF04FEF5CF076EFEB
:10B8C0005CF013501624156E15C0F6FF100EF76EBF
:10B8D000F86A18501124D96E19501220DA6E080037
:10B8E000F5CFDFFF164A172A184A192A13501624D3
:10B8F000156E15C0F6FF100EF76EF86A0800F550C9
:10B900000009D8A486EF5CF088EF5CF061EF5CF092
:10B910001450D8B48EEF5CF090EF5CF09AEF5CF0CE
:10B9200018501124D96E19501220DA6E14C0DFFF9E
:10B93000184A192A18501124D96E19501220DA6E9B
:10B94000DF6A1200010E1524116E000E1620126E11
:10B95000C5EC66F0196E19501B6E1A6A15C011F00D
:10B9600016C012F0C5EC66F01C6E1C501A101D6E4D
:10B970001B501E6E010E1724116E000E1820126E41
:10B98000C5EC66F0196E19501B6E1A6A17C011F0DB
:10B9900018C012F0C5EC66F01C6E1C501A101F6E19
:10B9A0001B50206E1D501E10D8A4D9EF5CF0DBEFA9
:10B9B0005CF0E4EF5CF01F502010D8B4E2EF5CF0D4
:10B9C000E4EF5CF0F8EF5CF01D2806E11E28D8A437
:10B9D000ECEF5CF0EEEF5CF0FBEF5CF01F2806E1B3
:10B9E0002028D8A4F6EF5CF0F8EF5CF0FBEF5CF0F9
:10B9F000000EFCEF5CF0010E120020EE02F016507B
:10BA0000D9261750DA2210EE04F01650E12617500E
:10BA1000E222DE50E61807E1DE50E618D8A413EF64
:10BA20005DF015EF5DF017EF5DF056EF5DF020EE85
:10BA300002F01650D9261750DA22DECF19F0DDCFEA
:10BA40001AF0195016241B6E1A5017201C6E060E81
:10BA50001B24D96E000E1C20DA6E1850E16EE26ACB
:10BA6000DFCFE7FF20EE02F01650D9261750DA227A
:10BA7000DECF19F0DDCF1AF0010E1924116E000E81
:10BA80001A20126E16C0D9FF17C0DAFFDECF13F0EE
:10BA9000DDCF14F027EC62F020EE02F01650D9262C
:10BAA0001750DA2211C0DEFF12C0DDFF1200166A45
:10BAB00012BE5FEF5DF05DEF5DF065EF5DF0116C64
:10BAC000121ED8B0122A010E166E14BE6CEF5DF075
:10BAD0006AEF5DF070EF5DF0136C141ED8B0142A9D
:10BAE00013501410D8B477EF5DF079EF5DF09DEF4F
:10BAF0005DF0010E156E81EF5DF0D89013361436AF
:10BB0000152A14AE86EF5DF088EF5DF07DEF5DF0F5
:10BB10001350115C14501258D8A091EF5DF093EFC0
:10BB20005DF097EF5DF01350115E1450125AD890EB
:10BB300014321332152E88EF5DF01650D8B4A3EFEF
:10BB40005DF0A5EF5DF0A9EF5DF0116C121ED8B0AD
:10BB5000122A11C011F012C012F01200176A000E62
:10BB6000166E196A000E186EB8EF5DF0184A192AA1
:10BB700018501124D96E19501220DA6EDF50D8A453
:10BB8000C4EF5DF0C6EF5DF0B6EF5DF0DAEF5DF0AB
:10BB900016501324D96E17501420DA6E1850112441
:10BBA000E16E19501220E26EDFCFE7FF164A172A26
:10BBB000184A192A16501324D96E17501420DA6E19
:10BBC000DF50D8A4E6EF5DF0E8EF5DF0C8EF5DF080
:10BBD0001550D8B4EEEF5DF0F0EF5DF0FAEF5DF0E8
:10BBE00018501124D96E19501220DA6E15C0DFFFDB
:10BBF000184A192A18501124D96E19501220DA6ED9
:10BC0000DF6A1200000E256E000E266E000E276EF3
:10BC1000000E286E2150221023102410D8B413EFE8
:10BC20005EF015EF5EF04BEF5EF0010E296E1FEF38
:10BC30005EF0D8902136223623362436292A24AEC7
:10BC400024EF5EF026EF5EF019EF5EF0D890253617
:10BC500026362736283621501D5C22501E58235088
:10BC60001F5824502058D8A038EF5EF03AEF5EF00D
:10BC700043EF5EF021501D5E22501E5A23501F5A82
:10BC80002450205A2580D890243223322232213267
:10BC9000292E26EF5EF025C01DF026C01EF027C01D
:10BCA0001FF028C020F01200216E18501D6E17C022
:10BCB0001EF02104D8A45FEF5EF061EF5EF064EF48
:10BCC0005EF04C50FD0B4C6E020E2118D8A46BEFA9
:10BCD0005EF06DEF5EF070EF5EF04C50FB0B4C6E63
:10BCE0004CC082FF1D5089EC66F01E5089EC66F056
:10BCF000000E89EC66F0A8EC66F01F6EA8EC66F00A
:10BD0000206E1F50196E20501B6E19C01CF02104AC
:10BD1000D8A48DEF5EF08FEF5EF092EF5EF04C50A6
:10BD200002094C6E020E2118D8A499EF5EF09BEF29
:10BD30005EF09EEF5EF04C5004094C6E4CC082FFEA
:10BD40001BC017F01CC018F012001FC011F020C05B
:10BD500012F00AEC65F011C025F012C026F01D04A7
:10BD60001E10D8B4B6EF5EF0B8EF5EF0C1EF5EF033
:10BD70001D501E10D8A4BFEF5EF0C1EF5EF0F4EFCF
:10BD80005EF0286A000E276EE9EF5EF0140E216E59
:10BD9000010E226E21501D02F3CF23F0F4CF24F0C8
:10BDA0001E02F350242622501D02F3502426235055
:10BDB0004E24166E24504F20176E27501F24D96E24
:10BDC00028502020DA6EDF50186EACEC57F0274A6E
:10BDD000282A2550275C26502858D8A0F2EF5EF07C
:10BDE000F4EF5EF0C6EF5EF01200166A1550D96EE1
:10BDF000DA6A300EDF6E010E176E186A320E1824E2
:10BE0000116E126A000E1222C5EC66F0380AD8A430
:10BE10000CEF5FF00EEF5FF02FEF5FF0162A15507A
:10BE2000D96EDA6A1650300FDF6E15501724D96EAE
:10BE3000DA6A2C0EDF6E172A15501724D96EDA6ACB
:10BE4000D8901830010B410FDF6E172A15501724B8
:10BE5000D96EDA6A1850010B310FDF6E172A182AD3
:10BE6000030E186436EF5FF038EF5FF0FEEF5EF020
:10BE700015501724D96EDA6ADF6A12000001645186
:10BE8000651166116711D8B448EF5FF04AEF5FF0B3
:10BE90007AEF5FF0010E3A6E54EF5FF0D89064379E
:10BEA0006537663767373A2A67AF59EF5FF05BEF60
:10BEB0005FF04EEF5FF06451605D6551615966510E
:10BEC000625967516359D8A068EF5FF06AEF5FF07D
:10BED00072EF5FF06451605F6551615B6651625B58
:10BEE0006751635BD89067336633653364333A2EAA
:10BEF0005BEF5FF060C060F061C061F062C062F053
:10BF000063C063F0120011C017F012C018F0A4EF64
:10BF10005FF01506D8A0160613C0D9FF14C0DAFFCB
:10BF2000134A142A17C0E1FF18C0E2FF174A182A63
:10BF3000DFCFE7FFE750D8A4A0EF5FF0A2EF5FF0FC
:10BF4000A4EF5FF0B6EF5FF015501610D8A4ABEF7A
:10BF50005FF0ADEF5FF089EF5FF0B6EF5FF017C015
:10BF6000D9FF18C0DAFFDF6A174A182A1506D8A0C9
:10BF70001606152806E11628D8A4C1EF5FF0C3EF16
:10BF80005FF0AFEF5FF012001D6E4C5001094C6E78
:10BF90004CC082FF030E1E6E18C01AF019C01BF0B1
:10BFA0000C0E1C6ED8901B321A321C2ED2EF5FF092
:10BFB0001A500F0B1D101F6E18C01AF019C01BF07D
:10BFC000040E1C6ED8901B321A321C2EE2EF5FF06A
:10BFD0001A50206E18C01AF00F0E1A161A38F00BED
:10BFE000216E4C50FE0B4C6E4CC082FF136A040E47
:10BFF000126E1E0E146ED0EC64F04C5001094C6EA3
:10C000004CC082FF1200146EC66AC76A949A948864
:10C010009496928A1104D8A410EF60F012EF60F0A9
:10C0200016EF60F0C688C79C18EF60F0C698C78C02
:10C030001250D8B41EEF60F022EF60F0136A132A9A
:10C0400023EF60F0136A13321332C75013187F0BBB
:10C050001318C76E1450D8A430EF60F032EF60F0C0
:10C0600038EF60F0C650F00B0109C66E3CEF60F08F
:10C07000C650F00B0109C66EC68A1200166A000E81
:10C08000156E45EF60F0154A162A15501124D96E29
:10C0900016501220DA6EDF50D8A451EF60F053EF43
:10C0A00060F043EF60F015501124D96E1650122045
:10C0B000DA6E13C0DFFF154A162A1450D8B463EFA6
:10C0C00060F065EF60F06FEF60F015501124D96EED
:10C0D00016501220DA6E14C0DFFF154A162A1550CA
:10C0E0001124D96E16501220DA6EDF6A1200166A19
:10C0F000000E156E13501410D8B481EF60F083EF6A
:10C1000060F0ABEF60F0010E176E8BEF60F0D8902F
:10C1100013361436172A14AE90EF60F092EF60F0E9
:10C1200087EF60F0D890153616361350115C145016
:10C130001258D8A09EEF60F0A0EF60F0A5EF60F07D
:10C140001350115E1450125A1580D89014321332C5
:10C15000172E92EF60F015C011F016C012F0120009
:10C16000EFC118F0F0C119F0F1C11AF0F2C11BF0E3
:10C17000EBC11CF0ECC11DF0EDC11EF0EEC11FF0D3
:10C180004C5001094C6E4CC082FF4C50FE0B4C6E63
:10C190004CC082FF136A040E126E180E146ED0EC9F
:10C1A00064F04C5001094C6E4CC082FF4C50FE0BA9
:10C1B0004C6E4CC082FF136A040E126E1C0E146E7D
:10C1C000D0EC64F04C5001094C6E4CC082FF120060
:10C1D0008AC0D9FF8BC0DAFF300EDF6E000120EE7F
:10C1E00001F08A51D9268B51DA227C0EDF6E20EEC7
:10C1F00002F08A51D9268B51DA22DF6A8AC018F000
:10C200008BC019F0F7C03DF0D8903D32010E3D16BD
:10C210003D501A6E1B6A2C0E1C6EA7EC34F08AC0BF
:10C2200018F08BC019F0F7C03DF0010E3D163D50DF
:10C230001A6E1B6A000E1C6EA7EC34F0000E120082
:10C2400020EE07F01150D9261250DA22230EDE1804
:10C25000D8A42DEF61F02FEF61F054EF61F020EEE4
:10C2600006F01150D9261250DA22200EDF643BEF7F
:10C2700061F03DEF61F054EF61F020EE06F01150F7
:10C28000D9261250DA227F0EDF6049EF61F04BEFC2
:10C2900061F054EF61F020EE06F01150D9261250F3
:10C2A000DA22DF5055EF61F0000E1200A90E336E56
:10C2B000010E346E326A0C0E316E2B6A000E2A6E3D
:10C2C000380E2C6E76EC64F0366A010E356E79EF1E
:10C2D00061F035C02AF036C02BF033C0D9FF34C02E
:10C2E000DAFFDF502C6E76EC64F0334A342A354A9C
:10C2F000362A010E31242F6E000E3220306E2F5060
:10C30000355C30503658D8A088EF61F08AEF61F084
:10C3100069EF61F01200000E196E000E1A6E000E29
:10C320001B6E000E1C6E11A098EF61F09AEF61F089
:10C33000A2EF61F01550192616501A2217501B2231
:10C3400018501C22D8901536163617361836D89045
:10C350001432133212321132115012101310141001
:10C36000D8A4B5EF61F0B7EF61F093EF61F019C0B9
:10C3700011F01AC012F01BC013F01CC014F0120010
:10C380001AC011F01BC012F00AEC65F011C023F0C6
:10C3900012C024F023501A241C6E24501B201D6E42
:10C3A000FE0E1C24D96EFF0E1D20DA6EDF50206EAB
:10C3B00023501A241C6E24501B201D6EFF0E1C24BB
:10C3C000D96EFF0E1D20DA6EDF50216E226A200E1C
:10C3D000116EBDEC4DF011C01EF012C01FF01EC05A
:10C3E0001AF01FC01BF012001C6E1B6A010E1A6EA1
:10C3F000196A1C50D8B4FFEF61F001EF62F022EF30
:10C4000062F0050E1C6007EF62F009EF62F022EFA8
:10C4100062F019EF62F0192A1AC011F01BC012F075
:10C42000146A0A0E136E64EC66F011C01AF012C0A2
:10C430001BF01C50195CD8A020EF62F022EF62F0D4
:10C440000BEF62F01AC017F01BC018F01200135067
:10C450001410D8B42EEF62F030EF62F054EF62F0B7
:10C46000010E156E38EF62F0D89013361436152A87
:10C4700014AE3DEF62F03FEF62F034EF62F0135024
:10C48000115C14501258D8A048EF62F04AEF62F0E5
:10C490004EEF62F01350115E1450125AD8901432BD
:10C4A0001332152E3FEF62F011C011F012C012F0DE
:10C4B000120004500510D8B460EF62F062EF62F031
:10C4C00086EF62F0010E066E6AEF62F0D8900436D5
:10C4D0000536062A05AE6FEF62F071EF62F066EF87
:10C4E00062F00450025C05500358D8A07AEF62F065
:10C4F0007CEF62F080EF62F00450025E0550035A58
:10C50000D89005320432062E71EF62F002C002F0BC
:10C5100003C003F0120019C0D9FF1AC0DAFF0E0ED3
:10C52000DE6E010EDD6E060E1924116E000E1A204D
:10C53000126E146A000E136E19C0D9FF1AC0DAFF0A
:10C54000DECF15F0DDCF16F0EEEC64F020EE04F057
:10C550001950D9261A50DA22DE6ADD6A10EE02F08E
:10C560001950E1261A50E222DECFE6FFDDCFE5FFCB
:10C5700012000000010000010000010100000000A5
:10C580000000000000000000000000000000FF00AC
:10C590000001000000010001000000000000000098
:10C5A0000000000001000000000000FF000001008A
:10C5B0000001000100000000000000000000000079
:09C5C0000000000001000000FF72
:10C5CA00126A80B0EBEF62F0EEEF62F0010EEFEF6D
:10C5DA0062F0000E121280B2F5EF62F0F9EF62F02B
:10C5EA00116A112AFAEF62F0116AD8901134121204
:10C5FA0080B402EF63F006EF63F0116A112A07EFC5
:10C60A0063F0116AD8901136D89011341212125070
:10C61A001200156A000E146E176A000E166E22EFCB
:10C62A0063F016501124D96E17501220DA6EDF50BB
:10C63A00136E1350141A164A172A16501124D96E5B
:10C64A0017501220DA6E030EDE18D8A42FEF63F00B
:10C65A0031EF63F016EF63F014C011F015C012F059
:10C66A0012008C0E156EF5EC5EF08AC0D9FF8BC0F5
:10C67A00DAFF300EDF6E000120EE01F08A51D92672
:10C68A008B51DA227C0EDF6E20EE02F08A51D92617
:10C69A008B51DA22DF6A8AC011F08BC012F08C0E3D
:10C6AA00136E146A000E156EAEEC5DF0000E1200E9
:10C6BA00156E0001F951EF0BF96FFAC081FFF9C04D
:10C6CA0093FF1504D8A46CEF63F06EEF63F079EF73
:10C6DA0063F00101FB51080DF3CF11F0F4CF12F012
:10C6EA003DEC66F082EF63F00101FA51080DF3CFD9
:10C6FA0011F0F4CF12F03DEC66F0120020EE01F0DA
:10C70A001A50D9261B50DA22DF501C6E20EE02F096
:10C71A001A50D9261B50DA22DF501D6E20EE03F084
:10C72A001A50D9261B50DA22DF501E6E1F6A1C0EC1
:10C73A00116EBDEC4DF011C020F012C021F020C0E6
:10C74A001AF021C01BF012008AC0D9FF8BC0DAFF91
:10C75A00300EDF6E000120EE01F08A51D9268B518E
:10C76A00DA227C0EDF6E20EE02F08A51D9268B5136
:10C77A00DA22DF6A8AC011F08BC012F088C013F087
:10C78A0089C014F0000E156EAEEC5DF0000E1200BA
:10C79A008AC0D9FF8BC0DAFF300EDF6E000120EEAF
:10C7AA0001F08A51D9268B51DA227C0EDF6E20EEF7
:10C7BA0002F08A51D9268B51DA22DF6A8AC018F030
:10C7CA008BC019F0E4C01AF0E5C01BF0000E1C6E15
:10C7DA00A7EC34F0000E12008AC0D9FF8BC0DAFF32
:10C7EA00300EDF6E000120EE01F08A51D9268B51FE
:10C7FA00DA227C0EDF6E20EE02F08A51D9268B51A6
:10C80A00DA22DF6A8AC018F08BC019F08CC11AF0DC
:10C81A008DC11BF0000E1C6EA7EC34F0000E120046
:10C82A008AC0D9FF8BC0DAFF300EDF6E000120EE1E
:10C83A0001F08A51D9268B51DA227C0EDF6E20EE66
:10C84A0002F08A51D9268B51DA22DF6A8AC011F0A6
:10C85A008BC012F0010E136E000E146E47EC5CF0E2
:10C86A00000E12000001F8514009F86FF8C083FF6A
:10C87A00FA512009FA6FFAC081FFE70E126EFD0E17
:10C88A00136EFA51DF0BFA6FFAC081FF125089EC6E
:10C89A0066F0135089EC66F00001FA512009FA6F2C
:10C8AA00FAC081FF120022C018F023C019F0400E0E
:10C8BA00C4EC5FF0010E186E000E176E24C019F05A
:10C8CA0025C01AF0020EC7EC5AF0010E186E010EBE
:10C8DA00176E26C019F027C01AF0020EC7EC5AF0DC
:10C8EA0012002AC02DF02B50030B2E6E2EC0AAFF69
:10C8FA002DC0A9FF2CC0A8FFA69EA69CA684F29EC6
:10C90A00550EA76EAA0EA76EA682F28EA6B290EF59
:10C91A0064F092EF64F08BEF64F0A6941200020EBA
:10C92A00126E920E116EC5EC66F0176E1750196EE4
:10C93A001A6A020E126E930E116EC5EC66F0176E2D
:10C94A0017501B6E1C6A1B50186E176A1950171065
:10C95A00156E1A501810166E1200020E126E900EF4
:10C96A00116EC5EC66F0176E1750196E1A6A020E30
:10C97A00126E910E116EC5EC66F0176E17501B6E93
:10C98A001C6A1B50186E176A19501710156E1A5028
:10C99A001810166E1200176A000E166EDEEF64F09B
:10C9AA0014501624D96EDA6ADF5089EC66F0164AFA
:10C9BA00172A1250165C1750800A156E1350800AF7
:10C9CA001558D8A0EBEF64F0EDEF64F0D5EF64F002
:10C9DA00120011C017F012C018F0FCEF64F017C073
:10C9EA00D9FF18C0DAFF13C0DFFF174A182A150645
:10C9FA00D8A01606152806E11628D8A407EF65F070
:10CA0A0009EF65F0F4EF64F0120011C013F012C0E0
:10CA1A0014F012EF65F0114A122A11C0D9FF12C0A0
:10CA2A00DAFFDF50D8A41CEF65F01EEF65F010EFB7
:10CA3A0065F01350115C116E14501258126E1200E8
:10CA4A0056EC61F08AC0D9FF8BC0DAFF300EDF6E78
:10CA5A00000120EE01F08A51D9268B51DA227C0E90
:10CA6A00DF6E20EE02F08A51D9268B51DA22DF6A74
:10CA7A00000E120051EC66F08AC0D9FF8BC0DAFFB3
:10CA8A00300EDF6E000120EE01F08A51D9268B515B
:10CA9A00DA227C0EDF6E20EE02F08A51D9268B5103
:10CAAA00DA22DF6A000E120020C0ADF121C0AEF119
:10CABA00186A040E176E20C019F021C01AF0020E6F
:10CACA00C7EC5AF0060E236E130E226EAE0EE82E37
:10CADA00FED7222EFCD7232EFAD7120020C0B3F19C
:10CAEA0021C0B4F1186A040E176E20C019F021C0D3
:10CAFA001AF0010EC7EC5AF0060E236E130E226EC0
:10CB0A00AE0EE82EFED7222EFCD7232EFAD712001D
:10CB1A0020C0ABF121C0ACF1186A050E176E20C017
:10CB2A0019F021C01AF0020EC7EC5AF0060E236E55
:10CB3A00130E226EAE0EE82EFED7222EFCD7232E1F
:10CB4A00FAD7120020C0B1F121C0B2F1186A050E5D
:10CB5A00176E20C019F021C01AF0010EC7EC5AF066
:10CB6A00060E236E130E226EAE0EE82EFED7222E6E
:10CB7A00FCD7232EFAD7120020C0A9F121C0AAF1AE
:10CB8A00186A060E176E20C019F021C01AF0020E9C
:10CB9A00C7EC5AF0060E236E130E226EAE0EE82E66
:10CBAA00FED7222EFCD7232EFAD7120020C0AFF1CF
:10CBBA0021C0B0F1186A060E176E20C019F021C004
:10CBCA001AF0010EC7EC5AF0060E236E130E226EEF
:10CBDA00AE0EE82EFED7222EFCD7232EFAD712004D
:10CBEA008AC0D9FF8BC0DAFF300EDF6E000120EE5B
:10CBFA0001F08A51D9268B51DA227C0EDF6E20EEA3
:10CC0A0002F08A51D9268B51DA22DF6AFF00000E20
:10CC1A00120011507F0B146E14C0CAFFCC6A9E9288
:10CC2A0012BE1AEF66F01EEF66F0136A132A1FEFA0
:10CC3A0066F0136A13469D501318FD0B13189D6E68
:10CC4A00CA8412000001F989FAC081FFF9C093FF72
:10CC5A000101F951080DF3CF11F0F4CF12F03DECB8
:10CC6A0066F00001F9511009F96FF9C093FF12003B
:10CC7A00146A000E136E45EF66F00000134A142A78
:10CC8A001150135C12501458D8A04EEF66F050EFB2
:10CC9A0066F042EF66F01200186A030E176E1A6AFF
:10CCAA00040E196E010EC7EC5AF0186A030E176EBD
:10CCBA001A6A040E196E020EC7EC5AF012001150CD
:10CCCA001302F3CF15F0F4CF16F011501402F350FB
:10CCDA00162612501302F350162615C011F016C06C
:10CCEA0012F012000001F951EF0BF96FFAC081FF3F
:10CCFA00F9C093FF0101FC51080DF3CF11F0F4CFF5
:10CD0A0012F03DEC66F01200116E9E9611C0C9FF3A
:10CD1A0090EF66F000009EA695EF66F097EF66F03A
:10CD2A008FEF66F09E9612004EC019F04FC01AF0AF
:10CD3A008BEC62F0140E4E24196E010E4F201A6EFF
:10CD4A008BEC62F012009E96C96AADEF66F00000A5
:10CD5A009EA6B2EF66F0B4EF66F0ACEF66F09E9670
:10CD6A00C9501200116EBBEF66F000009EA8C0EF1A
:10CD7A0066F0C2EF66F0BAEF66F011C0ADFF1200BE
:10CD8A0011C013F01250030B146EA69EA69C14C079
:10CD9A00AAFF13C0A9FFA680A8501200ACA2D8EF20
:10CDAA0066F0DBEF66F0010EDCEF66F0000E1200B3
:10CDBA009EBAE2EF66F0E5EF66F0010EE6EF66F086
:10CDCA00000E12000102010241414242090A00001A
:10CDDA00060000FF11C013F013C0B1FFB36AB26AB4
:10CDEA00B180120011C013F013C0CDFFCF6ACE6A12
:10CDFA00CD801200CF50136ECE50116E13C012F0B8
:10CE0A00120011C0D9FF12C0DAFFDF6A12001250F5
:10CE1A00CF6E11C0CEFF1200C69A1200AE50120099
:03CE2A0000040100
:02CE2E001200F0
:020000040030CA
:08000000FF06051EFF8181FFD0
:00000001FF
