:020000040000FA
:06000000A9EF4EF0120012
:020006001200E6
:08000800E9CFE4FFEACFE4FFB9
:10001000F6CFE4FFF7CFE4FFF5CFE4FFF3CFE4FF43
:10002000F4CFE4FFFACFE4FF00EE00F0140EE80492
:1000300003E3EECFE4FFFBD700EE14F0120EE8046A
:1000400003E3EECFE4FFFBD7E652D9CFE6FFDACFEA
:10005000E6FFE1CFD9FFE2CFDAFFE652E652E25007
:10006000000EF350E124266E276A000E272226C0D8
:10007000DEFF27C0DDFFDECF26F0DDCF27F0050154
:1000800026506C5D27506D5904E2DECF6CF5DDCF54
:100090006DF59EA207D005012A2B000E2B232C23E1
:1000A0002D239E929EAAC9D0E250000EF350E12467
:1000B000266E276A000E272226C0DEFF27C0DDFF3E
:1000C000DECF26F0DDCF27F0050126506C5D2750EE
:1000D0006D5904E2DECF6CF5DDCF6DF59EAAACD094
:1000E000AB50020B03E1AB50040B05E0AB980000F2
:1000F000AB88AB9EAB8EABEC4DF00001866F5DCF55
:10010000E9FF5ECFEAFF060EE926000EEA22E9CFFC
:1001100026F0EACF27F05DCFE9FF5ECFEAFF040EBD
:10012000E926000EEA222650EE24E76E2750EE2044
:10013000EA6EE7CFE9FF86C0EFFF5DCFE9FF5ECF54
:10014000EAFFEECF2AF0EFCF2BF05DCFE9FF5ECFD5
:10015000EAFF040EE926000EEA22EECF28F0EFCFE8
:1001600029F0010E2826000E292228C008F029C0F7
:1001700009F02AC00DF02BC00EF083EC4EF004C045
:1001800026F005C027F05DCFE9FF5ECFEAFF040E41
:1001900026C0EBFF050E27C0EBFF5DCFE9FF5ECF6A
:1001A000EAFF040EE926000EEA22EECF26F0EFCF9A
:1001B00027F05DCFE9FF5ECFEAFF020EE926000ED1
:1001C000EA22EECF28F0EFCF29F02850261802E1DE
:1001D0002950271830E15DCFE9FF5ECFEAFFEECF6F
:1001E0002AF0EFCF2BF05DCFE9FF5ECFEAFF020EE2
:1001F000E926000EEA22EECF28F0EFCF29F0010E1B
:100200002826000E292228C008F029C009F02AC09B
:100210000DF02BC00EF083EC4EF004C026F005C0AC
:1002200027F05DCFE9FF5ECFEAFF020E26C0EBFFAD
:10023000030E27C0EBFF52D79E9AE552E552E552D6
:10024000E5CFDAFFE7CFD9FFE55200EE25F0120E39
:10025000E80403E3E5CFEDFFFBD700EE13F0140E47
:10026000E80403E3E5CFEDFFFBD7E5CFFAFFE5CFE9
:10027000F4FFE5CFF3FFE5CFF5FFE5CFF7FFE5CFDF
:0C028000F6FFE5CFEAFFE5CFE9FF110033
:04028C000200D49DFB
:1002900000004A0F000013000000D29D00005D0F17
:0602A00000000200000056
:0A02A6000F01380E006F1F0E016FEC
:1002B000480E026F250E036FB80E046F240E056FF3
:1002C0008E0E066F1C0E076F0E0E086F140E096F50
:1002D0005A0E0A6F0E0E0B6FB20E0C6F160E0D6FCC
:1002E000C60E0E6F140E0F6FF00E106F130E116FFF
:1002F000920E126F110E136F060E146F180E156FFB
:10030000600E166F230E176F600E186F130E196FA5
:100310001C0E1A6F240E1B6FFA0E1C6F1F0E1D6F22
:10032000640E1E6F220E1F6FC00E206F0B0E216F0A
:10033000220E226F230E236F6A0E246F230E256F69
:10034000F60E266F050E276FA80E286F060E296F72
:10035000D00E2A6F0A0E2B6FBA0E2C6F050E2D6F62
:10036000B20E2E6F0D0E2F6F380E306F700E316F74
:10037000AE0E326F720E336F540E346F720E356FD5
:10038000EE0E366F210E376F7A0E386F040E396F0E
:10039000060E3A6F060E3B6F260E3C6F1B0E3D6F2E
:1003A0009A0E3E6F1A0E3F6F060E406F1B0E416F86
:1003B0005E0E426F040E436FE20E446F040E456FF3
:1003C0005A0E466F0C0E476F12007BEC13F0830E33
:1003D000F36EFD0E6CEC15F007E3FD0EDB507D0FA8
:1003E000146E240E145C02E3010E37D0FD0EDB50B8
:1003F0007D0FE96EEA6AD890E936EA36000EE92602
:100400000F0EEA22EE50ED1002E1020E26D0FD0E94
:10041000DB507D0FE96EEA6AD890E936EA36000EC5
:10042000E9260F0EEA22EECF14F0EFCF15F0F90E09
:10043000DBCFE6FFFA0EDBCFE6FFFB0EDBCFE6FFFE
:10044000FC0EDBCFE6FF04D015C0FAFF1450F96EA6
:10045000FBDFE552E552E552E5528AEF13F07DEC01
:1004600016F0E66A98EC16F0E3EC14F002E2E16AAA
:10047000E552F5EC14F08AEF13F0D9CFE6FFDACFAE
:10048000E6FFE1CFD9FFE2CFDAFFFA0EDBCFE9FFDB
:10049000FB0EDBCFEAFF300EEF6E010EE76EFA0EB9
:1004A000DBCFE9FFFB0EDBCFEAFFE750E926000ECA
:1004B000EA227C0EEF6E020EE76EFA0EDBCFE9FF4A
:1004C000FB0EDBCFEAFFE750E926000EEA22EF6AD7
:1004D000FF00000E00D0E552E5CFDAFFE7CFD9FFED
:1004E00012007BEC13F00D0EE12402E3E168E6520A
:1004F000E16E78EC13F0510825E13EEC17F022E1B3
:100500006A0E8EEC15F0E66EA6EC15F0E552E7509B
:10051000EE6EED6A6B0E8EEC15F0156E146AA6EC9D
:1005200015F01450EE261550ED226CEC17F0D5ECBA
:1005300015F0060E0FEC16F002E2E16AE552E16EEC
:10054000145030D0020EDB6AFDEC16F006E007EC2A
:1005500017F0070F11EC17F0F7D7D950070F80EC01
:1005600016F0D950030FA2EC13F0070F87EC13F02D
:10057000DB5014E1FF0EE76E030EDBCF14F0040E28
:100580004BEC15F06A0E93EC13F0030E040E45ECE1
:1005900014F06B0E93EC13F0DF6A02D0010EDF6EE5
:1005A000E0EC15F0000E146E0D0EE15C02E2E16A63
:1005B000E552E16E14508AEF13F07DEC16F02C0E2C
:1005C000E66E020E05012915E8407F0BE66E66EC2B
:1005D00017F002E2E16AE5528AEC15F0010E05011E
:1005E0002915E66E66EC17F002E2E16AE552F5ECD9
:1005F00014F08AEF13F07BEC13F036EC46F081EC4C
:1006000013F08AEF13F083EC16F051EC15F0040EA2
:10061000C6EC15F014EC17F003E013EC16F00EE145
:1006200005EC16F00BE10BEC17F003E017EC17F0FC
:1006300005E13BEC16F002E1010EDB6A010EDB5036
:1006400024E114EC17F006E10BEC17F003E1020EC5
:10065000DCC4DBFF14EC17F006E117EC17F003E144
:10066000020EDDC4DBFF13EC16F006E10BEC17F015
:1006700003E1020EDEC4DBFF13EC16F006E117EC1B
:1006800017F003E1020EDFC4DBFFDF6A51EC16F066
:1006900066EC17F002E2E16AE552F5EC14F0E5527F
:1006A000E552E5528AEF13F09FEC16F0300804E0B3
:1006B00078EC13F031080FE105EC16F00CE1EDECED
:1006C00015F0300803E00BEC17F005E13BEC16F0F9
:1006D00002E1010EDB6A010EDB5024E178EC13F03D
:1006E000300804E1040E0401C01103D0FB0E040124
:1006F000C015C06FEDEC15F0300803E1080EC01115
:1007000002D0F70EC015C06F836E78EC13F0D00FD7
:10071000146EEDEC15F0D00FE82414240501296FB8
:10072000DF6A02D0010EDF6EE0EC15F0E552E55213
:100730008AEF13F07BEC13F0180EE12402E3E1687A
:10074000E652E16EDE6ADD6A020EDB6AF36E030ECC
:10075000CBEC15F0120EF3CFDBFF150EF36E130E7C
:10076000CBEC15F0140EF3CFDBFF130EF36E150E6A
:10077000CBEC15F0160EF3CFDBFF100EF36E170E59
:10078000F3CFDBFFD950040FE96EDACFEAFF000E9A
:10079000EA226E0EEE6E050EED6E0A0EDB6AFD0E9F
:1007A000DB50020802E2020E01D0010EF36E0B0EC6
:1007B000F3CFDBFF090EDB6A020EF36E090E6CEC61
:1007C00015F001E3C8D0D9CF14F0DACF15F0090E37
:1007D000DB50020DD950F324E96EDA50A3EC16F089
:1007E000060E166E030E176E66EC14F0165C93EC94
:1007F00015F0186E050EE15C02E2E16AE552E16E69
:100800001850640ED0EC15F0D950120F186E000E6F
:10081000DA20196E030E1A6E66EC14F0020D1850F1
:10082000F324E96E195094EC14F0F3CF16F0F4CFE2
:1008300017F087EC14F016C0EEFF17C0EDFF010EA5
:10084000D0EC15F0080EDB6AD950120F74EC16F0DC
:10085000166E66EC14F0020D1450F324E96E155078
:1008600094EC14F00C0EF3CFDBFF0D0EF4CFDBFF96
:10087000D9500E0F166E000EDA20176E090EDB50DF
:10088000020D1650F324E96E1750F420EA6EEECFF5
:1008900014F0EFCF15F00C0EDBCF18F00D0EDBCF00
:1008A00019F0960E185E000E195A19501518E8AE78
:1008B00002D0153404D01450185C1550195833E286
:1008C000D9500E0F1C6E000EDA201D6E090EDB5083
:1008D000020D1C50F324E96E1D50F420EA6EEECF99
:1008E0001AF0EFCF1BF0960EE76E0C0EDBCF1EF06A
:1008F0000D0EDBCF1FF0E7501E26000E1F221B50EF
:100900001F18E8AE02D01F3404D01E501A5C1F50CE
:100910001B5809E2140EF36E080E6CEC15F003E29E
:10092000080EDB2A10D0140EF36E080E6CEC15F0D6
:100930000AE287EC14F00C0EDBCFEEFF0D0EDBCFDE
:10094000EDFF080EDB6A080EDB50140801E07CD7CF
:10095000090EDB2A31D70E0EDBCF14F00F0EDBCFE2
:1009600015F0C80EE76E100EDBCF16F0110EDBCFC0
:1009700017F0E7501626000E172217501518E8AE8C
:1009800002D0153404D01450165C155017581DE3CE
:10099000100EDBCF18F0110EDBCF19F0C80EE76E8A
:1009A0000E0EDBCF1AF00F0EDBCF1BF0E7501A262E
:1009B000000E1B221B501918E8AE02D0193404D0C7
:1009C00018501A5C19501B5805E2010EF36E0A0EFE
:1009D000F3CFDBFF0E0EDB6A0F0EDB6A100EDB6A55
:1009E000110EDB6AFD0EDB50166E176A030E0D6EDC
:1009F0000E6A16C008F017C009F083EC4EF004C070
:100A000016F005C017F0010ED89016361736E80616
:100A1000FBE1040EDB501624146E050EDB5017208C
:100A2000156E0B0EDBCF1AF01B6A1ABE1B68020E86
:100A3000D8801A56000E1B56030E086E096A1AC09B
:100A40000DF01BC00EF073EC3DF006C018F007C0AF
:100A500019F0010ED89018361936E806FBE114504B
:100A60001824E96E15501920EA6E060EEECFDBFF52
:100A7000070EEDCFDBFFC5EC16F0000E145C040E84
:100A800015581AE2060EDBCFE6FF070EDBCFE6FFB6
:100A9000060E146E030E156E66EC14F0145C93ECE7
:100AA00015F0166E050EE15C02E2E16AE552E16EB8
:100AB0001650640ED0EC15F00A0EDB50146E180EB2
:100AC000E15C02E2E16AE552E16E14508AEF13F054
:100AD00054EC16F0E652E8EC14F014EC17F003E0D6
:100AE00013EC16F012E105EC16F00FE10BEC17F029
:100AF00007E017EC17F004E0EDEC15F0330805E122
:100B00003BEC16F002E1030EDB6A030EDB504CE116
:100B100000EC17F0040EDB6A00EC15F007E1020EA2
:100B2000DB50030803E1E66AFDEC13F000EC15F07E
:100B300007E1A2EC15F004E1010EE66EFDEC13F006
:100B400000EC15F007E1020EDB0404E1020EE66E94
:100B5000FDEC13F004EC15F008E1020EDB50030885
:100B600004E1030EE66EFDEC13F004EC15F007E172
:100B7000A2EC15F004E1040EE66EFDEC13F004ECBB
:100B800015F007E1020EDB0404E1050EE66EFDEC54
:100B900013F06CEC17F0040E49EC16F002E2E16A77
:100BA000E552E16E145002D01FEC17F0000E91ECEC
:100BB00016F002E2E16AE552E16E14508AEF13F09A
:100BC0007BEC13F00F0EE12402E3E168E65223EC24
:100BD00014F078EC13F006E1010EDB6A0401650EF7
:100BE000F16F22D0020EDB6AFDEC16F009E00EEC8C
:100BF00017F006E007EC17F0050F11EC17F0F4D72B
:100C0000D950050F80EC16F0E3EC15F00DE1020E63
:100C1000DB500AE0D950030FA2EC13F0050F87EC6C
:100C200013F0030EDBCFF1F4010EDB5007E1DF6AB6
:100C3000E0EC15F00401010EF06F04D00401F06B3C
:100C40001FEC17F0000E146E0F0EE15C02E2E16A79
:100C5000E552E16E14508AEF13F083EC16F0E65281
:100C600081EC13F078EC13F0510834E13EEC17F00E
:100C700031E1DF6A020ED9EC15F0410E98EC13F069
:100C80002C0EEF6E0401C0B104D0F7EC13F0300E5F
:100C900003D0F7EC13F0310EEF6E050ED9EC15F022
:100CA0002C0EEF6E060ED9EC15F0420EEF6E070E0D
:100CB000D9EC15F02C0EEF6EC0B304D0CDEC14F0CF
:100CC000300E03D0CDEC14F0310EEF6E090ED9ECDE
:100CD00015F0EF6A14EC17F003E013EC16F064E182
:100CE00005EC16F061E1EDEC15F0300803E00BECDB
:100CF00017F05AE1010EDF6E69EC17F031E195EC67
:100D000016F0410804E095EC16F0420829E1050EC2
:100D100070EC13F02C0824E1060E70EC13F0300890
:100D200005E0060E70EC13F031081AE1070E70ECC6
:100D300013F016E1060E70EC13F0D00F09E1FE0E71
:100D4000146E95EC16F0BF0F145C0401C01506D0AC
:100D500095EC16F0BF0F010F0401C011C06FDF6AE0
:100D60003BEC16F013E1EDEC15F0D00F09E1FE0EAF
:100D7000146E78EC13F0BF0F145C0401C01504D09E
:100D8000C9EC16F00401C011C06FDF6ADF5005E145
:100D9000C0C483FF010EDB6A03D0DE52010EDD6E9C
:100DA000DB50300F4DEC16F0000EE552E5528AEFA5
:100DB00013F07DEC16F0E66A6AC5E6FF6BC5E6FF48
:100DC00073EC13F002E2E16AE552F5EC14F08AEFFD
:100DD00013F083EC16F0010EDF6EFD0EDB504108C0
:100DE0000BE1FC0EDB50310807E1DF6AEFEC16F097
:100DF00052C5EEFF53C5EDFFFD0EDB5041080BE180
:100E0000FC0EDB50320807E1EFEC16F054C5EEFFA4
:100E100055C5EDFFDF6AFD0EDB5042080BE1FC0E0D
:100E2000DB50310807E1EFEC16F056C5EEFF57C571
:100E3000EDFFDF6AFD0EDB5042080BE1FC0EDB50DC
:100E4000320807E1EFEC16F058C5EEFF59C5EDFF8B
:100E5000DF6ADF50E5528AEF13F0CDEC16F002E3C3
:100E6000E168E6520CEC16F003E013EC16F00EE12C
:100E700005EC16F00BE10BEC17F003E017EC17F0A4
:100E800005E13BEC16F002E1010EDB6A010EDB50DE
:100E900001E0ABD0E6EC15F0030EEFCFDBFFEDEC9D
:100EA00015F0D00FDF6E080EDB6A090EDB6A030E49
:100EB0007DEC14F0030EDF2414240F01486F480E5C
:100EC000E66E0F0EE66EA5D8E552E552040EF3CF9E
:100ED000DBFF050EF4CFDBFF030E7DEC14F0DF0427
:100EE000ADEC14F0EF5011E1020EDB6A21EC16F0CC
:100EF00002E2E16AE552E16E1650E66A520EE66ED3
:100F00009B0E9CEC13F01DE21AD0030E7DEC14F046
:100F1000DF04142460EC15F0C40EE926040EEA2266
:100F2000EE50ED1011E1020EDB6A56EC17F0EF6A9D
:100F3000E66A4E0EE66E9B0E9CEC13F002E2E16A4E
:100F4000E552E16E145051D0020EDB6AD950080F01
:100F50002CEC17F0300EDF24E66E030E08EC15F0D3
:100F6000190E146E156A080EDBCF08F0090E14EC8A
:100F700014F0660E086E096A060EDBCF0DF0070E40
:100F8000DBCF0EF073EC3DF0060E06C0DBFF070E64
:100F900007C0DBFF0A0E5FEC16F0040E5FEC16F0E4
:100FA000AAEC15F0060EDB50165C146E070EDB5033
:100FB0001758156E060E14C0DBFF070E15C0DBFFB9
:100FC000020E21EC16F002E2E16AE552E16E1650E3
:100FD000E66A2D0E9AEC14F0D9EC14F0A5EC13F09F
:100FE00002E2E16AE552E16E1650010EDB0406E111
:100FF000020EF36EDB6E56EC17F0EF6A000E146E05
:101000000A0EE15C02E2E16AE552E16E14508AEFF9
:1010100013F0CDEC16F002E3E168E652E16E98ECD5
:1010200016F02BEC40F0E552E552F3CFDEFFF4CFA3
:10103000DDFF0EEC15F0060EDB6A070EDB6A080E0C
:10104000DB6A090EDB6A78EC13F0FC0F60EC15F03C
:10105000420EE926050EEA22020EEECFDBFF030E5A
:10106000EECFDBFF040EEECFDBFF050EEECFDBFF96
:1010700078EC13F0FC0F60EC15F0320EE926050E4B
:10108000EA22EECF18F0EECF19F0EECF1AF0EFCF44
:101090001BF0DECF14F0DDCF15F0166A176A14C00E
:1010A00006F015C007F016C008F017C009F018C008
:1010B0000BF019C00CF01AC00DF01BC00EF0B7EC0D
:1010C0004CF0060E02C0DBFF070E03C0DBFF080E6C
:1010D00004C0DBFF090E05C0DBFFB1EC15F0AAEC84
:1010E00015F0D950060F2DEC16F067EC16F01734FA
:1010F000000E171809E6D880000E1454000E15547F
:10110000000E1654000E17540BE2C5EC16F0080E34
:10111000DBCF16F0090EDBCF17F005EC14F002D090
:101120000EEC15F0500E146EC30E156E166A176A8B
:1011300005EC14F0020EDBCF06F0030EDBCF07F058
:10114000040EDBCF08F0050EDBCF09F0A00E0B6E0E
:10115000860E0C6E010E0D6E0E6A12EC3DF0020E44
:1011600006C0DBFF030E07C0DBFF040E08C0DBFF79
:10117000050E09C0DBFFB1EC15F014C0F3FF15C07C
:10118000F4FF0A0EE15C02E2E16AE552E16E8AEFE9
:1011900013F0CDEC16F002E3E168E6520CEC16F029
:1011A00003E013EC16F005E13EEC17F002E1010E4E
:1011B000DB6A010EDB5001E0C2D014EC17F006E14F
:1011C000000EE66EE66A010ED0EC14F013EC16F099
:1011D00006E1000EE66EE66A020ED0EC14F0060E92
:1011E000070EDBCF18F0176A800E1816196A0F0E5B
:1011F0001F0B17C014F018C015F019C016F006E048
:10120000D890163215321432E806FAE1020E14C0F4
:10121000DBFF060E070EDBCF15F0000E780E15165D
:101220001550156AE830E830E8301F0B146EDC0EFC
:101230001426070E1522080E14C0DBFF090E15C078
:10124000DBFFC5EC16F0800E1416070E1516D890AD
:1012500015321432E804FBE1030E14C0DBFF7C0EF0
:10126000AAEC16F0D89015321432D89015321432F8
:10127000040E14C0DBFF030EAAEC16F0050E14C01A
:10128000DBFF6CEC17F0490EE66E9B0E9CEC13F046
:1012900002E2E16AE55282EC14F0020EDB50410FEB
:1012A0009AEC14F0440EE66E9B0E9CEC13F002E2F6
:1012B000E16AE55282EC14F0040E49EC16F002E209
:1012C000E16AE5528AEC15F03D0EE66E9B0E9CEC51
:1012D00013F002E2E16AE55282EC14F0030E49ECED
:1012E00016F002E2E16AE5528AEC15F0370EE66E7E
:1012F0009B0E9CEC13F002E2E16AE55282EC14F0E2
:10130000080EDBCFE6FF090E0FEC16F002E2E16AF1
:10131000E5528AEC15F02E0EE66E9B0E9CEC13F057
:1013200002E2E16AE5528AEC15F0D5EC15F066ECC4
:1013300017F002E2E16AE552E16E145002D01FECB0
:1013400017F0000E146E0A0EE15C02E2E16AE5524B
:10135000E16E14508AEF13F07DEC16F08AEF13F073
:1013600054EC16F0020EDB6A030EDB6ADE52010E4D
:10137000DD6EE6EC15F0EFCF14F0300E145C1CE3DC
:1013800078EC13F0370818E33EEC17F015E1010E86
:10139000DB6A78EC13F0D00F0F01496F490EE66E4F
:1013A0000F0EE66E2BEC40F0E552E552020EF3CF45
:1013B000DBFF030EF4CFDBFF010EDB500CE1DF6A35
:1013C00051EC16F0030E0FEC16F002E2E16AE55262
:1013D000E16E145002D01FEC17F0000E146E040ED4
:1013E000E15C02E2E16AE552E16E14508AEF13F02B
:1013F00048EC17F0140EE66E9B0E9CEC13F002E224
:10140000E16AE552F5EC14F0E5528AEF13F07BEC5B
:1014100013F0060EE12402E3E168E6520CEC16F04C
:1014200003E013EC16F00EE105EC16F00BE10BEC0B
:1014300017F003E017EC17F005E13BEC16F002E1C2
:10144000010EDB6A010EDB502CE12FEC14F0050ECF
:10145000EFCFDBFF57EC16F00BE1D950020F2CEC6D
:1014600017F0D5EC15F0040E08EC15F0D1EC16F0E1
:10147000010EDB5016E1DF6A57EC16F00BE151EC80
:1014800016F0030E0FEC16F002E2E16AE552E16E8F
:10149000145007D008EC16F0430EEF6EF7EC13F083
:1014A000EF6A010EDB0404E1020EDF6EE0EC15F0E2
:1014B000000E146E060EE15C02E2E16AE552E16E96
:1014C00014508AEF13F07BEC13F02C0EE12402E3AE
:1014D000E168E65223EC14F0020EDB6AFDEC16F034
:1014E00006E00EEC17F003E0AAEC17F0F7D7AEEC2D
:1014F00017F031E1020EDB502EE06EEC14F0E3EC5D
:1015000015F006E00EEC17F003E0A0EC17F0F7D7AB
:10151000A4EC17F00EEC17F01EE150EC14F01BE0F9
:101520006EEC14F0E3EC15F009E00EEC17F006E0B9
:1015300007EC17F0180F35EC16F0F4D7D950180F48
:1015400090EC13F0EF6AE3EC15F005E150EC14F0C9
:1015500002E0010EDB6A010EDB5001E098D0D950A9
:10156000220F1DEC16F0DB503EE1D950220F2DEC7E
:1015700016F0D00ED880EE54070EED5434E3220E50
:10158000DBCF06F0230EDBCF07F0086A096A0E0EE8
:101590000B6E820E0C6E0D6A0E6AB7EC4CF002C038
:1015A00006F003C007F004C008F005C009F0E80E1B
:1015B0000626030E0722000E08220922D00E0B6E0B
:1015C000070E0C6E0D6A0E6A24EC4DF0280E06C054
:1015D000DBFF290E07C0DBFF2A0E08C0DBFF2B0E46
:1015E00009C0DBFF03D0DE52010EDD6E010EDBCF42
:1015F000E6FFD950240F70EC16F0DBCFE6FFD95090
:10160000260FA2EC13F0180FF2EC13F0010EE7CF47
:10161000DBFFDB5039E1240EDBCF14F0250EDBCFEE
:1016200015F0260EDBCF16F0270EDBCF17F0145087
:10163000165C1550175805E3D950240FB4EC14F07C
:1016400023E1220EDBCF6AF5230EDBCF6BF5260EEE
:10165000DBCFE6FF270EDBCFE6FF240EDBCFE6FF76
:10166000250EDBCFE6FF280EDBCFE6FF290EDBCF12
:10167000E6FFAAEC34F0146E060EE15C02E2E16AC9
:10168000E552E16E145003D0DE52010EDD6E010E04
:10169000DB5002E1DF6A02D0020EDF6E41EC17F090
:1016A0002C0EE15C02E2E16AE552E16E14508AEF31
:1016B00013F07BEC13F00F0EE12402E3E168E65235
:1016C0000CEC16F003E013EC16F032E105EC16F02A
:1016D0002FE10BEC17F007E017EC17F004E0EDEC4E
:1016E00015F0330825E169EC17F022E1040EC6EC91
:1016F00015F0FDEC16F00CE00EEC17F009E007EC2D
:1017000017F0030FC3EC13F0FC0FB3EC17F0F1D795
:10171000D950030FC3EC13F0FC0FBFEC13F0E3EC54
:1017200015F006E1020EDB50040802E0010EDB6A50
:10173000010EDB5053E10BEC17F018E114EC17F03D
:1017400009E1F6EC15F006E128EC14F078EC46F02F
:10175000E552E55213EC16F009E1F6EC15F006E15E
:1017600028EC14F085EC46F0E552E55217EC17F042
:1017700018E114EC17F009E1F6EC15F006E128EC9D
:1017800014F092EC46F0E552E55213EC16F009E144
:10179000F6EC15F006E128EC14F09FEC46F0E5526B
:1017A000E552EDEC15F033081CE114EC17F009E1FB
:1017B000F6EC15F006E128EC14F0ACEC46F0E5523E
:1017C000E55213EC16F00DE1F6EC15F00AE128EC09
:1017D00014F0B9EC46F0E552E55203D0DE52010EAA
:1017E000DD6E010EDB5002E1DF6A02D0020EDF6E19
:1017F00041EC17F00F0EE15C02E2E16AE552E16EA6
:1018000014508AEF13F0D3EC16F002E3E168E652CD
:1018100023EC14F0DF6E14EC17F003E013EC16F079
:101820003BE105EC16F038E10BEC17F003E017ECA8
:1018300017F032E169EC17F02FE195EC16F02B0868
:1018400004E095EC16F02D0827E1050E70EC13F07E
:101850002C0822E1060EC6EC15F0FDEC16F00CE0AB
:101860000EEC17F009E007EC17F0060FC3EC13F0CD
:10187000FA0FB3EC17F0F1D7D950060FC3EC13F001
:10188000FA0FBFEC13F0E3EC15F006E1020EDB50AB
:10189000060802E0010EDB6A010EDB5001E0E6D033
:1018A0002FEC14F0030EEFCFDBFF040EF6EC16F076
:1018B000050EEFCFDBFFDE52010EDD6ED950100FAB
:1018C000A2EC13F0060F87EC13F0040EDB50410876
:1018D0002FE1030EDB5031082BE1010EDB5028E134
:1018E0000401DC0523E1050EDB502B080DE1EAECD9
:1018F00013F00401C6270950C72391EC17F002E248
:10190000E16AE552E16E1450050EDB502D0810E13E
:10191000EAEC13F00401C65F0950C75B91EC17F0C5
:1019200002E2E16AE552E16E145002D05AEC17F07F
:10193000040EDB5041082FE1030EDB5032082BE18F
:10194000010EDB5028E10401DD0523E1050EDB502B
:101950002B080DE1EAEC13F00401CA270950CB2350
:1019600070EC17F002E2E16AE552E16E1450050EE8
:10197000DB502D0810E1EAEC13F00401CA5F0950B6
:10198000CB5B70EC17F002E2E16AE552E16E1450B5
:1019900002D05AEC17F0040EDB5042082FE1030E80
:1019A000DB5031082BE1010EDB5028E10401DE059C
:1019B00023E1050EDB502B080DE1EAEC13F00401E6
:1019C000CE270950CF237BEC17F002E2E16AE55203
:1019D000E16E1450050EDB502D0810E1EAEC13F017
:1019E0000401CE5F0950CF5B7BEC17F002E2E16AA5
:1019F000E552E16E145002D05AEC17F0040EDB50A1
:101A0000420840E1030EDB5032083CE1010EDB509E
:101A100039E10401DF0523E1050EDB502B080DE160
:101A2000EAEC13F00401D2270950D32386EC17F017
:101A300002E2E16AE552E16E1450050EDB502D081A
:101A400021E1EAEC13F00401D25F0950D35B86EC8C
:101A500017F002E2E16AE552E16E145013D0DF6A3A
:101A600038EC17F04E0EEF6E030E09D008EC16F0AE
:101A70004F0EEF6EF7EC13F04B0EEF6E050ED9EC38
:101A800015F0EF6A000E146E120EE15C02E2E16ADC
:101A9000E552E16E14508AEF13F083EC16F0DEECA1
:101AA00014F017EC15F0B8EC14F024EC4DF0DE5205
:101AB00006C0DEFF07C0DDFFDD5220EC15F0B8ECFC
:101AC00014F024EC4DF0030E06C0DBFF040E07C03B
:101AD000DBFFDF6AE0EC15F086EC16F002E2E16A6B
:101AE000E5528AEC15F04BEC17F002E2E16AE552A0
:101AF000F5EC14F091EC16F002E2E16AE552E16EC9
:101B000014508AEF13F048EC17F06CC5E6FF6DC572
:101B1000E6FF73EC13F002E2E16AE552F5EC14F033
:101B2000E5528AEF13F07BEC13F01C0EE12402E384
:101B3000E168E65223EC14F0020EDB6AFDEC16F0CD
:101B400006E00EEC17F003E0AAEC17F0F7D7AEECC6
:101B500017F018E1020EDB5015E06EEC14F0E3EC28
:101B600015F006E00EEC17F003E0A0EC17F0F7D745
:101B7000A4EC17F0E3EC15F005E150EC14F002E0F2
:101B8000010EDB6A010EDB5072E151EC17F0DB5005
:101B90006EE1180EDBCF14F0190EDBCF15F01A0E24
:101BA000DBCF16F01B0EDBCF17F01650145C17506E
:101BB00015585DE2D950180FB4EC14F058E0D95024
:101BC0001A0FB4EC14F053E0180EDBCF62F5190EC7
:101BD000DBCF63F50501646B656BB8EC14F017ECB3
:101BE00015F0B7EC4CF002C062F503C063F504C019
:101BF00064F505C065F51A0EDBCF66F51B0EDBCF6D
:101C000067F50501686B696BB8EC14F020EC15F012
:101C1000B7EC4CF002C066F503C067F504C068F588
:101C200005C069F5180E190E45EC14F0750E93EC0D
:101C300013F0FF0EE76E180EDBCF14F0190E4BEC0D
:101C400015F0740E93EC13F01A0E1B0E45EC14F005
:101C5000770E93EC13F0FF0EE76E1A0EDBCF14F045
:101C60001B0E4BEC15F0760E93EC13F0DF6A010EB1
:101C7000DB5002E0010EDF6E41EC17F01C0EE15C60
:101C800002E2E16AE552E16E14508AEF13F07BEC58
:101C900013F0230EE12402E3E168E652E16EE8EC82
:101CA00014F0010EDF6E14EC17F003E013EC16F0E5
:101CB0005DE105EC16F05AE10BEC17F003E017ECD0
:101CC00017F054E169EC17F051E1040EF36E050EC4
:101CD000F3CFDBFF040EF36EDB6EFDEC16F00CE0D1
:101CE00032EC16F02C0808E032EC16F0E66ED95013
:101CF0000B0F8CEC16F0F1D7D9500B0F43EC16F00C
:101D0000BFEC13F032EC16F006E1EEEC14F003E059
:101D1000030EB8EC15F032EC16F02C0827E1EEECCF
:101D200014F024E0040EDB2ADB50E76E050EE7CF4B
:101D3000DBFF32EC16F00CE032EC16F02C0808E079
:101D400032EC16F0E66ED950150F8CEC16F0F1D788
:101D5000D950150FFAEC13F0EF6A32EC16F006E1E9
:101D6000EEEC14F003E0040EB8EC15F0030EDB50BB
:101D700001E0D8D000EC17F0D950070FA2EC13F017
:101D80000B0F00EC16F0E76E030EE7CFDBFF060E3D
:101D9000DB5004081CE1030EDBCFE6FFD950090F2E
:101DA000A2EC13F0150FF2EC13F0030EE7CFDBFFFC
:101DB000DB5018E1090EDBCF14F00A0EDBCF15F073
:101DC0001F0E14C0DBFF200E15C0DBFF07D00A0E6C
:101DD000F36E1F0EF3CFDBFF200EDB6A210EDB6AF2
:101DE000220EDB6A030EDB5042E1E8EC14F000EC5B
:101DF00015F00DE1020EDB040AE1BFEC14F0040162
:101E00001450F65D1550F75902E3030EDB6A00EC3F
:101E100015F00DE1A2EC15F00AE1BFEC14F004019D
:101E20001450F85D1550F95902E3030EDB6A04EC17
:101E300015F00DE1020EDB040AE1BFEC14F0040121
:101E40001450FA5D1550FB5902E3030EDB6A04ECF3
:101E500015F00DE1A2EC15F00AE1BFEC14F004015D
:101E60001450FC5D1550FD5902E3030EDB6A030EAE
:101E7000DB5058E1010E7DEC14F0020EDB04ADECFA
:101E800014F0EF5002E1030EDF6E00EC15F008E1F4
:101E9000010E0401C01504E1010EC011C06F836E74
:101EA00004EC15F008E1020E0401C01504E1020E75
:101EB000C011C06F836E030EDF5C34E0D9501F0F7A
:101EC0002DEC16F0EECFE6FFEECFE6FFEECFE6FF0D
:101ED000EFCFE6FF070EDBCFE6FF080E66EC15F04E
:101EE000010EDBCFE6FF93EC35F0146E080EE15CDB
:101EF00002E2E16AE552E16E1450DF6E010E7DEC04
:101F000014F029EC15F0E00EE926040E9AEC15F019
:101F1000010E7DEC14F029EC15F0E80EE926040E14
:101F20009AEC15F041EC17F0230EE15C02E2E16A55
:101F3000E552E16E1450EED3DEDB0D0EE12402E338
:101F4000E168E652E16E9D92F29EF29C030E05015D
:101F50002A27000E2B232C232D23D950010F2CECE4
:101F600017F02CEC31F0E552E552F28EF28C9D82A6
:101F7000DF6AE0EC15F086EC16F002E2E16AE55269
:101F800082EC14F04BEC17F002E2E16AE55282ECCD
:101F900014F0D5EC15F0060E0FEC16F002E2E16A33
:101FA000E55282EC14F0070EDBCFE6FF080E0FECD3
:101FB00016F002E2E16AE55282EC14F0090EDBCF82
:101FC000E6FF0A0E0FEC16F002E2E16AE5528AEC37
:101FD00015F00B0EDBCFE6FF0C0E0FEC16F002E255
:101FE000E16AE552F5EC14F0146E0D0EE15C02E2CC
:101FF000E16AE552E16E14508DD37DDB060EE124DB
:1020000002E3E168E652E16EE8EC14F014EC17F03C
:1020100003E013EC16F00EE105EC16F00BE10BEC0F
:1020200017F003E017EC17F005E13BEC16F002E1C6
:10203000030EDB6A030EDB5040E100EC17F000EC0E
:1020400015F009E1020EDB0406E1040EF6C4DBFF25
:10205000050EF7C4DBFF00EC15F009E1A2EC15F06A
:1020600006E1040EF8C4DBFF050EF9C4DBFF04EC47
:1020700015F009E1020EDB0406E1040EFAC4DBFFF1
:10208000050EFBC4DBFF04EC15F009E1A2EC15F032
:1020900006E1040EFCC4DBFF050EFDC4DBFF6CECA7
:1020A00017F0040EDBCFE6FFD5EC15F01CDB02E2E7
:1020B000E16AE552E16E145002D01FEC17F0000EF9
:1020C000146E060EE15C02E2E16AE552E16E145024
:1020D00021D383EC16F0DF6AFD0EDB5041081EE1D0
:1020E000FC0EDB5031081AE1B5EC16F015E2FA0EE1
:1020F000DBCFF6F4FB0EDBCFF7F4000E0401F61590
:10210000FF0EF71585EC15F06D0E0DDB0401F65191
:10211000E66E6C0E08DB02D0010EDF6EFD0EDB50AA
:1021200041081EE1FC0EDB5032081AE1BBEC16F050
:1021300015E2FA0EDBCFF8F4FB0EDBCFF9F4000E5C
:102140000401F815FF0EF91585EC15F06F0EEBDAAA
:102150000401F851E66E6E0EE6DA02D0010EDF6E73
:10216000FD0EDB5042081EE1FC0EDB5031081AE187
:10217000B5EC16F015E2FA0EDBCFFAF4FB0EDBCF6E
:10218000FBF4000E0401FA15FF0EFB1585EC15F0AB
:10219000710EC9DA0401FA51E66E700EC4DA02D08B
:1021A000010EDF6EFD0EDB5042081EE1FC0EDB501F
:1021B00032081AE1BBEC16F015E2FA0EDBCFFCF4A4
:1021C000FB0EDBCFFDF4000E0401FC15FF0EFD1528
:1021D00085EC15F0730EA7DA0401FC51E66E720E61
:1021E000A2DA02D0010EDF6EDF50E55293D29FECEF
:1021F00016F031081EE13EEC17F01BE1010EDB6A20
:10220000380E0401C35D15E0380EC36FE66E32EC84
:1022100015F062C55AF563C55BF564C55CF565C527
:102220005DF52AC55EF52BC55FF52CC560F52DC59E
:1022300061F55EDA30080AE13EEC17F007E1010EC5
:10224000DB6A0401C369E66832EC15F0010EDB506D
:1022500002E1DF6A02D0010EDF6EE0EC15F0E5521C
:10226000E55258D2D3EC16F002E3E168E6520CECEA
:1022700016F003E013EC16F043E105EC16F040E134
:10228000E6EC15F00E0EEFCFDBFF0BEC17F003E0E2
:1022900017EC17F035E169EC17F032E1040E26DB9C
:1022A000FDEC16F006E00EEC17F003E028EC17F05A
:1022B000F7D79BEC17F0E3EC15F022E11AEC17F0DE
:1022C0001FE0D950100F1DEC16F0E6EC15F00E0EC5
:1022D000EFCFDBFF020EF6EC16F00F0EEFCFDBFFB9
:1022E000010EDB500DE1BFEC15F00F0EDBCFE6FF6A
:1022F0000E0EDBCFE6FFEDDE3CEC17F0D1EC16F076
:10230000010EDB5002E1DF6A02D0010EDF6E41EC0C
:1023100017F0120EE15C02E2E16AE552E16E145040
:10232000F9D1E9D90E0EE12402E3E168E652E16E4B
:10233000D7EC16F0CFEC34F0E552E552E2D9E66A7C
:10234000D7EC16F040DB02E2E16AE5524EDB146E98
:102350000E0EE15C02E2E16AE552E16E1450DAD160
:10236000CAD95CEC4AF0CDD9D5D1C5D91C0EE1242F
:1023700002E3E168E65267DA030EDB6AFDEC16F071
:102380000FE038EC16F02C080BE038EC16F0E66E97
:102390006EDBF0EC15F044EC17F0030EDB2AEED701
:1023A00066DBEDD938EC16F02C0827E1030EDB5084
:1023B00024E0030EDB2ADB50DCEC16F038EC16F0E0
:1023C0000DE038EC16F02C0809E038EC16F0E66E5B
:1023D00056DA44EC17F0030EDB2AF0D750DAEF6A36
:1023E00038EC16F00AE1030EC1EC16F006E051ECF1
:1023F00017F01A0E41DB77EC16F0010EDB5002E10C
:10240000DF6A02D0020EDF6E41EC17F01C0EE15CB9
:1024100002E2E16AE552E16E14507CD16CD9100EF3
:10242000E12402E3E168E6520EDA0F0EDB6AFDEC0E
:1024300016F00EE0E1EC16F02C080AE0E1EC16F0E4
:10244000E66E23DBCDDB44EC17F00F0EDB2AEFD773
:102450001CDB95D9E1EC16F014E10F0EDB5011E016
:10246000D9500C0F6FD9020F52D90C0EDBCFE6FFFB
:102470000D0EDBCFE6FF3EEC16F0E76E0E0EE7CF5B
:10248000DBFF010EDB500BE16CEC17F00E0E49EC9C
:1024900016F002E2E16AE552E16E145003D0020E3A
:1024A000DF6E8EDB000E146E100EE15C02E2E16A5C
:1024B000E552E16E14502ED1D3EC16F002E3E16840
:1024C000E652AADB02E0AFDB26E19FDB24E1020E4D
:1024D0000DDAFDEC16F02C0805E075DB03E028ECC6
:1024E00017F0F7D79BEC17F06EDB15E1D9D913E0A5
:1024F000D9500E0FA2DB0E0EDBCFE6FF0F0EDBCFA7
:10250000E6FFC9EC16F0E66EF5DB100EF3CFDBFF4D
:10251000110EF4CFDBFF010EDB500AE16CEC17F07B
:102520002EDBE1D802E2E16AE552E16E145002D0FE
:102530001FEC17F0000E146E120EE15C02E2E16A6D
:10254000E552E16E1450E6D0D6D81D0EE12402E328
:10255000E168E65261DB02E066DB44E156DB42E122
:10256000C9EC16F0E76E1C0EE7CFDBFF020EBED9FA
:10257000FDEC16F02C0805E026DB03E028EC17F054
:10258000F7D79BEC17F00EEC17F02CE189D92AE075
:10259000A5D90EEC17F005E016DB03E0A0EC17F070
:1025A000F8D7A4EC17F00FDB1DE11AEC17F01AE0D6
:1025B000D950180F42DBDBCFE6FFD9501A0F90DB62
:1025C000DB5010E11A0EDBCFE6FF1B0E55DA1C0EB6
:1025D000DBCFE6FFE1EC45F0A4DB02E2E16AE55285
:1025E000E16E1450010EDB5002E1DF6A02D0010EF1
:1025F000DF6E41EC17F01D0EE15C02E2E16AE5528C
:10260000E16E145087D050DB900EF3D9910EBFD8F5
:1026100002E2E16AE552E16E7DD046DB920EE9D935
:10262000930EB5D802E2E16AE552E16E73D03CDB6D
:10263000010EE76EFC0EDBCF18F0FD0E82D9176E8F
:10264000166A16C0E6FFE66EFC0EDBCFE6FFFD0E57
:102650002ED9DE6E17C0DDFF010EE76EFA0EDBCF5E
:1026600018F0FB0E6ED9166E176E166A16C0E6FFCE
:10267000E66EFA0EDBCFE6FFFB0E19D9020E14C090
:10268000DBFF030E17C0DBFFD9CFE9FFDACFEAFF8C
:10269000EE50ED1004E1D950020F66D912E0D9CF07
:1026A000E9FFDACFEAFFFF0EEE180DE1FF0EED189D
:1026B0000AE15EEC17F0FF0EEE1805E1FF0EED18D3
:1026C00002E1000E01D0010E146E040EE15C02E284
:1026D000E16AE552E16E14501DD0DFDA31EF17F0F8
:1026E00085DBEF501200A2DA87EC26F091EF16F0AE
:1026F0006DDAEF5012005BDBE1CFD9FFE2CFDAFFFA
:1027000012006DDB300EEF6EACDBEF6A120078DA90
:10271000D1EF16F0E552E5CFDAFFE7CFD9FF12008F
:102720006CDAF0EF15F0E66E010EE66E77EF16F05C
:10273000EF6E030ED9EF15F0E66E78DA99EC28F01B
:1027400091EF16F089DBD9501200DBCF15F00A0E9D
:102750000D6E0E6A14C008F015C009F083EC4EF03F
:1027600008C014F009C015F008C0E6FF09C0E6FF74
:102770005DDA87EC26F0166E050EE15C12000F01A3
:102780002FDAEF6A12005FDB020EDB501200E66EFA
:10279000020EE66E73DAE66E91DBE552E750EE6EFE
:1027A000ED6A020EDBCF16F0030EDBCF17F016C07A
:1027B00017F0166ADE501610146EDD501710156EE5
:1027C00014C0F3FFF46E040EE15C12005DDB020E38
:1027D000DB2A1200100EDBCF08F0110EDBCF09F060
:1027E000085012000DDAE552E724E76E1200040EDD
:1027F000D9EF15F048DAF0EF15F09AEC03F0E55256
:10280000E76E040EE7CFDBFF120058DB60DA020E42
:1028100014C0DBFF030E15C0DBFF040E16C0DBFF88
:10282000050E17C0DBFF1200DBCF09F014C00DF05E
:1028300015C00EF083EC4EF0060E08C0DBFF070E4D
:1028400009C0DBFF1200E16EDE52010EDD6E1200E8
:102850000D0EDBCFE6FF0E0EDBCFE6FF1200B6D982
:10286000040EEFCFDBFF020EF6EF16F00E0FC8D905
:10287000146E010EDBCFE7FF1450E72623D3D950A7
:102880000E0F32DA7EDAF0EF15F0DBCF15F0000E26
:10289000FF0E151615C014F0156A1450E66E1200DE
:1028A000030EDB50F36E020EDB50F35C1200DBCF45
:1028B000E6FFE4D9E552E7CF17F0E552E7CF16F08F
:1028C00000011610146E17C015F012000E6EFD0EEA
:1028D000DBCF09F0C5EC4EF005501200020EDB2AEA
:1028E000DB50E76E030EE7CFDBFF1200F36E030E43
:1028F000F3CFDBFFDB50DCEF16F0DB50BF0FE8243B
:10290000146E1200E16E14502C0EE66E1200D950B7
:102910000E0F99DA090EDB50020D1450F324E96E04
:102920001550F420EA6E12000EDA0B0EDBCFE6FF34
:102930007AEF16F0E66E7AD9CFEC28F09DDAE66AE7
:102940001200DBCF19F0E7501826000E192218C02C
:10295000E6FF19C0E6FF3EEF16F01424EA6ADC0F2A
:10296000E96E040EEA22120078D9EE50ED10120042
:10297000980E0B6E3A0E0C6E0D6A0E6A1200070E60
:10298000DBCF14F0080EDBCF15F01200FA0EDBCF10
:1029900014F0FB0EDBCF15F01200080ED9EF15F086
:1029A000E66EA8D9060EF3CFDBFF070EF4CFDBFFF0
:1029B0001200060EDBCF14F0070E1200E652E652AC
:1029C000E652E652120032D965EC28F091EF16F08B
:1029D000010EF36E030EF3CFDBFF1200050EDB508A
:1029E000F36E040EDB50F35C1200E16E1450000E27
:1029F0001200E66E020EE66E41D9DE6EDD6A12004E
:102A0000010EDB5041081200010EDB50420812009B
:102A1000DBCFE6FFE9EC06F03CEF17F0020EDB6AD5
:102A2000030EDB6A040EDB6A050EDB6A120062C568
:102A300006F063C507F064C508F065C509F012002B
:102A400066C506F067C507F068C508F069C509F0F6
:102A50001200020EDB041424E96EEA6AD890E9360B
:102A6000EA361200310EE66EE66A77EF16F0D950BC
:102A7000040F3AD9DB501200DBCFE6FF180EDBCF94
:102A8000E6FF190EDBCFE6FF1200D950020FDBD9AB
:102A90000F0EDB501200E7501416156A1450E66E44
:102AA0001200E652E652DE52010EDD6E1200EF6AAF
:102AB000E66A020EDBCFE6FF1200D00FDCEF16F065
:102AC000040DF3CFE9FFF4CFEAFF1200DBCFE6FFFE
:102AD000020EDBCFE6FF1200DBCFF4FFF350F45C15
:102AE0001200C6C4E6FFC7C4E6FF1200CAC4E6FF70
:102AF000CBC4E6FF1200CEC4E6FFCFC4E6FF12004F
:102B0000D2C4E6FFD3C4E6FF1200146E156AE85083
:102B1000E66E1200E16E1450E66A1200E66E010ED7
:102B2000E66E3EEF16F0E66EE66A0B0EDBCFE6FFD2
:102B3000E1EF45F0EA22070EDBCFEEFF080EDBCF18
:102B4000EDFF1200020EDB5002081200D950050FF3
:102B50002DEF16F0040EDBCF16F0050EDBCF17F0CD
:102B60001200020EDBCF14F0030EDBCF15F01200C3
:102B7000F36E060EF3CFDBFF030EDB6A1200100EBE
:102B8000DBCFE6FF110EDBCFE6FF1200F36E020E85
:102B9000F3CFDBFF1200F3CFDBFF360EF36E120034
:102BA000E66E3EEC4EF0E5521200050EDBCFE6FF7E
:102BB0001200E76E14D9E750E926000EEA2212004F
:102BC00057D9EF6A1200020EFDEF16F0FC0EDBCFB4
:102BD000E9FFFD0EDBCFEAFF1200020E70EF13F0EB
:102BE0001424E96E000E1520EA6E1200D9500D0F64
:102BF000A9DD030F8CDDDB50120025D91AEF17F089
:102C00002BD9DEEC41F03CEF17F038D92C0812003C
:102C10002FD94E0E98EF13F016DE14EF17F0DBCF1E
:102C2000E6FF73EF13F064DD42081200FA0EDBCF0B
:102C3000E6FFFB0EDBCFE6FF120084DD040F87EF1B
:102C400013F034D92D0E74DDEF6A2C0EE66E040EEF
:102C5000DBCF14F0050EA5EF13F0E96E000EDA20BD
:102C6000EA6E1200040EFDEF16F05ADDE6EF13F0E7
:102C7000030EFDEF16F0030E70EF13F0A7EC4AF011
:102C8000E552E5521200DFD8040EDBCFE6FF050E59
:102C90006DD1DBCFE6FF66EF17F0E66EA0D844EF0C
:102CA00017F0E6D857EF15F026DDDEEF14F0040E2E
:102CB00024DE050EDB50CF0F50DEEF041200146E41
:102CC000156A060EDBCF08F0070E14EF14F0EE5075
:102CD0001426EE501522EE501622EE501722120046
:102CE00031DD0E0F7FDDEED0AED8030E12008FEC7B
:102CF0004AF040D181EC45F03DD1FDDC81EF13F08D
:102D000042DDBFEF13F0F7DCE65212002C0EE66E48
:102D1000010EDCDE73EF13F06DDDB6D8040EDB2A96
:102D20001200146E050EE15C1200040E70EF13F039
:102D3000FC0EDBCFE6FFFD0EDBCFE6FF1200DBDC97
:102D4000B0DE78EF13F0F420EA6EEECFE6FFEFCFBF
:102D5000E6FF1200E76E2DDEE7501416156A12002A
:102D6000D9501A0FEFDC36EF14F010DE2D0E145C84
:102D7000010E155812000ADE910E145C010E155852
:102D80001200DBCFE6FF020EF1D013DEDBCF15F031
:102D90001200AEDCBF0F010F1200ADDC0A0EE12401
:102DA0001200E76E8FD0A7DC120EE1241200D9CFFB
:102DB000E6FFDACFE6FF1200E76E020EE7CFDBFF99
:102DC00012000F0EFDEF16F0E66ED950040F120040
:102DD0006BEC34F0E552E552E5526CEF17F0FA0E69
:102DE000DBCFE9FFFB0EDBCFEAFF1200E76EEEDE82
:102DF000E750E926000EEA221200DB5070EF13F0D4
:102E0000E5DE010EEFCFDBFFE8DE5DEF15F0DBDE88
:102E1000E66ED9501200E1DE31081200D4DE2C0833
:102E20001200B1DCB3EF17F063DC41081200D5DE0D
:102E300032081200020EDBCFE6FF030E97D0010E20
:102E4000DF6EE0EF15F0146E000EDA20156E120042
:102E5000BADEBADF35EF16F0E66E000EDA20E66E67
:102E60001200010EA6DE7C0EEF6E020ED9EF15F0F9
:102E7000300EDF246DEF13F0E5527CD0010E70EFC1
:102E800013F09EDE146E1200E552E750EF6E120052
:102E90003ADF6CEF17F0030EDBCFE6FF040E0FEF07
:102EA00016F0D950180FC9DEB0EF16F0DB50300F16
:102EB0006DEF13F0DF6AACDEEF6A1200D950020F3B
:102EC0002DEF16F0010EE7CFDBFF1200E66A73EF7D
:102ED00013F0D1DE2C081200DF6A72DEE66A1200FF
:102EE000CAC4C8F4CBC4C9F401DE100EE66E70DFAC
:102EF000FDDD73EF13F0CEC4CCF4CFC4CDF4FBDD15
:102F0000200EE66E65DFF7DD73EF13F0D2C4D0F468
:102F1000D3C4D1F4F5DD300EE66E5ADFF1DD73EF88
:102F200013F0C6C4C4F4C7C4C5F4DBDDE66A50DFE1
:102F3000D8DD73EF13F0D950040F5FDEBFEF13F04D
:102F400066DF0E0F35EF16F0D9500E0F90EC13F030
:102F5000EF6A120038DE38DF11EF17F0D950040F96
:102F6000CFDE0EEF17F03CDEE6EF13F0DB50E5525C
:0C2F7000E75C1200E552E552E552120049
:042F7C0055EC2BF0F5
:102F8000EDEC2EF088EC48F0000EE66E010EE66ED9
:102F90001DEC47F0E552E552090EE66E020EE66EB4
:102FA0001DEC47F0E552E55253EC01F005012A6BA8
:102FB0002B6B2C6B2D6B04015C6B04015D6B0401AE
:102FC0005E6B04015F6B0401606B0401616B0401C3
:102FD000696B6A6B6B6B6C6B04016D6B6E6B6F6B0B
:102FE000706B0401716B726B736B746B0401756BA6
:102FF000766B776B786B0F014A516BE137EC25F0FC
:10300000E82404018E6F8F6B8EC4E6FF8FC4E6FF49
:10301000020EE66EE66A010EE66EE1EC45F0146E15
:10302000050EE15C02E2E16AE552E16E1450010E28
:103030000401156A8E25146E8F51152214C0E6FF07
:1030400015C0E6FF020EE66EE66A020EE66EE1ECE1
:1030500045F0166E050EE15C02E2E16AE552E16EB2
:103060001650020EE66EE66A010EE66E81EC45F041
:10307000E552E552E552F3CF8AF4F4CF8BF4020E19
:10308000E66EE66A020EE66E81EC45F0E552E55228
:10309000E552F3CF8CF4F4CF8DF404018E5104018A
:1030A0008A1904E104018F5104018B1911E1010E09
:1030B0000401156A8E25146E8F51152214500401D7
:1030C0008C1902E115508D1903E10F01010E4A6FB1
:1030D00092D763EC30F07D0EE66E040EE66E2CECBB
:1030E00031F0E552E5520F01010E4B6F0401896B7F
:1030F000040E0401895D13E204018951E96EEA6A54
:10310000D890E936EA367D0EE926040EEA22EE5022
:10311000ED1002E10F014B6B0401892BE9D70F0180
:103120004B5102E0D3EC49F00F014B51D2E0380E85
:103130000401C35D01E018D10401896B040E040190
:10314000895D01E311D104018951040DF3CFE9FF39
:10315000F4CFEAFFC40EE926040EEA22020EE926A5
:10316000000EEA22EE6AED6A040E040189250001D0
:10317000706F700EE66E000EE66E09EC08F0E55218
:10318000E552F3CF67F4F4CF68F40A0E0D6E0E6AC1
:1031900067C408F068C409F083EC4EF008C067F417
:1031A00009C068F40401030ED8806755000E685505
:1031B00001E3B4D00401895104E0020E0401895DE9
:1031C00047E167C479F468C47AF404017B6B7C6BD3
:1031D0002C0E0B6E270E0C6E020E0D6E0E6A79C44D
:1031E00006F07AC407F07BC408F07CC409F0B7ECA1
:1031F0004CF002C079F403C07AF404C07BF405C03B
:103200007CF4E80E0B6E030E0C6E0D6A0E6A79C428
:1032100006F07AC407F07BC408F07CC409F024EC03
:103220004DF006C079F407C07AF408C07BF409C0F9
:103230007CF404018951E96EEA6AD890E936EA36ED
:10324000D40EE926040EEA22830EEE6E050EED6E14
:103250000401890504E0030E0401895D47E167C4A8
:1032600079F468C47AF404017B6B7C6B680E0B6E96
:10327000550E0C6E010E0D6E0E6A79C406F07AC4FE
:1032800007F07BC408F07CC409F0B7EC4CF002C036
:1032900079F403C07AF404C07BF405C07CF4E80E32
:1032A0000B6E030E0C6E0D6A0E6A79C406F07AC4BA
:1032B00007F07BC408F07CC409F024EC4DF006C094
:1032C00079F407C07AF408C07BF409C07CF40401E7
:1032D0008951E96EEA6AD890E936EA36D40EE926D1
:1032E000040EEA226A0EEE6E030EED6E04018951A1
:1032F000040DF3CFE9FFF4CFEAFFC40EE926040E74
:10330000EA2279C4EEFF7AC4EDFF04018951EA6A2A
:10331000DC0FE96E040EEA22EF6A23D00401895122
:10332000040DF3CFE9FFF4CFEAFFC40EE926040E43
:10333000EA22EE6AED6A04018951E96EEA6AD890E0
:10334000E936EA36D40EE926040EEA22EE6AED6A80
:1033500004018951EA6ADC0FE96E040EEA22010ECB
:10336000EF6E0401892BEAD605016C6B6D6BD09E64
:10337000F28EF28C9D8AFE0EE66E23EC4EF0E55244
:10338000FA0ECB6E62C55AF563C55BF564C55CF594
:1033900065C55DF505015E6B5F6B606B616BB40EBF
:1033A000E66E040EE66EB20EE66E040EE66E5DCFBD
:1033B000E6FF5ECFE6FF2FEC44F0146E060EE15CF4
:1033C00002E2E16AE552E16E1450F3CFB6F4F4CFB5
:1033D000B7F40401B651B71101E0D8D20401080EC8
:1033E000D880B255000EB35501E3D0D2B4C4E6FF85
:1033F000B5C4E6FFB2C4E6FFB3C4E6FF000EE66E56
:10340000010EE66E000EE66EE66AE2EC48F0146E1F
:10341000080EE15C02E2E16AE552E16E145000C17F
:10342000A6F4000EE66E010EE66E60EC47F0E55283
:10343000E552F3CFA7F4F4CFA8F404C1A9F405C171
:10344000AAF4000EE66E010EE66E8DEC47F0E55232
:10345000E5520401AD6F120EE66E030EE66E000E2D
:10346000E66E010EE66E9CEC47F0E552E552E55241
:10347000E552000EE66E010EE66ED6EC47F0E55220
:10348000E552F3CFAEF4F4CFAFF437EC25F0300FC4
:103490000401A95D01E07AD20401526B0401AD512F
:1034A0004BE0E66A030EE66EE66AA7C4E6FFA8C430
:1034B000E6FF520EE66E040EE66EEEEC28F0146E99
:1034C000070EE15C02E2E16AE552E16E1450E66A41
:1034D000A9C4E6FF520EE66E040EE66ECFEC28F0AD
:1034E000E552E552E552E552E66AAAC4E6FF520EFD
:1034F000E66E040EE66ECFEC28F0E552E552E5529A
:10350000E552E66AADC4E6FF520EE66E040EE66EC4
:10351000CFEC28F0E552E552E552E552E66A230E7B
:10352000E66E520EE66E040EE66ECFEC28F0E55223
:10353000E552E552E55230D0E66A030EE66EE66AE1
:10354000A7C4E6FFA8C4E6FF520EE66E040EE66EC0
:10355000EEEC28F0146E070EE15C02E2E16AE5523F
:10356000E16E1450E66AA9C4E6FF520EE66E040E40
:10357000E66ECFEC28F0E552E552E552E552E66AF8
:10358000AAC4E6FF520EE66E040EE66ECFEC28F0FB
:10359000E552E552E552E5520401B06BB16B04010E
:1035A000A46BA56B000E0401A425E96E010E0401B5
:1035B000A521EA6EEF50030814E0000E0401A425D3
:1035C000E96E010E0401A521EA6EEF500401B01965
:1035D0000401B06FB1C4B1F40401A42B000EA52303
:1035E000E1D70401AE510401B01904E10401AF5167
:1035F0000401B11905E1020E0401A65D01E18DD0BF
:103600000101006BE66A1A0EE66E000EE66E010E10
:10361000E66ECFEC28F0E552E552E552E552E66A57
:10362000520EE66E040EE66E000EE66E010EE66EBB
:1036300065EC28F0146E050EE15C02E2E16AE552E9
:10364000E16E1450E66A120EE66E030EE66E000E90
:10365000E66E010EE66E65EC28F0146E050EE15C78
:1036600002E2E16AE552E16E1450E66A030EE66E8C
:10367000000EE66E010EE66ECFEC28F0E552E55244
:10368000E552E552000EE66E010EE66E21EC47F0C3
:10369000E552E552F3CFAEF4F4CFAFF40201096B7B
:1036A000E66A000EE66E010EE66E090EE66E020E8A
:1036B000E66E65EC28F0146E050EE15C02E2E16A4C
:1036C000E552E16E1450E66AE668E668AEC4E6FFCD
:1036D000AFC4E6FF090EE66E020EE66EEEEC28F0D1
:1036E000146E070EE15C02E2E16AE552E16E1450ED
:1036F000090EE66E020EE66E010EE66EE66A28EC34
:1037000049F0E552E552E552E552010EE66EE66AF1
:10371000B4EC48F0E552E55239D1120EE66E040ED3
:10372000E66E120EE66E030EE66EAAC4E6FFE5EC48
:1037300001F0146E050EE15C02E2E16AE552E16E11
:1037400014500401AB6F0101006B0401AB5101E0A7
:1037500093D012C4B8F40401B96BB80EE66E040E2F
:10376000E66E9DEC4BF0E552E552F3CFACF404016C
:10377000AC5141E1E66A060EE66E000EE66E010E01
:10378000E66ECFEC28F0E552E552E552E552E66AE6
:10379000520EE66E040EE66E000EE66E010EE66E4A
:1037A00065EC28F0146E050EE15C02E2E16AE55278
:1037B000E16E1450E66A120EE66E040EE66E000E1E
:1037C000E66E010EE66E65EC28F0146E050EE15C07
:1037D00002E2E16AE552E16E1450E66A030EE66E1B
:1037E000000EE66E010EE66ECFEC28F0E552E552D3
:1037F000E552E55240D0E66A150EE66E000EE66E22
:10380000010EE66ECFEC28F0E552E552E552E552A6
:10381000E66A520EE66E040EE66E000EE66E010ECD
:10382000E66E65EC28F0146E050EE15C02E2E16ADA
:10383000E552E16E1450E66A120EE66E040EE66E74
:10384000000EE66E010EE66E65EC28F0146E050EB5
:10385000E15C02E2E16AE552E16E1450E66A030EB1
:10386000E66E000EE66E010EE66ECFEC28F0E55235
:10387000E552E552E55240D0E66A1A0EE66E000EB9
:10388000E66E010EE66ECFEC28F0E552E552E55209
:10389000E552E66A520EE66E040EE66E000EE66E25
:1038A000010EE66E65EC28F0146E050EE15C02E296
:1038B000E16AE552E16E1450E66A120EE66E030EFE
:1038C000E66E000EE66E010EE66E65EC28F0146EF4
:1038D000050EE15C02E2E16AE552E16E1450E66A2F
:1038E000030EE66E000EE66E010EE66ECFEC28F0DB
:1038F000E552E552E552E552000EE66E010EE66E27
:1039000021EC47F0E552E552F3CFAEF4F4CFAFF43B
:103910000201096BE66A000EE66E010EE66E090E04
:10392000E66E020EE66E65EC28F0146E050EE15CA4
:1039300002E2E16AE552E16E1450E66AE668E66882
:10394000AEC4E6FFAFC4E6FF090EE66E020EE66EF9
:10395000EEEC28F0146E070EE15C02E2E16AE5523B
:10396000E16E1450090EE66E020EE66E010EE66E72
:10397000E66A28EC49F0E552E552E552E552010EBF
:10398000E66EE66AB4EC48F0E552E5520401DC0567
:1039900012E10001706B700EE66E000EE66E2BEC0D
:1039A00040F0E552E552F3CF69F4F4CF6AF4040134
:1039B0006B6B6C6B05D00401696B6A6B6B6B6C6B2A
:1039C0000401DD0513E10001010E706F700EE66E5B
:1039D000000EE66E2BEC40F0E552E552F3CF6DF4AD
:1039E000F4CF6EF404016F6B706B05D004016D6B46
:1039F0006E6B6F6B706B0401DE0513E10001020E4C
:103A0000706F700EE66E000EE66E2BEC40F0E55225
:103A1000E552F3CF71F4F4CF72F40401736B746B5D
:103A200005D00401716B726B736B746B0401DF055D
:103A300013E10001030E706F700EE66E000EE66E6D
:103A40002BEC40F0E552E552F3CF75F4F4CF76F469
:103A50000401776B786B05D00401756B766B776B1F
:103A6000786B2AC52EF52BC52FF52CC530F52DC545
:103A700031F52EC514F02FC515F030C516F031C53F
:103A800017F0190E0B6E0C6A0D6A0E6A14C006F060
:103A900015C007F016C008F017C009F024EC4DF06F
:103AA00002C014F003C015F004C016F005C017F0F2
:103AB000145015101610171075E104015E5171E1D4
:103AC000DCC463F4DDC464F4DEC465F4DFC466F40E
:103AD00063EC21F00401DC0516E10401635113E1FC
:103AE00062C55AF563C55BF564C55CF565C55DF5F2
:103AF0002EC55EF52FC55FF530C560F531C561F5A2
:103B00000401010E606F0401DD0516E1040164513A
:103B100013E162C55AF563C55BF564C55CF565C51F
:103B20005DF52EC55EF52FC55FF530C560F531C575
:103B300061F50401010E606F0401DE0516E1040168
:103B4000655113E162C55AF563C55BF564C55CF563
:103B500065C55DF52EC55EF52FC55FF530C560F511
:103B600031C561F50401010E606F0401DF0516E146
:103B70000401665113E162C55AF563C55BF564C57E
:103B80005CF565C55DF52EC55EF52FC55FF530C5E5
:103B900060F531C561F50401010E606F0401010E8D
:103BA0005E6F02D004015E6B2AC52EF52BC52FF582
:103BB0002CC530F52DC531F52EC514F02FC515F0E7
:103BC00030C516F031C517F0CD0E0B6E0C6A0D6ABC
:103BD0000E6A14C006F015C007F016C008F017C032
:103BE00009F024EC4DF002C014F003C015F004C03D
:103BF00016F005C017F014501510161017100BE131
:103C00000401F00508E10401615104E1CDD904018A
:103C1000010E616F02D00401616B2AC52EF52BC520
:103C20002FF52CC530F52DC531F52EC514F02FC557
:103C300015F030C516F031C517F0FB0E0B6E0C6A8F
:103C40000D6A0E6A14C006F015C007F016C008F021
:103C500017C009F024EC4DF002C014F003C015F0B9
:103C600004C016F005C017F01450151016101710E8
:103C70000BE1AB50020B03E1AB50040B05E0AB983A
:103C80000000AB88AB9EAB8E2AC52EF52BC52FF559
:103C90002CC530F52DC531F52EC514F02FC515F006
:103CA00030C516F031C517F0E80E0B6E030E0C6E22
:103CB0000D6A0E6A14C006F015C007F016C008F0B1
:103CC00017C009F024EC4DF002C014F003C015F049
:103CD00004C016F005C017F0145015101610171078
:103CE00001E194D00401625101E08FD00401FE5142
:103CF000FF11001101111DE00401DC051AE169C486
:103D0000E6FF6AC4E6FF6BC4E6FF6CC4E6FF310E53
:103D1000E66E410EE66E69EC3EF0146E060EE15C56
:103D200002E2E16AE552E16E1450F3CF52F5F4CFAE
:103D300053F5050102510311041105111DE00401A1
:103D4000DD051AE16DC4E6FF6EC4E6FF6FC4E6FF51
:103D500070C4E6FF320EE66E410EE66E69EC3EF090
:103D6000146E060EE15C02E2E16AE552E16E145067
:103D7000F3CF54F5F4CF55F505010651071108119D
:103D800009111DE00401DE051AE171C4E6FF72C4E9
:103D9000E6FF73C4E6FF74C4E6FF310EE66E420E22
:103DA000E66E69EC3EF0146E060EE15C02E2E16A3A
:103DB000E552E16E1450F3CF56F5F4CF57F50501F7
:103DC0000A510B110C110D111DE00401DF051AE160
:103DD00075C4E6FF76C4E6FF77C4E6FF78C4E6FF65
:103DE000320EE66E420EE66E69EC3EF0146E060E82
:103DF000E15C02E2E16AE552E16E1450F3CF58F55E
:103E0000F4CF59F50401010E626F02D00401626B18
:103E10002AC52EF52BC52FF52CC530F52DC531F54E
:103E20005AC5E6FF5BC5E6FF5CC5E6FF5DC5E6FF7C
:103E30005EC5E6FF5FC5E6FF60C5E6FF61C5E6FF5C
:103E40002AC5E6FF2BC5E6FF2CC5E6FF2DC5E6FF1C
:103E50003CD8186E0C0EE15C02E2E16AE552E16EBC
:103E600018505AC50BF05BC50CF05CC50DF05DC574
:103E70000EF024EC4DF002C014F003C015F004C0A5
:103E800016F005C017F0145015101610171018E191
:103E90000401605114E12EC55EF52FC55FF530C5F4
:103EA00060F531C561F5EDDA06C05AF507C05BF57E
:103EB00008C05CF509C05DF50401010E606F02D019
:103EC0000401606BCFEF19F012003DEC24F0E652D4
:103ED000E652E652E652FE0E186E19681A681B6822
:103EE000D950F20F7FEC24F0176ED950F60F29EC61
:103EF00025F01450EE5C1550EE581650EE58175041
:103F0000EE5811E2FA0EDBCF18F0FB0EDBCF19F002
:103F1000FC0EDBCF1AF0FD0EDBCF1BF0D950F60FF5
:103F20007FEC24F024D0FE0E1C6E1D681E681F68F6
:103F3000D950F60F29EC25F0EE501C5C186EEE50AF
:103F40001D58196EEE501E581A6EEE501F581B6EFB
:103F5000D950FA0F29EC25F01850EE24146E1950A0
:103F6000EE20156E1A50EE20166E1B50EE20176EC6
:103F700014C0DFFF010E15C0DBFF020E16C0DBFF11
:103F8000030E17C0DBFFDECF06F0DECF07F0DECF7B
:103F900008F0DDCF09F0DD52DD52040EE15C02E2F3
:103FA000E16AE55275EF24F03DEC24F00B0EE124BC
:103FB00002E3E168E652E16E080EDB6A0F01585138
:103FC000020A6AE0030A55E0010A01E075D1040122
:103FD000F151640808E20001B40E726FE20E736FD3
:103FE0007469756936D0640EF15D2CE0F1C472F02D
:103FF0000001736B746B756B0E0ED890723773374C
:1040000074377537E806F9E1640E0B6E0C6A0D6AB9
:104010000E6A72C006F073C007F074C008F075C075
:1040200009F012EC3DF006C072F007C073F008C052
:1040300074F009C075F0200E0001735F000E745B10
:10404000755B07D00001780E726F1E0E736F746B74
:10405000756B72C076F073C077F074C078F075C07D
:1040600079F0640E7627000E77237823792371691F
:104070001FD10001712B060E715D07E15CEC4AF067
:104080000401F06B0F01586B18D1900E7A6F010E7E
:104090007B6F0F01020E0ED192EC24F00AE1D1ECFD
:1040A00024F0100EDDEC24F0040EF36EDB6E050E32
:1040B000DB6A92EC24F0010808E1D1EC24F0130E45
:1040C000DDEC24F0050EECEC24F092EC24F0020878
:1040D00008E1D1EC24F0150EDDEC24F0060EECEC3A
:1040E00024F0030E0001E76E7119E8AE02D0E73448
:1040F00002D0E750715D02E2010E01D0020EF36EB4
:104100000A0EF3CFDBFF050E7A27000E7B23CFDBF1
:1041100002E2E16AE552E16E1450020EF3EC24F083
:10412000C6DB02E2E16AE552E16E1450090EDB6A79
:10413000020EF3EC24F084DBF3CFDEFFF4CFDDFFDF
:10414000010EF3EC24F0DECF14F0DDCF15F014C037
:10415000E6FF15C0E6FF74DB9FEC24F01E0E165E32
:10416000000E175A17501518E8AE02D0153404D0B7
:104170001450165C1550175822E2DECF18F0DDCF30
:1041800019F018C0E6FF19C0E6FF5ADBE3DB1E0E8C
:104190001A26000E1B2219501B18E8AE02D01B3441
:1041A00004D01A50185C1B50195809E2140EF36E13
:1041B000090EE2EC24F003E2090EDB2AC4D7140E48
:1041C000F36E090EE2EC24F002E2090EDB6A090E3E
:1041D000DB501408ADE1DECF14F0DDCF15F0166A28
:1041E000176A15AE02D016681768175000017519C6
:1041F000E8AE02D0753508D07251145C7351155871
:1042000074511658755117583EE3DECF18F0DDCFC4
:1042100019F01A6A1B6A19AE02D01A681B681B5083
:104220007919E8AE02D0793508D07651185C77510B
:10423000195878511A5879511B5825E20F01010E6F
:10424000586F71C014F0156A14BE1568D8901436F2
:104250001536780ED8801456050E1556060E14C065
:10426000DBFF070E15C0DBFF060EDBCFE9FF070EF5
:10427000DBCFEAFF7AC0EEFF7BC0EDFF190EF36ED5
:10428000080EF3CFDBFF080EDB2A190EF36E080EC3
:1042900099DB07E20001000E7A5D040E7B5901E212
:1042A00032D70001000ED8807A55040E7B5505E206
:1042B0000F01010E586F01D0586B0B0EE15C02E24A
:1042C000E16AE55212D3D9DA100EE12402E3E16883
:1042D000E652E16E080EDB6A090EDB6A0A0EDB6A43
:1042E0000B0EDB6ADE6ADD6A020EDB6A040EF36E19
:1042F000020E68DB01E3BFD038DBEA22EF5001E0B9
:10430000B7D0030EDB6AAFDBEECF16F0EFCF17F0BE
:104310001650145C1750155809E277DB9FDB1A6AB8
:104320001B6A6BDA6EDA010E48DB06D066DA96DBC2
:104330001A6A1B6A6ADB65DA020EEA6ADB34FE0B74
:10434000EA36E96ED40EE926040EEA22EECF06F034
:10435000EFCF07F0086A096A020ED89006360736D2
:1043600008360936E806F9E1190E0B6E0C6A0D6A7B
:104370000E6AB7EC4CF002C006F003C007F004C0B0
:1043800008F005C009F0E80E0B6E030E0C6E0D6A06
:104390000E6A24EC4DF0040E06C0DBFF050E07C0CC
:1043A000DBFF060E08C0DBFF070E09C0DBFFE4DA07
:1043B000EA22EF5051E1E7DA060EDBCF16F0070EE6
:1043C000DBCF17F0D9500C0FE96E000EDA20EA6E41
:1043D000EE50145CEE501558EE501658EE5017582B
:1043E00019E313DBF4DA09DA14C0EEFF15C0EDFFB0
:1043F000020EDB504E0FE66EE66AA7EC4AF0E5527D
:10440000E552000902E1B1DA01D0B6DAEA22010E82
:10441000EF6E12D0030EDB0406E1B5DAEED91450CC
:10442000EE261550ED22030EDB5006E1ACDAE5D99D
:104430001450EE5E1550ED5AE0D9EECFE6FFEFCF07
:10444000E6FF020EDB50100DF350E66E6BEC34F01D
:10445000E552E552E5520CD006DB14C0EEFF15C064
:10446000EDFF83DAEA22010EEF6E86DAEA22EF6AC6
:10447000020EDB2A3BD7100EE15C02E2E16AE55254
:1044800034D2FBD91C0EE12402E3E168E652E16E6E
:10449000140E52C5DBFF150E53C5DBFF160E54C5B7
:1044A000DBFF170E55C5DBFF180E56C5DBFF190ED7
:1044B00057C5DBFF1A0E58C5DBFF1B0E59C5DBFFC6
:1044C000020EDB6A380E0401C35D01E060D1DF6AD1
:1044D000040EDF5C01E35BD1DF50EA6ADC0FE96EBA
:1044E000040EEA22EF0401E050D1DF5091DA22DA23
:1044F000EE50ED1001E149D1DF50EA6A4C0FE96E50
:104500000F0EEA22130EEFCFDBFF06DA500EE9267C
:104510000F0EEA22010EEFCFDBFFD950140F146EFD
:10452000000EDA20156EDF50020D1450F324E96EF0
:104530001550F420EA6E0B0EEECFDBFF0C0EEDCF24
:10454000DBFF0B0EDBCF14F00C0EDBCF15F014C02D
:10455000E6FF15C0E6FF0DEC13F0F1D91450F35C43
:104560001550F45801E311D10B0EDBCF18F00C0EEF
:10457000DBCF19F018C0E6FF19C0E6FF03EC13F01B
:10458000E9D9F350185CF450195801E3FED05CDA15
:104590007DD9280E0C6E6B0E0D6E6E0E0E6E4E0ECD
:1045A0000F6E65EC3CF05BD90B0EDBCF08F00C0E08
:1045B000DBCF09F066EC3BF007C018F008C019F03B
:1045C00009C01AF00AC01BF097D912EC3CF047D989
:1045D000C00E0C6EA30E0D6E1B0E0E6E4B0E0F6EEC
:1045E00021DA7BEC3BF004DA97D9E00EE926040EE1
:1045F0004DD91E6A1F6A800E206E3F0E216EC00EBE
:10460000076EA30E086E1B0E096E4B0E0A6E030E8C
:10461000DBCF0CF0040EDBCF0DF0050EDBCF0EF080
:10462000060EDBCF0FF012EC3CF007C022F008C002
:1046300023F009C024F00AC025F0FDD91EC007F000
:104640001FC008F020C009F021C00AF07CEC3BF04C
:1046500007C01AF008C01BF009C01CF00AC01DF00A
:104660004BD965EC3CF0070E07C0DBFF080E08C015
:10467000DBFF090E09C0DBFF0A0E0AC0DBFF070ED5
:10468000DBCF07F0080EDBCF08F0090EDBCF09F017
:104690000A0EDBCF0AF091EC3DF00D0E08C0DBFFF7
:1046A0000E0E09C0DBFFD0D9EA2291D90D0EDB50E6
:1046B000141803E10E0EDB50151867E06BD9EE50AD
:1046C000ED1056E0010EDB040BE10D0EDBCF14F014
:1046D0000E0EDBCF15F02D0E145C010E15580FE3F6
:1046E000010EDB50020819E10D0EDBCF16F00E0EA5
:1046F000DBCF17F0910E165C010E17580EE257D95A
:104700000D0EDBCFE6FF0E0EDBCFE6FF010EE2D88B
:1047100002E2E16AE552E16E1450010EDB0412E19F
:1047200039D92C0ED880EE54010EED540BE23FD94E
:104730002C0EE66E010EE66ECDD802E2E16AE5527D
:10474000E16E1450010EDB50020812E123D9900EE5
:10475000D880EE54010EED540BE229D9900EE66E8E
:10476000010EE66EB7D802E2E16AE552E16E14503E
:104770006BD9EA220D0EDBCFEEFF0E0EDBCFEDFF85
:10478000010EF36E020EF3CFDBFFDF2AA1D6020E7D
:10479000DB040DE10F0E62C5DBFF100E63C5DBFF0E
:1047A000110E64C5DBFF120E65C5DBFF0CD00F0ECA
:1047B00066C5DBFF100E67C5DBFF110E68C5DBFFAA
:1047C000120E69C5DBFF0F0EDBCF14F0100EDBCF2E
:1047D00015F0110EDBCF16F0120EDBCF17F014C060
:1047E00006F015C007F016C008F017C009F01C0E3F
:1047F000E15C02E2E16AE55278D0020EDB5008EF9C
:1048000025F0EECF1CF0EFCF1DF01E6A1F6A1C5082
:10481000185C146E1D501958156E1E501A58166EDD
:104820001F501B58176E0C0E14C0DBFF0D0E15C069
:10483000DBFF0E0E16C0DBFF0F0E17C0DBFF1200F2
:10484000020EDBCFE6FF030EDBCFE6FF0A0EDBCF67
:10485000E6FF81EC45F0E552E552E5521200C8D87A
:10486000030EDBCF14F0040EDBCF15F0050EDBCF0B
:1048700016F0060EDBCF17F01200D9CFE6FFDACF25
:10488000E6FFE1CFD9FFE2CFDAFF1200EA22E6D855
:1048900018C008F019C009F066EC3BF007C014F02E
:1048A00008C015F009C016F00AC017F012007AC04F
:1048B000E6FF7BC0E6FF040EDBCFE6FF050EDBCF95
:1048C000E6FF0A0EDBCFE6FFE1EC45F0146E050EC5
:1048D000E15C1200DBCFE6FF130EDBCFE6FF93ECCB
:1048E00035F0146E080EE15C1200E16EE552E5CF82
:1048F000DAFFE7CFD9FF12009ED812EF25F0A9D832
:10490000EE50185C146EEE501958156EEE501A5891
:10491000166EEE501B581200EA6ADF34FE0BEA36C0
:10492000E96E120071C009F0030E0E6ED2EC3CF07D
:1049300005501200020EE926000EEA221200E5528E
:10494000E7CF15F0E552E7CF14F0F3CF16F0F4CF30
:1049500017F01200E552E7CF19F0E552E7CF18F053
:10496000F3CF1AF0F4CF1BF01200020EDB50EA6A0C
:10497000DC0FE96E040E1200020EDB50EA6A590FDA
:10498000E96E0F0E1200040EDBCF14F0050EDBCF24
:1049900015F01200D9500D0FE96E000EDA20EA6E04
:1049A0001200360EF36E020EF3CFDBFF1200050E7F
:1049B000E66EE66AE66AE66A1200F36E030EF3CF6D
:1049C000DBFF1200DBCFF4FFF350F45C1200EECFFC
:1049D00014F0EFCF15F01200F36E040EF3CFDBFFEF
:1049E000050EDB6A1200E66E3EEC4EF0E552120058
:1049F000030E07C0DBFF040E08C0DBFF050E09C075
:104A0000DBFF060E0AC0DBFF1200F7DE9AEF24F090
:104A1000040DF3CFE9FFF4CFEAFFC40EE926040E3C
:104A2000EA22120014C007F015C008F016C009F001
:104A300017C00AF0120007C00CF008C00DF009C042
:104A40000EF00AC00FF0120067DFE80EE926040E30
:104A50001200E96EFF0EDA20EA6E1200EECF18F0B7
:0E4A6000EFCF19F01200C9DEB2DF05EF25F02E
:024A6E0052EC08
:104A70002BF0DF6A8050010BDF128050020B01E047
:104A8000010EE824DF128050040B01E0010E040D3A
:104A9000F350DF12DF50E552F8EF29F052EC2BF023
:104AA000DF6A000EF36EFD0EDBCFF4FFF350F45C13
:104AB00008E3FD0EDB50090804E3FD0EDB50300F68
:104AC000DF6EFD0EDB50090805E2FD0EDB50F60F30
:104AD000410FDF6EDF50E552F8EF29F052EC2BF07A
:104AE000E652E652010EDB6AF00EF36E020EF3CFD1
:104AF000DBFFDF6A040EDF5C3EE2010EDBCF1AF063
:104B0000020EDBCF1BF0040EDF02F3501AC018F0C8
:104B10001BC019F005E0D89019321832E804FBE107
:104B2000FC0EDB501814166EFD0EDB501914176EB8
:104B3000030ED880DF54040DF35016C014F017C0D4
:104B400015F003E009EC2BF0FDE11450E66EA6DF52
:104B5000E552E66EDF50E76EFA0EDBCFE9FFFB0EA3
:104B6000DBCFEAFFE750E926000EEA22E552E750E4
:104B7000EF6EDF2ABFD7E552E552E552F8EF29F094
:104B800052EC2BF0E652E652E652E652D950010FB3
:104B9000E66E000EDA20E66EFC0EDBCFE6FFFD0EC1
:104BA000DBCFE6FF9BDFE552E552E552E552DF6AD7
:104BB000040EDF5C12E2D950010F146E000EDA20F1
:104BC000156EDF500F011424E96E000E1520EA6EF9
:104BD000EF50C3EC2AF0DF2AEBD7000E146E050E5F
:104BE000E15C02E2E16AE552E16E1450F8EF29F06F
:104BF00052EC2BF01F0EDF6EDFCF14F0143423E2E3
:104C0000D950FA0FE96EFF0EDA20EA6EDF501F0B63
:104C1000EECF14F0EECF15F0EECF16F0EECF17F08A
:104C200007E0D8901732163215321432E806F9E14F
:104C3000010E1416156A166A176A300E1424C3EC96
:104C40002AF0DF06D9D7000EE552D2D326EC2BF09E
:104C5000D8EC2AF004E6100E145C000E155827E27A
:104C6000FC0EDBCF16F0FD0EDBCF17F0DECF18F019
:104C7000DDCF19F00F0ED8801856000E19561850B7
:104C800016C014F017C015F003E009EC2BF0FDE19D
:104C9000010E1416000E1516300E1424C3EC2AF063
:104CA000ACA2FED7DF2A010ED3E3DB2AD1D7000E58
:104CB000E552E5529DD326EC2BF0D8EC2AF004E621
:104CC000080E145C000E15581EE2DECF14F0DDCF86
:104CD00015F0070ED8801456000E1556FD0EDB5049
:104CE00014C0E7FFE75204E0E8427F0BE706FCE16F
:104CF000010B300FC3EC2AF0ACA2FED7DF2A010E65
:104D0000DCE3DB2ADAD7000EE552E55271D367DB2C
:104D10000E0EE12402E3E168E652E16EFA0EDBCF0B
:104D200016F0FB0EDBCF17F0DFEC2AF00A0E0D6E4B
:104D30000E6A18C008F019C009F083EC4EF008C0E4
:104D400018F009C019F00A0E086E096A18C00DF0B3
:104D500019C00EF073EC3DF00650165C146E07504F
:104D60001758156E080E14C0DBFF090E15C0DBFFC7
:104D7000DFEC2AF0E6EC2AF0640E0D6E0E6A1AC023
:104D800008F01BC009F083EC4EF008C01AF009C00F
:104D90001BF0640E086E096A1AC00DF01BC00EF0FD
:104DA00015EC2BF0060E14C0DBFF070E15C0DBFF61
:104DB0000A0E146E156A060EDBCF08F0070E57DBDD
:104DC000060E08C0DBFF070E09C0DBFFE6EC2AF089
:104DD000EDEC2AF0E80E0D6E030E0E6E1CC008F00E
:104DE0001DC009F083EC4EF008C01CF009C01DF096
:104DF000E80E086E030E096E1CC00DF01DC00EF00B
:104E0000FDDA040E14C0DBFF050E15C0DBFF640ED7
:104E1000146E156A040EDBCF08F0050E28DB040EB5
:104E200008C0DBFF050E09C0DBFFD7DBFA0EDBCFC6
:104E30001EF0FB0EDBCF1FF0100E0D6E270E0E6E58
:104E40001EC008F01FC009F083EC4EF008C01EF031
:104E500009C01FF0100E086E270E096E1EC00DF05F
:104E60001FC00EF073EC3DF006501C5C1A6E07502C
:104E70001D581B6E640E086E096A040EDBCF0DF020
:104E8000050EDBCF0EF0BADA020E14C0DBFF030E04
:104E900015C0DBFFE80E146E030E156E020EDBCF9D
:104EA00008F0030EE4DA020E08C0DBFF030E09C0AF
:104EB000DBFF100E146E270E156EFA0EDBCF08F016
:104EC000FB0ED5DA08C0DEFF09C0DDFF0A0EDB6A83
:104ED0000B0EDB6A0C0EDB6A0D0EDB6ABCDBEF50DF
:104EE00006E00A0EDB2A0B0EF9E3DB2AF7D7D9CF4F
:104EF00014F0DACF15F0A2DA14500624E96E15503A
:104F00000720EA6EEE50ED1011E10C0EDBCF16F02B
:104F10000D0EDBCF17F0050E165C000E175806E2DB
:104F20000C0EDB2A0D0EE3E3DB2AE1D7FFDA2BE2DE
:104F3000FDDA2DE298DBEECF14F0EFCF15F0000E86
:104F4000145C000E155819E3D9CF18F0DACF19F018
:104F500075DA18500624E96E19500720EA6E090E1A
:104F6000D880EE54000EED5408E37DDBEF50300F97
:104F7000E66EC0DA01E3DB2A53DB0C0EDB2A0D0EF2
:104F8000D7E3DB2AD5D7B6DA01E3DB2A80DBF90EDB
:104F9000DB5004E0AFDA01E3DB2A74DB5CDBEF6AB1
:104FA0000E0EE15C02E2E16AE552E16E21D217DA0F
:104FB000070EE12402E3E168E652E16EFB0EDBCF6F
:104FC000E6FF0A0E8EDA0A0DF350E552E75CE76E53
:104FD000020EE7CFDBFFDBCFE6FFFB0EDBCFE6FF0A
:104FE000640E7FDA640DF350E552E75CE552D88039
:104FF000E754E76E010EE7CFDBFF0A0E146E0E6E6C
:10500000010EDBCF09F0C5EC4EF0010E09C0DBFF4D
:10501000640E67DA640DF350DF6E030EDB6A040E74
:10502000DB6A050EDB6A060EDB6A24DBEF5006E066
:10503000030EDB2A040EF9E3DB2AF7D720DAEF5060
:1050400011E1050EDBCF16F0060EDBCF17F0030ED5
:10505000165C000E175806E2050EDB2A060EEEE37C
:10506000DB2AECD76BDA1AE269DA1CE208DAEFCF56
:1050700014F0000E145C0CE302DAEF50090808E3A8
:10508000FED9EF50300FE66E3DDA01E3DB2AC8DAD5
:10509000050EDB2A060EE8E3DB2AE6D733DA01E366
:1050A000DB2AF5DAFA0EDB5007E02CDA01E3DB2A23
:1050B0008DD9FA0EDBCFEFFFDDDAEF6A070EE15C88
:1050C00002E2E16AE552E16E93D189D93FDAE3DA8F
:1050D000EF5006E0020EDB2A030EF9E3DB2AF7D7D6
:1050E00040DAE96EDD501520EA6EEF5012E083DA07
:1050F00001E3DB2AFA0EDB501624E96EFB0EDB50CF
:105100001720EA6EEF50E66EC3D901E3DB2A88DA96
:10511000E7D7F90EDB5004E0BBD901E3DB2AB2DAB2
:10512000BADAEF6A040EE15C02E2E16AE552E16E8E
:105130005FD155D90BDAAFDAEF5006E0020EDB2A69
:10514000030EF9E3DB2AF7D70CDAF66EDD501520F3
:10515000F76E0800F55013E04EDA01E3DB2AFA0E91
:10516000DB501624F66EFB0EDB501720F76E08009E
:10517000F550E66E8DD901E3DB2A52DAE5D7F90E58
:10518000DB5004E085D901E3DB2A7CDA84DAEF6ABC
:10519000040EE15C02E2E16AE552E16E29D156DAE1
:1051A00040D9EF5005E0DF2A010EFAE3DB2AF8D7F9
:1051B00057D901E3DB2A0AD9FB0EDBCFEFFFFA0E4A
:1051C000DB5007E04DD901E3DB2A00D9FA0EDBCF33
:1051D000EFFF27D9EF6AE552E5520AD100D9090E4F
:1051E000E12402E3E168E652E16E020EDB6A030E9F
:1051F000DB6ADE6ADD6A15D9EF5005E0DF2A010EB1
:10520000FAE3DB2AF8D7FA0EFB0EDBCF15F0000E1F
:10521000F00E151615380F0B146E050E14C0DBFFBB
:10522000FA0EFB0EDBCF15F0000E0F0E151615C093
:1052300014F0156A060E14C0DBFFF00EA9D9156A2A
:10524000040EE7D9FEE1070E14C0DBFF0F0EA0D954
:10525000080E14C0DBFFD950050F146E000EDA20C3
:10526000156E020EDB501424E96E030EDB50152080
:10527000EA6EEF500BE194D9165C000E175806E267
:10528000020EDB2A030EE7E3DB2AE5D7E2D8C6D914
:105290006CE270D902E1FF0EED1825E0B3D980D998
:1052A000D8801656000E17561450165C1550175815
:1052B0001AE2CFD8040ED8801456000E1556040EEC
:1052C00014C0DBFF27D9E8AE02D0173404D0165043
:1052D000145C1750155807E2C3D801E3DB2AD7D96D
:1052E000040EDB2AEFD7B5D899D95DE2D9D81434AA
:1052F00022E2D950050F186E000EDA20196E020E48
:10530000DB501824E96E030EDB501920EA6EEFCF54
:1053100017F0090EE76E1718E8AE02D0173403D065
:10532000E750D880175407E3CCD8300FE66E98D8F2
:1053300001E3DB2A75D9B4D8090EE76E1418E8AE7C
:1053400002D0143403D0E750D880145408E2B9D8FE
:10535000410FF60FE66E84D801E3DB2A61D9020E15
:10536000DB2A030EC0E3DB2ABED704D902E1FF0E1D
:10537000ED1819E047D9D890155001E64FD913E23E
:10538000040EDB6AC7D8E8AE02D0173404D016503A
:10539000145C1750155807E263D801E3DB2A77D96C
:1053A000040EDB2AEFD7F70EDB5007E059D801E3F4
:1053B000DB2A0CD8F70EDBCFEFFF33D8EF6A090EEC
:1053C000E15C02E2E16AE552E16E12D0FC0EDB50D4
:1053D0001424E96EFD0EDB501520EA6E1200D9CFC1
:1053E000E6FFDACFE6FFE1CFD9FFE2CFDAFF120026
:1053F000E552E5CFDAFFE7CFD9FF120073EC3DF0BD
:1054000006501A5C186E07501B58196E0A0E086E6B
:10541000096A060EDBCF0DF0070EDBCF0EF015EF9D
:105420002BF0FC0EDBCF14F0FD0EDBCF15F0DE50C1
:105430001424E96EDD501520EA6E1200020E086E8B
:10544000096A0C0EDBCF0DF00D0EDBCF0EF073EF03
:105450003DF0020EDBCF14F0030EDBCF15F012008F
:10546000DFCF14F0DF2A010EDBCF15F01200DBCF07
:1054700009F014C00DF015C00EF083EF4EF0050ECC
:10548000DB50D924E96E060EDB50DA20EA6E1200FA
:10549000020EDBCF14F0DB2A030EDBCF15F0120077
:1054A000D950050F156E000EDA20166E020EDB5075
:1054B0001524E96E030EDB501620EA6EEFCF14F0D0
:1054C0001200D950050F166E000EDA20176E020E6C
:1054D000DB501624E96E030EDB501720EA6EEF5006
:1054E0001200146E0E6EFB0EDBCF09F0C5EC4EF011
:1054F000095012000A0EDBCF14F0DB2A0B0EDBCFB3
:1055000015F01200030EDBCF14F0DB2A040EDBCF04
:1055100015F01200DB50146E156AF80EDBCF16F092
:10552000F90EDBCF17F01550171812000C0EDBCF59
:1055300014F00D0EDBCF15F0050EB0D0050EDBCF4D
:1055400014F0060EDBCF15F0030EA8D0E652E6529B
:10555000E652E652DE6ADD6A020EDB6A030EDB6AA1
:105560001200FA0EDBCF14F0FB0EDBCF15F0DE508D
:1055700014241200D950F80FE96EFF0EDA20EA6EFB
:10558000FF0EEE181200E66E55EC4EF0E5521200DA
:10559000E76EFA0EDBCF14F0FB0EE7501416120084
:1055A000020EDBCF16F0030EDBCF17F0040E120055
:1055B000DECF14F0DDCF15F0D89015501200FA0EA2
:1055C000DBCF18F0FB0EDBCF19F01200FA0EDBCFA9
:1055D0001AF0FB0EDBCF1BF01200FA0EDBCF1CF033
:1055E000FB0EDBCF1DF0120016500624E96E17509B
:1055F0000720EA6E1200DFCF16F0DF2A010EDBCFA4
:1056000017F01200F80EDBCF14F0F90EDBCF15F017
:105610001200D89015321432E8041200040E3ED065
:10562000D5DEE552E750EF6E120073EC3DF0065008
:10563000185C166E07501958176E080EDB50165C72
:10564000146E090EDB501758156E12002BD8E65257
:10565000DE6ADD6A12000A0EDBCF14F00B0EDBCF20
:1056600015F0E6EF29F0D9CF16F0DACF17F0E6DE25
:10567000F4EF2AF0030EDBCF14F0040EDBCF15F0AD
:10568000E6EF29F0A3DEF90EDBCFEFFF12009EDE7E
:10569000300EEF6E1200DDDEE6EF29F0145C000E36
:0A56A000155812009CDEE6521200BD
:0656AA00D9CFE6FFDACFC4
:1056B000E6FFE1CFD9FFE2CFDAFF0E0EE12402E3ED
:1056C000E168E652E16E05012A6B2B6B2C6B2D6BAA
:1056D0000501160E266F05013F0E276F0501400ECE
:1056E000246F0501900E256F0501400E286F060EF0
:1056F00005011E6F1F6B0501200E206F030E216F29
:105700000501200E226F030E236FCAEC2FF0A1DBE0
:1057100010E219EC30F06C0E1426010E152245EC47
:1057200030F0FFEC2FF0020EDB2A030EF0E3DB2A51
:10573000EED76D0E20EC30F06C0E23EC30F004014F
:105740001424F66F000E1520F76F6F0E20EC30F06A
:105750006E0E23EC30F004011424F86F000E1520B7
:10576000F96F710E20EC30F0700E23EC30F0040174
:105770001424FA6F000E1520FB6F730E20EC30F02E
:10578000720E23EC30F004011424FC6F000E15207F
:10579000FD6F04012C0ED880F655010EF75504E27A
:1057A000D4EC2FF0410E8BDB0401900ED880F8551D
:1057B000010EF95504E2D9EC2FF0410E80DB040113
:1057C000C80ED880FA55000EFB5503E2EDDB420E01
:1057D00076DB04015E0ED880FC55010EFD5503E218
:1057E000E8DB420E6CDB750E2AEC30F0740EFDDA4D
:1057F000A6DB00011624146E000E1720156E060E8F
:1058000014C0DBFF070E15C0DBFF770E2AEC30F06B
:10581000760EEBDA94DB1624146E000E1720156E4C
:10582000080E14C0DBFF090E15C0DBFF080EDBCF2E
:1058300014F0090EDBCF15F0060EDBCF16F0070EC5
:10584000DBCF17F01450165C1550175808E2D950EA
:10585000080F7CDB04E0D950060F78DB26E1050158
:10586000300E626F750E636F646B656B0501E00E41
:10587000666F930E676F040E686F696BC5DB9EDB06
:10588000A4DBFEE11450E66E750EB5DBBDDB44DB38
:10589000740EC5DA93DB99DBFEE11450E66E770EE9
:1058A000BEDA3ADB760EA7DB28D0060EDBCF62F538
:1058B000070EDBCF63F50501646B656BBCDAB7ECF3
:1058C0004CF002C062F503C063F504C064F505C086
:1058D00065F5080EDBCF66F5090EDBCF67F5050130
:1058E000686B696B7EDBB7EC4CF002C066F503C0F9
:1058F00067F504C068F505C069F50401F26B0401A1
:10590000F36B0401F46B0401F56B0401E00EBC6F52
:105910000401120EBD6F0401BA6B04013F0EBB6F90
:105920000401900EBF6F0401070EBE6F0401800ECC
:10593000C16F04017C0EC06F0401070EC26FBBC4AF
:1059400092FFBAC480FFBDC493FFBCC481FFBFC433
:1059500094FFBEC482FFC1C495FFC0C483FF966E8E
:10596000E00E7E6E7F6AA40EC06EC16A05016A6B8E
:105970006B6BAC6AAB6AAC84210EAF6EB06AAC984C
:10598000AC8AAB8EAB88750EE66E69EC4DF0E552D5
:105990004D0EE66E48EC4DF0E552A282A092E66A0A
:1059A000020E8DDBEFEC4CF0E552E552E55236ECA1
:1059B00034F046EC3EF0000EE66EE66AE66A6BEC0A
:1059C00034F0E552E552E552E5DA43DA37E206DA39
:1059D000020E20DAFEE1C40EE926040E20DB020EE0
:1059E00019DAFEE1C40EE926040EEA22020EE926C7
:1059F000000E15DB010E0EDAFEE1D40EE926040ED0
:105A00000EDBDC0EE926040EEA22010EEF6EE6D96B
:105A1000010E00DAFEE1E00EE926040E00DB010EC5
:105A2000F9D9FEE1E80EE926040EEA22EE6AED6AF3
:105A3000020EDB2A030EC9E3DB2AC7D70401F06B91
:105A40000401650EF16FC4C4E6FFC5C4E6FF100E85
:105A500049DAC8C4E6FFC9C4E6FF200E43DACCC465
:105A6000E6FFCDC4E6FF300E3DDAD0C4E6FFD1C478
:105A7000E6FF400E37DA0401FE6BFF6B006B016B33
:105A80000501026B036B046B056B0501066B076B6D
:105A9000086B096B05010A6B0B6B0C6B0D6B050139
:105AA0000E6B0F6B106B116B0501126B136B146B8C
:105AB000156B0501166B176B186B196B05011A6BCB
:105AC0001B6B1C6B1D6B0501526B536B0501546BFB
:105AD000556B0501566B576B0501586B596B0501EA
:105AE000296B58DAB6D901E38BD0A3DA090E150277
:105AF000F3CF15F01402F3CF14F0F45015260D0E69
:105B00003FDA320EE76E020EDBCF14F0030E9DD9A2
:105B100038086FE1020EDBCF08F0030EDBCF09F08F
:105B2000081801E1095029E0020E081801E10950A6
:105B30001BE0010E081801E109500DE0085026E1B4
:105B4000095024E183DAFE0EEE6E040E6DDA0E0EBD
:105B5000EE6E050E1AD07ADA020EEE6E050E64DADB
:105B6000120EEE6E050E11D071DA060EEE6E050EF7
:105B70005BDA160EEE6E050E08D068DA0A0EEE6ECF
:105B8000050E52DA1A0EEE6E050EED6EE6D9F3D959
:105B9000EBD9F1D9040EDBCFDEFFDBCFDDFF1CDA62
:105BA000040EE76E65D90CE223D976D902E09ED9BE
:105BB000FEE1D3D98ED9D1D96DDAF1E3DB2AEFD763
:105BC000040EE76E9AD908DA080EE76E040E50D973
:105BD00010E20ED9040E185E000E195A5DD902E0CB
:105BE00085D9FEE1C1D975D9BFD954DAECE3DB2AF6
:105BF000EAD7020EDB2A030E01E274D7DB2A72D742
:105C0000C9D927D901E3D7D0E9D8020E03D9FEE1DB
:105C1000C6D9B1D9E3D8020EFDD8FEE155D9ABD92A
:105C2000060E086E096A020EDBCF0DF0030EDBCF05
:105C30000EF073EC3DF006C014F007C015F0360E00
:105C40009FD9010E0EDAFF0838E171D9FF0835E15E
:105C5000D950020F7BD90BE0D950020FE96E000E2C
:105C6000DA20EA6E020EEE1814E1ED5012E1B6D819
:105C7000020ED0D8FEE193D9170EEE6E180EF8D9A9
:105C8000C9D8FEE121D90B0EEE6EC00EEE6E020EEB
:105C900011D0A4D8020EBED8FEE181D95B0EEE6E03
:105CA000260EE6D9B7D8FEE10FD9CA0EEE6E370E32
:105CB000EE6E0A0EEE6EEE6A77D0010EE76E040EFF
:105CC000DBCF18F0050EDBCF19F0E7501826000ED9
:105CD000192218C0E6FF19C0E6FFE0D9080E1F0B15
:105CE00002E004D9FEE1D1D916C0E6FF17C0E6FFF5
:105CF0001ED925D9DDD81A6E1B6A1C6A1D6AE850A8
:105D000014261B5015221C5016221D50172266D82F
:105D1000020E80D8FEE143D9A2D860D8020E7AD80C
:105D2000FEE1D2D828D9020EE76E040EE6D854D987
:105D3000050EE76E040E9CD818E25AD8020E185EC3
:105D4000000E195AA9D802E0D1D8FEE147D8020EB8
:105D500061D8FEE1B9D8BDD841D8020E5BD8FEE1CA
:105D6000B3D898D9E4E3DB2AE2D7050E7AD9000943
:105D70001BE134D8020E4ED8FEE1A6D8EECF14F0C7
:105D8000EECF15F0EECF16F0EFCF17F0000E146C3B
:105D9000151E1522161E1622171E17221FD8020EB8
:105DA00039D8FEE191D85BD8020EDB2A030E01E25E
:105DB00028D7DB2A26D7310EE66EE66A20D9040101
:105DC000C36F0E0EE15C02E2E16AE552E16EE5525C
:105DD000E5CFDAFFE7CFD9FF12001200020EDBCFCA
:105DE000E9FF030EDBCFEAFF120069D9FFEF2FF0C6
:105DF000DECFE6FFDDCFE6FF51D9DECF1AF0DDCFF3
:105E00001BF0040EDB501A5C186E050EDB501B589D
:105E1000196E1200D890E936EA36E8061200EBD87F
:105E200066C514F067C515F068C516F069C517F0AA
:105E3000D8D824EF4DF038D962C506F063C507F015
:105E400064C508F065C509F0120018D91ED9FFEF26
:105E50002FF0EFD8040E145C000E1558120014C079
:105E6000EEFF15C0EEFF16C0EEFF17C0EEFF1200EA
:105E7000DBCF16F0050EDBCF17F0E7501626000E2D
:105E800017221650145C175015581200E96EDACF1D
:105E9000EAFF000EEA221200080E086E096A18C016
:105EA0000DF019C00EF073EC3DF006501F0B120000
:105EB000E552E7CF15F0E552E7CF14F01200E66E99
:105EC00069EC10F0E552F7D0420EE926050EEA2201
:105ED0001200EE501426EE501522EE501622EE500F
:105EE00017221200E66E6BEC34F0E5D0D890143631
:105EF000153616361736E8061200DBCF14F0050EFD
:105F0000BDD814C0DEFF15C0DDFF1200156E146A87
:105F100014C0E6FFE66E120006C014F007C015F0CC
:105F200008C016F009C017F00650E66E1200040E05
:105F3000DBCFE6FF050EDBCFE6FFFFEF2FF0E552EC
:105F4000E7CF17F0E552E7CF16F01200E96E000E2A
:105F5000DA20EA6EEE50ED1012000A0EDBCFE9FFF8
:105F60000B0EDBCFEAFF12000C0EDBCFE9FF0D0EAC
:105F7000DBCFEAFF1200EE6AEE6AEE6AEE6A12000A
:105F80001426000E1522040E14C0DBFF050E15C0EA
:105F9000DBFF1200020EDB6A030EDB6A1200320E18
:105FA000E926050EEA2212002C0E89D8310EE66E83
:105FB0001200900E84D8320EE66E120007C015F063
:105FC000146A166A176A080E1200D8901732163231
:105FD00015321432E8061200DECF14F0DDCF15F0D2
:105FE000120062D866C506F067C507F068C508F0FC
:105FF00069C509F0120063D88FEC4AF05CD0A7ECB9
:106000004AF0E552E552120062C514F063C515F07E
:1060100064C516F065C517F00EDF24EF4DF0EA22D7
:10602000EE6AED6AEEEF2EF0ED6ED9500C0F46EFF2
:106030002FF0020EDBCF14F0030EDBCF15F01200B1
:10604000D4DE86EF2FF0D1DE58EF2FF0D9500A0FB3
:1060500046EF2FF0CADE176E166A16C0E6FFE66E30
:106060001200E76E040EDBCF14F0050E25EF2FF0C3
:10607000EE6EEE6AEE6AB2DE020E1200DBCF15F0B3
:10608000E7501426000E1522120014C0E6FF15C0BA
:10609000E6FF1200E4DEDF2A010E1200B0DF146E0C
:1060A000156A166A176A1200980E0B6E3A0E0C6E7D
:1060B0000D6A0E6A1200E552E552E5521200E66ED4
:0660C000010EE66E120065
:0A60C600FDDA3D0EE12402E3E1687B
:1060D000E65200DB010EF36E070EF3CFDBFF080E76
:1060E000DB6A090EDB6AC6DA010EF36E180EF3CF17
:1060F000DBFF3ADB1D0EDB6A1E0E86DB1F0EF3CFC5
:10610000DBFF200EDB6A210EDB6A220E7DDB230E15
:10611000F3CFDBFF240E78DB250EF3CFDBFF260E5B
:10612000DB6A270EDB6A280EDB6A290EDB6A2A0E81
:10613000DB6A2B0EDB6A2C0EDB6A2D0EDB6A2E0E61
:10614000DB6A2F0EDB6A300EDB6A310E5DDB320E4E
:10615000F3CFDBFF330EDB6A340EDB6A350EDB6A0E
:10616000360EDB6A370EDB6A380EDB6A390EDB6807
:106170003A0EDB6A0EDBE8AE02D0E73402D0E7501D
:10618000145C60E23A0E0FDB3A0EF7DA3A0E12DBDD
:106190001D0EDFCFDBFF010EDB50E76E1E0EE7CFDB
:1061A000DBFF020EDB50E76E1F0EE7CFDBFF3A0E80
:1061B000DB5002080AE1010EF36E1A0EF3CFDBFF8B
:1061C000010EF36E370EF3CFDBFF3A0EDB50030800
:1061D00004E11A0EDB6A370EDB6AEF0E0401BC1510
:1061E000BC6F37DBA2DA24C5E6FFB7EC4EF0E55210
:1061F00083DA3B0EDB6A31DBDBCF16F0176A16BEA3
:10620000176829DAFF0809E0C1DA16BE1768F2DA62
:10621000BDDA16BE1768FCDAEED73B0EDB6A6CDA25
:106220006FDA16BE176817DAFF0809E069DA16BEDA
:106230001768E0DA65DA16BE1768EADAF1D73A0EBF
:10624000DB2A98D7000E146E3D0EE15C02E2E16A93
:10625000E552E16E145060D234DA2B0EE12402E3F1
:10626000E168E65237DA070ECFDA080EF3CFDBFF2C
:10627000010EF36E090EF3CFDBFFFCD9180EDB6ABB
:1062800073DA1E0EDB6ADBCF14F0060EE76E14180D
:10629000E8AE02D0E73402D0E750145C0CE21E0EE8
:1062A000DBCF14F0156A14BE1568D8D9EE6AED6A12
:1062B0001E0EDB2AE8D7220EDB6A6BDAE8AE02D0CC
:1062C000E73402D0E750145C01E3C9D01E0EDB6A4C
:1062D0001F0EDB6A1D0EDB6A220E65DA220E4DDA16
:1062E000220E68DA09DAE3D916BE1768B4D9FF08B6
:1062F00001E1B2D01E0EDBCF14F00A0EE76E1418C7
:10630000E8AE02D0E73402D0E750145C11E2CFD9F6
:1063100016BE17686FDACBD916BE17689CD93FDA5C
:10632000C6D916BE176879DAEF0402E11F0EDB2A20
:1063300048DAE8AE02D0143403D0E750D8801454C1
:1063400001E379D01E0EDBCF15F01B0EE76E15189A
:10635000E8AE02D0E73402D0E750155C6CE2230EC1
:10636000DB6A240EDB6AA3D916BE176843DA040180
:10637000BD89000EE66EE66A07EC4EF0E552E55286
:10638000BDC493FF8150100B0BE1D7D909E2CAECD1
:106390004DF0230EF3CFDBFF240EF4CFDBFFF2D75B
:1063A00043DA050114501E5D15501F593DE2230EBE
:1063B000DBCF16F0240EDBCF17F005012051165C61
:1063C0002151175831E2FDD9E8AE02D0143403D080
:1063D000E750D880145426E21E0EDBCF15F0140EC1
:1063E000E76E1518E8AE02D0E73402D0E750155C2E
:1063F00019E21E0EDBCFE6FF0A0EE552D880E75405
:10640000090FDEEC4EF0F3CF16F0F4CF17F0220EAA
:10641000DBCF14F0156A14BE156820D91650EE12A1
:106420001750ED121F0EDB2A88D905E3010EF36E1B
:106430001D0EF3CFDBFF1E0EDB501B080AE11F0E03
:10644000DB50010B010A8CD91F0EDB50010B010A36
:10645000A6D91E0EDB2A47D7220EDB2A2ED7220E04
:10646000DB6A97D9E8AE02D0E73402D0E750145C7B
:1064700038E2220EDBCF1AF01B6A1ABE1B68D890D6
:106480001A361B36FC0EDB501A24E96EFD0EDB506B
:106490001B20EA6EEECF18F0EFCF19F0190E086E40
:1064A000096A18C00DF019C00EF046EC3DF006C0A8
:1064B00016F007C017F0640E0D6E0E6A06C008F0E5
:1064C00007C009F0ECEC3CF008C016F009C017F06A
:1064D000220EDBCF14F0156A14BE1568BFD878D928
:1064E000C0D720D902E2E16AE55212D902E2E16A9C
:1064F000E552E16E1450E66A020EE66E010EDAD83D
:10650000E66A020EE66ED6D80DD902E2E16AE552DD
:10651000FFD802E2E16AE552E16E1450220EDB6A16
:10652000DBCF14F0020EE76E1418E8AE02D0E734A9
:1065300002D0E750145C5DE2E66A020EE66E220EBF
:10654000DB2879D94CD9270E280EDBCF15F0000EA9
:10655000800E15161544156A010B146E250E14C015
:10656000DBFF260E15C0DBFFD950250FE96E000EAC
:10657000DA20EA6E010EEE18DFE1ED50DDE1270EC4
:10658000DBCF16F0280EDBCF17F0290E2A0E030EF4
:106590001716186A196AEC0E0B6E010ED5D8B7ECF7
:1065A0004CF002C016F003C017F004C018F005C08C
:1065B00019F0FE0E165E2A0E175A040E185A000E17
:1065C000195AE80E0B6E030EBFD812EC3DF006C050
:1065D00016F007C017F008C018F009C019F0220E15
:1065E000DB50040F146E156A14BE156837D8F0D846
:1065F00097D71D0EDB50146E2B0EE15C02E2E16AB0
:10660000E552E16E145088D090D825C5E6FFD3EC52
:106610004EF0E552120055D888D8FD0EDB0403E198
:1066200027C5E6FF02D026C5E6FFD3EC4EF0E552C3
:1066300073D047D80401BD89BCC481FFBDC493FF9A
:1066400028C5E6FFD3EC4EF0E552100E0401BD1153
:10665000BD6F936E61D0E1D8EF501200D890143620
:106660001536FC0EDB501424E96EFD0EDB501520B0
:10667000EA6E12000A0EDB6A0B0EDB6A0C0EDB6A96
:106680000D0EDB6A0E0EDB6A0F0EDB6A100EDB6A84
:10669000110EDB6A120EDB6A130EDB6A140EDB6A64
:1066A000150EDB6A160EDB6A170EDB6A1200D5D8F0
:1066B0001E0ED8D0C0D8F3CF14F0F4CF15F0EFEF02
:1066C00033F0D9CFE6FFDACFE6FFE1CFD9FFE2CF53
:1066D000DAFF1200E16EDF6A010EDB6AF36E020E72
:1066E000F3CFDBFF030EDB6A040E8ED8050EF3CF6B
:1066F000DBFF060EDB6A1200ACD886DF29EF34F030
:10670000D9501D0F146E000EDA20156E3B0EAAD064
:10671000E16E145097D871D0E552E5CFDAFFE7CF9C
:10672000D9FF12008FD8010E68D0EF0E0401BD15FD
:10673000BD6FBCC481FF936E120076D80501225153
:10674000145C2351155812000C6E0D6A0E6A16C0A7
:1067500006F017C007F018C008F019C009F01200C1
:10676000E66E59DFE5521200190EDB6A1A0EDB6A7B
:106770001B0EDB6A1C0EDB681200DB28020BE840F4
:106780007F0BE76E010EE7CFDBFF120066D83B0EF2
:1067900069D0DBCF14F0040EE76E14181200E66E19
:1067A00048DFE5521200DB28040BE840E8403F0BCD
:1067B000DF6E1200DB28010BE76E020EE7CFDBFF76
:1067C00012001E0EDBCF14F0090EE76E1418120033
:1067D00016C0EEFF17C0EDFF220EDB2A1200270EB7
:1067E000F3CFDBFF280EF4CFDBFF290EDB6A2A0E86
:1067F000DB6A120030DFB0EF33F0E66EE1EC45F01B
:10680000146E050EE15C1200DB6A010EF36E1200DD
:1068100022DFC5DF3B0EDB2A120014501624E96E7E
:1068200015501720EA6E1200230EDBCF14F0240E51
:10683000DBCF15F01200E66E81EC45F0E552E55233
:10684000E5521200010EE66EE66AE66A020EE66E98
:106850001200E66AEEDEE5521200D9CF14F0DACF6C
:0C68600015F01200DBCF16F0176A1200D2
:04686C00CCDA080E6C
:10687000E12402E3E168E652E16E060EDF6E010EEE
:10688000DB6A020EDB6A030EDB68090EF36E040E90
:10689000F3CFDBFF0A0EF36E050EF3CFDBFF060E20
:1068A000DB6A070EDB6A83DBFE0E6ADBFE0EBE15BB
:1068B000BE6F826ED950040FE66E000EDA20E66ECF
:1068C000B2DA000E146E080EE15C02E2E16AE552F3
:1068D000E16E1450C7D297DAE652E652E652E6521B
:1068E00066DB030EDF6E1EDB000E1416F00E1516AF
:1068F0001538156A0F0B146EFD0EDB501410E76E81
:10690000010EE7CFDBFF0EDBF00E14160F0E15168F
:10691000040ED89015321432E804FBE1020E14C0C4
:10692000DBFF0F0EE76EFEDAE7501416156A040E51
:10693000D89014361536E804FBE1030E14C0DBFFD3
:10694000FE0E04011DDB040EE15C02E2E16AE55289
:10695000E16E88D258DAFC0EDBCFE6FFFD0EDBCF0E
:10696000E6FF400EE66EB7DFE552E552E55225DB65
:10697000E66A010EDEDA02E2E16AE552E16E1450E7
:10698000F80EDBCFE6FFF90EDBCFE6FF010EE66E79
:10699000D0DA02E2E16AE552E16E145063D233DAF2
:1069A000E652E652E652020EDB6AE3DA300EEF6E92
:1069B000DE52010EDD6EDF6A040EDF5C1DE2320E78
:1069C000DF2477DA380816E1020EDB2ADB50300FBD
:1069D000E66ECFDAE552E750EF6E1EDA2C0EEF6E60
:1069E000020EDF14E8407F0B410FEEDA010EDF14D8
:1069F000310FEADADF2AE0D7010EDB50F5DAEF6A71
:106A0000E552E552E5522ED2FED9080EE12402E30A
:106A1000E168E652E16E010EE76EFA0EDBCF18F088
:106A2000FB0E26DAFA0EDBCFE6FFFB0E46DADE6E51
:106A300017C0DDFF010EE76EF80EDBCF18F0F90E80
:106A400017DAF80EDBCFE6FFF90E37DA020E14C0C4
:106A5000DBFF030E17C0DBFF020EDBCF20F0030EBF
:106A6000DBCF21F0226A236A21AE02D0226823689C
:106A7000FC0EDBCF1CF0FD0EDBCF1DF01E6A1F6A83
:106A80001DAE02D01E681F68DECF18F0DDCF19F0F2
:106A90001A6A1B6A19AE02D01A681B6818C006F081
:106AA00019C007F01AC008F01BC009F01CC00BF099
:106AB0001DC00CF01EC00DF01FC00EF0B7EC4CF066
:106AC000025000012024146E03502120156E045042
:106AD0002220166E05502320176E040E14C0DBFF13
:106AE000050E15C0DBFF060E16C0DBFF070E17C034
:106AF000DBFF040EDBCF06F0050EDBCF07F0060E42
:106B0000DBCF08F0070EDBCF09F0640E0B6E0C6ACA
:106B10000D6A0E6A12EC3DF0080EE15C02E2E16AD9
:106B2000E552E16E9FD16FD9190EE12402E3E168CD
:106B3000E652E16E010EDF6EDB6A020EDB6A030EC7
:106B4000DB6A040EDB6A050EDB6A060EDB6A070EE3
:106B5000DB6A080EDB6A090EDB6A0A0EDB6A0B0EC3
:106B6000DB6A0C0EDB6A0D0EDB6A0E0EDB6A0F0EA3
:106B7000DB6A100EDB6A110EDB6A120EDB6A130E83
:106B8000DB6A140EDB6A150EDB6A160EDB6A170E63
:106B9000DB6AFD0EDB50BF0FE824146EFC0EDB0435
:106BA0001424E76E180EE7CFDBFFFC0EDB040EE1CA
:106BB000FD0EDB5041080AE1ECD9940E3FD9960E48
:106BC00047D94E0E76D900093AE124D0FC0EDB04F9
:106BD0000EE1FD0EDB5042080AE1DBD99C0E2ED9F6
:106BE0009E0E36D94F0E65D9000914E028D0FC0E50
:106BF000DB50020811E1FD0EDB5041080DE1D0D958
:106C0000980E1CD99A0E24D9500E53D9000917E1B9
:106C10007DD915E3010E16D0FC0EDB50020816E1FB
:106C2000FD0EDB50420812E1BBD9A00E07D9A20E1F
:106C30000FD9510E3ED9000902E168D902E2000ED7
:106C400001D0010EE76E170EE7CFDBFFD950110F11
:106C5000C1D9EE50ED1001E1ACD0110EDBCF18F030
:106C6000120EDBCF19F01A6A1B6AFA0EDBCF14F092
:106C7000FB0E32D918C00BF019C00CF01AC00DF081
:106C80001BC00EF064D9090E06C0DBFF0A0E07C058
:106C9000DBFF0B0E08C0DBFF0C0E09C0DBFF170E7D
:106CA000DB503AE026D917EC13F0E552E552E552F5
:106CB000E552000918E01DD980D9A6DE146E060E33
:106CC000E15C02E2E16AE552E16E1450010E06C099
:106CD000DBFF020E07C0DBFF030E08C0DBFF040E64
:106CE00009C0DBFF01D0D5D80D0EDBCF14F00E0E9E
:106CF000DBCF15F00F0EDBCF16F0100EDBCF17F049
:106D0000D950010F67D9EE50145CEE501558EE5073
:106D10001658EE50175801E2BCD8110EDBCF14F014
:106D2000120EDAD8F60EDBCF0BF0F70EDBCF0CF03D
:106D3000F80EDBCF0DF0F90EDBCF0EF008D9050E03
:106D400006C0DBFF060E07C0DBFF070E08C0DBFF37
:106D5000080E09C0DBFF180EDB50040DF3CFE9FF6E
:106D6000F4CFEAFFC40EE926040EEA22020EE92659
:106D7000000EEA22010EDBCFEEFF020EDBCFEDFFAD
:106D8000180EEA6ADB34FE0BEA36E96ED40EE92609
:106D9000040EEA22050EDBCFEEFF060EDBCFEDFF81
:106DA000180EDB50EA6ADC0FE96E040EEA22EF6A85
:106DB000DF6ADF50146E190EE15C02E2E16AE5520F
:106DC000E16E14504FD00B6E010E0C6E0D6A0E6A00
:106DD000BED80D0E06C0DBFF0E0E07C0DBFF0F0E88
:106DE00008C0DBFF100E09C0DBFF1200F36E120EAD
:106DF000F3CFDBFF110EDBCF06F0120EDBCF07F077
:106E0000086A096A1200D9CFE6FFDACFE6FFE1CFC0
:106E1000D9FFE2CFDAFF1200010EDBCFF3FFDB2A4E
:106E2000F350F4EF37F0040EE66EE66A47EC46F0F6
:106E3000E552E552E552E552D7EF37F0F36E130E07
:106E4000F3CFDBFF020EF36E140EF3CFDBFF120065
:106E5000F36E150EF3CFDBFF020EF36E160EF3CFBB
:106E6000DBFF1200E552E5CFDAFFE7CFD9FF1200D2
:106E7000DBCF19F0E7501826000E192218C0E6FFE4
:106E800019C0E6FFACD8176E166A16C0E6FFE66EAC
:106E90001200D950090F9ED8010EEECFDBFF020E73
:106EA000EECFDBFF030EEECFDBFF040EEECFDBFFFA
:106EB0001200E66EE66AEFEF37F0DBCFE6FF8FD821
:106EC000E552E7CF17F0E552E7CF16F000011610B4
:106ED000146E17C015F01200DBCF15F0166A176A92
:106EE00014C006F015C007F016C008F017C009F06E
:106EF0001200150EDBCFE6FF160EDBCFE6FF130EFA
:106F0000DBCFE6FF140EDBCFE6FF1200D950FA0FFD
:106F1000E96EFF0EDA20EA6E900ED880EE54010E74
:106F2000ED541200FB0EDBCF14F0FC0EDBCF15F09E
:106F30001200E66E020EE66EE1EC45F0146E050EF0
:106F4000E15C1200F36E110EF3CFDBFF1200B7EC21
:106F50004CF002C006F003C007F004C008F005C002
:106F600009F0E80E0B6E030E0C6E0D6A0E6A24EF2C
:106F70004DF0FC0EDBCFE9FFFD0EDBCFEAFF120088
:106F8000BE15BE6F826ED9CFE6FFDACFE6FF13EFF4
:106F900037F02C0ED7DF270E29DF2C0EE3EF36F06B
:106FA000680ED0DF550E22DF900EE3EF36F0010EB3
:106FB0000401BE11BE6F826E1200FA0EDBCFE6FF37
:106FC000FB0EDBCFE6FF1200E66E26DFE552E75050
:106FD000EF6E1200E96E000EDA20EA6E1200A7ECE6
:106FE0004AF0E552E5521200E76EC3DFE750E926AA
:066FF000000EEA2212006F
:0A6FF60054DA170EC26E9EACFED7EF
:10700000140E79DA9CDAF4DAAADA99DA1B0EC26E77
:107010009EACFED7180E6FDA020EF1DA020E39DAE4
:107020009EDA020EECDA1F0EC26E9EACFED71C0E6C
:1070300062DA040EE4DA36D333DA220EE12402E314
:10704000E168E652E16ED9CFE6FFDACFE6FFD3DFA3
:10705000E552E5520F0EDB6A0E0EDB6A030EF36E8D
:107060000E0EDBCFF4FFF350F45C01E3CAD0D9CFAE
:1070700016F0DACF17F069DAEECF14F0EFCF15F093
:10708000360E0D6E010E0E6E14C008F015C009F01C
:1070900083EC4EF0080E08C0DBFF090E09C0DBFFD1
:1070A000080EDBCF16F0090EDBCF17F0360E1702F5
:1070B000F3CF17F016501726360E1602F3CF16F040
:1070C000F4501726D9CF14F0DACF15F03EDA165067
:1070D000EE5C066E1750EE58076E086A096AE40EF9
:1070E0000B6E0C0E0C6E0D6A0E6AB7EC4CF00A0EAD
:1070F00002C0DBFF0B0E03C0DBFF0C0E04C0DBFF86
:107100000D0E05C0DBFF0A0EDBCF06F00B0EDBCF4A
:1071100007F00C0EDBCF08F00D0EDBCF09F00B6A89
:10712000040E0C6E0D6A0E6A24EC4DF00A0E06C0B9
:10713000DBFF0B0E07C0DBFF0C0E08C0DBFF0D0EE4
:1071400009C0DBFF0A0EDBCF08F00B0EDBCF09F026
:10715000060E08C0DBFF070E09C0DBFF080EDB5080
:10716000300F94DAABD974D9F3288ADA2C0EEF6E8B
:10717000060EDBCF16F0070EDBCF17F0640E0D6E98
:107180000E6A16C008F017C009F083EC4EF008C074
:1071900016F0300E08247ADA020F90D998D9300E02
:1071A0000824166E060EDBCF19F0070EDBCF1AF09F
:1071B000640E0D6E0E6A19C008F01AC009F083EC57
:1071C0004EF008C019F009C01AF00A0E1902F35067
:1071D000165C5CDA030F72D9060EDB50300F166EA8
:1071E00076D90A0E1702F350165C50DA040F66D9EE
:1071F0002FD9F350050F44DA200EEF6E0E0EDB2A66
:107200002DD7210EDB6A0F0EDB50300F10D9760E12
:10721000EF6E030ED4D93A0EEF6E040ED0D9EF6A9A
:10722000E66AD950100FE66E000EDA20E66E40DAFC
:1072300065EC28F0146E050EE15C02E2E16AE552AD
:10724000E16E1450000E146E220EE15C02E2E16A5F
:10725000E5523AD125D9110EE12402E3E168E65264
:1072600086D9200EB3D902E2E16AE552D7D902E20B
:10727000E16AE552DAD902E2E16AE552DDD902E2D9
:10728000E16AE552E0D902E2E16AE552E3D902E2BD
:10729000E16AE552E6D902E2E16AE552B6D902E2D4
:1072A000E16AE55274D902E2E16AE5520DD1F8D8FB
:1072B000110EE12402E3E168E65259D9100E86D995
:1072C00002E2E16AE552AAD902E2E16AE552ADD9E9
:1072D00002E2E16AE552B0D902E2E16AE552B3D9CD
:1072E00002E2E16AE552B6D902E2E16AE552B9D9B1
:1072F00002E2E16AE55289D902E2E16AE55247D940
:1073000002E2E16AE552E0D0CBD8090EE12402E3C3
:10731000E168E652E16EC69A800EE66EE66A2FD903
:10732000880EF36E020EF3CFDBFFFD0EDBCF14F001
:10733000FF0E14180401C015E76E030EE7CFDBFF44
:10734000FD0EDB50C011E76E040EE7CFDBFFA2D9C4
:10735000E9EC4DF0E5529EA6FED727D92BD9FEE1E8
:1073600087D9DE52010EDD6E080EF36E010EDBCF03
:10737000F4FFF350F45C2BE2C9D8010EDB38F00BBC
:10738000E552E724DF6EDFCFE6FFE9EC4DF0E55292
:107390009EA6FED70AD90ED9FEE164D8D890153240
:1073A0001432E804FBE1BCD8FB0EDBCF14F0FC0E7A
:1073B000DBCF15F0010EDB04020D1450F324E96E4F
:1073C0001550F420EA6EEAD8010EDB2ACDD79ED8FC
:1073D000E9EC4DF0E5529EA6FED7E7D8EBD8FEE1EA
:1073E00041D8D89015321432E804FBE199D80E0E3A
:1073F000E76EFB0EDBCFE9FFFC0E61D9CFD8040EA0
:10740000DB50836EC69AE66A020EE66EB8D8146E3A
:10741000090EE15C02E2E16AE55256D0DBCFE6FFFD
:1074200047D987EC26F0146E050EE15C1200E66E7B
:10743000FA0EDBCFE9FFFB0EDBCFEAFFE552E750A8
:10744000EF6E010EBCD87C0EEF6E020EDFEF3AF04D
:10745000D950100F146E000EDA20156E0E0EDB5090
:10746000060D1200F00E1416166A02D9E66ED950F7
:10747000070FE96E000EDA20EA6EE552E750EE6E75
:10748000ED6A070EDBCF14F0080EDBCF15F0040E0B
:107490001200E76EADD8E750E926000EEA2212008E
:1074A000D9CFE6FFDACFE6FFE1CFD9FFE2CFDAFFAF
:1074B0001200E16E14502C0EE66E12000F01E0D89F
:1074C000E552E750EF6E1200E16E1450EBD0060E5D
:1074D000DBCF17F0070EDBCF18F00A0E0D6E0E6A29
:1074E00017C008F018C009F083EC4EF008C017F080
:1074F00009C018F01200C26EC450176E166AC3504D
:107500001624146E000E1720156E1200040EDB50A8
:10751000836E030EE66ED3EC4EF0E5524AEF3BF07D
:107520000F0E1416000E1516D950050FE96E000E39
:10753000DA20EA6E1450EE261550ED22120058D8CB
:1075400014C0EEFF15C0EDFF12000E0EDB50020D51
:10755000D950F324E96EDA50F420EA6E1200EECF2F
:1075600014F0EFCF15F0D890143615361200E16EF6
:10757000D950010FE66E000EDA20E66E1200010E01
:10758000E66EEFEC4CF0E552E552E5521200E16E8A
:107590001450000E146E110EE15C1200050EDBCFCC
:1075A000EEFF060EDBCFEDFF1200C950146E156A18
:1075B000040E1200D89014361536E8041200E76E57
:1075C000FA0EDBCFE9FFFB0E5FEF3BF0E66E9CDED1
:1075D000E552E552E552DF6A300EDF2428DFEF6A1C
:1075E0002C0EE66E010EDBCFE6FF020E0EEF3AF038
:1075F000FC0EDBCFE9FFFD0EDBCFEAFF120049DF17
:1076000014C0EEFF15C0EDFF1200E16E1450E66AE3
:107610000F0EDBCFE6FF100E0EEF3AF04ADF030E3F
:10762000DBCFE6FF040E0EEF3AF043DF050EDBCFB3
:10763000E6FF060E0EEF3AF03CDF070EDBCFE6FF6B
:10764000080E0EEF3AF035DF090EDBCFE6FF0A0E2B
:107650000EEF3AF02EDF0B0EDBCFE6FF0C0E0EEF37
:107660003AF027DF0D0EDBCFE6FF0E0E0EEF3AF0FD
:10767000050E14C0DBFF060E15C0DBFF6CEF4EF0ED
:107680001424E96E000E1520EA6E1200E66EE0DEAC
:10769000F3501200030EDB50836E9E96020EDBCF7A
:1076A000E6FF1200E552E5CFDAFFE7CFD9FF12007F
:1076B000FA0EDBCFE6FFFB0EDBCFE6FF1200DBCFDF
:0C76C000EAFFE750E926000EEA22120063
:0476CC00019E08D043
:1076D000019E09AE05D0086C091EE86A0922018ED8
:1076E00009C003F008C002F0136A126A8E0E046E1D
:1076F000056ADCEF3DF00F7E016A18EC3EF030ECDD
:107700003EF001B6C0EF3DF001A20AD001AA03D0BD
:1077100001BEC0EF3DF001A4CCEF3DF0C9EF3DF05C
:1077200001AA05D001ACCCEF3DF0C9EF3DF001A0BE
:107730000AD001A808D001BE04D001A402D0D5EF20
:107740003DF0D9EF3DF0126A056A0F500A5C116EE8
:1077500010E307C013F008C002F009C003F00AC02C
:1077600010F00CC007F00DC008F00EC009F0013A8F
:1077700009D00CC013F00DC002F00EC003F00FC012
:1077800010F0116C019E01BC018E10C004F001B01C
:1077900008EF3EF01A0E116008EF3EF0046A0A6A24
:1077A00001A408D0076C081E091E0A1EE86A0822F8
:1077B00009220A2201AC08D0136C021E031E041E0B
:1077C000E86A022203220422066A115207E00A3400
:1077D0000932083207320632112EF9D70750132624
:1077E00008500222095003220A50042206C012F057
:1077F000019E04AE0BD0126C131E021E031E041E4B
:10780000E86A1322022203220422018E04A006D079
:10781000D8800332023213321232102A10C004F020
:10782000DCEF3DF0016A18EC3EF030EC3EF001B6C2
:10783000C0EF3DF001A205D001BAC0EF3DF0C7EFA7
:107840003DF001BAD3EF3DF001A005D001B8C0EF83
:107850003DF0D3EF3DF001B8C7EF3DF0056A7F0E74
:107860000A24046EE86A05220F50045EE86A055A8D
:107870001A0E106E0A6A126A136A026A036A0C50C0
:10788000075E0D50085A0E50095A000E0A5A09E7B1
:107890000C5007260D5008220E500922000E0A2215
:1078A00001D0128AD8900736083609360A36D890A1
:1078B0001236133602360336102EE1D7095008105F
:1078C0000710D8A4128ADCEF3DF0016A18EC3EF0F4
:1078D00030EC3EF001B6C0EF3DF001A205D001B89A
:1078E000C0EF3DF0C7EF3DF001AA05D001B0C0EFF9
:1078F0003DF0C7EF3DF001B002D001A802D0D3EFB8
:107900003DF0056A0F500A24046EE86A05227E0ED7
:10791000045EE86A055A126A136A026A036A0E5024
:107920000902F4CF03F0F3CF02F00D500902F35037
:107930001326F4500222000E03220E500802F350C8
:107940001326F4500222000E03220C500902F350B9
:107950001226F4501322000E022203220D500802B8
:10796000F3501226F4501322000E022203220E506E
:107970000702F3501226F4501322000E02220322B3
:107980000C500802F4501226000E13220222032289
:107990000D500702F4501226000E13220222032279
:1079A000DCEF3DF0006A0EAED8EF3CF00E6C001E2E
:1079B00009AEDDEF3CF0096C001EC5EC4EF009BECF
:1079C000E7EF3CF000AE000C096C056C000C00BE4B
:1079D000E4EF3CF00188FF0C006A0EAEF5EF3CF0DE
:1079E0000D6C0E1EE86A0E22001E09AEFDEF3CF083
:1079F000086C091EE86A0922001E83EC4EF009BEDD
:107A00000DEF3DF000AE000C086C091EE86A09227B
:107A1000046C051EE86A0522000C00BE04EF3DF070
:107A20000188FF0C006AE86A0EAE1FEF3DF00B6C98
:107A30000C1E0D1E0E1E0C220D220E22001E09AE63
:107A40002AEF3DF0066C071E081E091E07220822B9
:107A50000922001E24EC4DF009BE41EF3DF000AEBE
:107A6000000C066C071E081E091EE86A0722082281
:107A70000922026C031E041E051E03220422052295
:107A8000000C00BE31EF3DF00188FF0C09C013F07F
:107A900008C012F008500D02F4CF07F0F3CF06F043
:107AA00009500E02F4CF09F0F3CF08F00D02F350A5
:107AB0000726F4500822E86A092212500E02F350F9
:107AC0000726F4500822E86A09220EAE6CEF3DF05A
:107AD0001250085E1350095A13AE000C0D50085E88
:107AE0000E50095A000C08C012F008500D02F4CFD5
:107AF00007F0F3CF06F009500E02F4CF09F0F3CFF0
:107B000008F00D02F3500726F4500822E86A092213
:107B100012500E02F3500726F4500822E86A092298
:107B2000000C016A18EC3EF001B69BEF3DF001A29B
:107B30000ED001B405D07F0E096EFF0E086E1FD067
:107B4000800E096E086A1BD0096A086A18D001B055
:107B5000FBD78F0E0A60EDD77E0E0A64F5D78E0E26
:107B60000A5C05E0D890093208320A2AF8D701A445
:107B700006D0086C091EE86A092209AEE5D7120092
:107B80007F0E0A6EFF0E096E086E076E12007F0EE2
:107B900001BEFF0E0A6E02D07F0E0A6E800E096EC5
:107BA000086A076AF3D701AE04D0800E0A6E096A2C
:107BB000F7D70A6A096AF4D703500210131012109B
:107BC000F8E005BEF0D703BE0CD004500510EBE082
:107BD000D89012361336023603360406D8A00506AE
:107BE000F2D70550D4E10428D2E012AE11D07F0EB6
:107BF000121402E113A00CD0132AE86A0222032215
:107C000007E3D880033202321332042A0428BFE08B
:107C10000450C9E013C007F002C008F00334096E35
:107C200004300A6E09320A9E01BE0A8EC6EF3DF08C
:107C300009360A3602E30184017E06E101800A6A00
:107C4000096A086A076A12000A2803E0D880093224
:107C50001200D890093202E101821200018612005E
:107C60000E360F3602E3018C017E06E101880F6AB1
:107C70000E6A0D6A0C6A12000F2803E0D8800E32DB
:0C7C80001200D8900E32EAE1018A1200D6
:047C8C0071DAE65271
:107C9000E652E652400E0401C011C06F836EABDAAB
:107CA000E70EDF6EDE52FD0EDD6EDF0EBC15BC6F23
:107CB000816EDFCFE6FFE9EC4DF0E552010EDBCF40
:107CC000E6FFE9EC4DF0E55296DAE552E552E55271
:107CD00070D24EDA0F0EE12402E3E168E652E16E63
:107CE0000D0EDB6A0E0EDB6AFC0EDB50310849E13B
:107CF000FD0EDB5042081EE193DA060EEE6E050E15
:107D000080DA160EEE6E050EED6E0B0EECC4DBFF88
:107D10000C0EEDC4DBFF020EDF6E270E60DAAE0E36
:107D200075DAAC0EF7D92CE0AE0E70DAAC0EE5D9F0
:107D300023E220D0FD0EDB50410823E171DAFE0E74
:107D4000EE6E040E5EDA0E0EEE6E050EED6E0B0E8E
:107D5000E8C4DBFF0C0EE9C4DBFFDF6A150E3FDA77
:107D6000A60E54DAA40ED6D90BE0A60E4FDAA40E56
:107D7000C4D902E2E16AE552E16E1450DAD901D0C9
:107D8000E8D9FC0EDB5032084AE1FD0EDB50410819
:107D90001EE146DA020EEE6E050E33DA120EEE6EBC
:107DA000050EED6E0B0EEAC4DBFF0C0EEBC4DBFF21
:107DB000010EDF6E1E0E13DAAA0E28DAA80EAAD95B
:107DC0002DE0AA0E23DAA80E98D924E221D0FD0EC8
:107DD000DB50420824E124DA0A0EEE6E050E11DAB9
:107DE0001A0EEE6E050EED6E0B0EEEC4DBFF0C0EE2
:107DF000EFC4DBFF030EDF6E300EF1D9B20E06DAF0
:107E0000B00E88D90BE0B20E01DAB00E76D902E2DC
:107E1000E16AE552E16E14508CD901D09AD9CFD9DC
:107E2000D880300EEE54750EEE54000EEE54000E57
:107E3000EE5401E399D0CC503208FDE30B0EDBCFBA
:107E400018F00C0EDBCF19F01A6A1B6A19AE02D0BB
:107E50001A681B68030EDBCFE9FF040E9FD914C01C
:107E600006F015C007F016C008F017C009F018C0DA
:107E70000BF019C00CF01AC00DF01BC00EF0B7ECDF
:107E80004CF0070E02C0DBFF080E03C0DBFF090E3B
:107E900004C0DBFF0A0E05C0DBFFCC503208FDE357
:107EA000070EDBCF06F0080EDBCF07F0090EDBCFA5
:107EB00008F00A0EDBCF09F0100E0B6E270E0C6EC9
:107EC0000D6A0E6A24EC4DF034D9020EDBCFE6FFCA
:107ED000E66AA7EC4AF0E552E552E76E010EE7CFFD
:107EE000DBFFDB500FE0050EDBCFE9FF060E56D9B6
:107EF00066D9EE501426EE501522EE501622EE50A2
:107F000017221DD03ED990D961D926E2070EDBCFCA
:107F100018F0080EDBCF19F0090EDBCF1AF00A0EAD
:107F2000DBCF1BF081D9EE50185C146EEE5019585F
:107F3000156EEE501A58166EEE501B58176E070E3F
:107F400014C0DBFF080E15C0DBFF090E16C0DBFFF7
:107F50000A0E17C0DBFF08D0070EDB6A080EDB6ACB
:107F6000090EDB6A0A0EDB6A0CD9D950F80FE96EEC
:107F7000FF0EDA20EA6E2AD91BE3F80EDBCF14F0ED
:107F8000F90EDBCF15F0FA0EDBCF16F0FB0EDBCFD0
:107F900017F015D9EE50145C0001606FEE501558C3
:107FA000616FEE501658626FEE501758636F05D030
:107FB0000001606B616B626B636BCC501408FDE376
:107FC00060C064F061C065F062C066F063C067F0D5
:107FD000D30E0B6E250E0C6E0D6A0E6A60C006F095
:107FE00061C007F062C008F063C009F0B7EC4CF064
:107FF00004C066F005C067F0CC501408FDE3000132
:10800000646B656BCC501408FDE3080E1F0B03E096
:108010000001EAD8FEE1CC501408FDE3080E1F0B66
:1080200003E00001E1D8FEE10D0E64C0DBFF0E0E9F
:1080300065C0DBFF0D0EDBCF14F00E0EDBCF15F0AD
:1080400014C0F3FF15C0F4FF0F0EE15C02E2E16A19
:10805000E552E16EAED08CD879D8FC0EDBCFE9FFCB
:10806000FD0EDBCFEAFFEF38F00B00016E6F6F6B98
:10807000DF0E0401BC15BC6F816E6EC0E6FFE9EC3B
:108080004DF0E5526FC0E6FFE9EC4DF0E5525ED8E9
:10809000BF0E0401C015C06F836EBCD8400E040132
:1080A000C011C06F836E83AEFED7B4D84FD8DF0E39
:1080B0000401BC15BC6F816E6CEC4EF00001686F62
:1080C0006CEC4EF00001696F96D8000168516C6F3E
:1080D0006D6B69516A6F6B6BCC503208FDE3000128
:1080E0006CC06DF06C6B6A516C256A6F6B516D21C1
:1080F0006B6F6AC0F3FFF46E5CD088D80B0EDBCFD9
:10810000E6FF0C0EDBCFE6FF04EC35F0146E060E36
:10811000E15C12007BD817EC13F0E552E552E55212
:10812000E55200091200E96EDACFEAFF000EEA22FA
:108130001200070E06C0DBFF080E07C0DBFF090EAA
:1081400008C0DBFF0A0E09C0DBFF120054D80AEF9B
:1081500041F0310EF36E070EF3CFDBFF750EF36EB9
:10816000080EF3CFDBFF090EDB6A0A0EDB6A120092
:10817000D9CFE6FFDACFE6FFE1CFD9FFE2CFDAFFD2
:108180001200070EDBCF14F0080EDBCF15F0090E3E
:10819000DBCF16F00A0EDBCF17F01200DBCFEAFFC1
:1081A000EECF14F0EECF15F0EECF16F0EFCF17F0C4
:1081B0001200E552E5CFDAFFE7CFD9FF1200D95020
:1081C000070FE96E000EDA20EA6E12001450EE5C22
:1081D0001550EE581650EE581750EE581200F36E28
:1081E000020EF3CFDBFF1200D8906733663365339E
:1081F0006433E8061200200E0401BC11BC6F816ECE
:108200001200ED6ED950050F93EF40F0E66E020EAE
:10821000E66E1200010EE66ED3EC4EF0E55212004F
:10822000D950030F93EF40F0050EDBCFE9FF060EA8
:06823000DBCFEAFF1200A3
:0A823600ACDAE652E652010EDE6EED
:10824000DE6ADE6ADD6ADD52DD52040EDB6AFD0E97
:10825000DB50000824E20A0EF36EFD0E73DA1FE213
:10826000FD0EDB50F36E040E6DDA19E2040E73DAC4
:108270000B6E0C6A0D6A0E6AEECF06F0EECF07F0B9
:10828000EECF08F0EFCF09F0B7EC4CF005C0EDFFF2
:1082900004C0EDFF03C0EDFF02C0EFFFE1D7DECF6A
:1082A00006F0DECF07F0DECF08F0DDCF09F0DD52BB
:1082B000DD52050EE15C02E2E16AE552E16E2ED28A
:1082C00067DADF6A020EDB6A010EDB6A34DAEE6A15
:1082D000EE6AEE6AEE6ADF2A53DAFDE10B0EDF5C2E
:1082E00062E2DF50F36E010E2DDA62E2020EDB5025
:1082F0005FE1010EDB5048DA50E3010EDB50CAD9D2
:10830000EF5039084AE3010EDB50C4D9EF50D00FCB
:10831000186E196A1A6A1B6AE66E19C0E6FF1AC05F
:10832000E6FF1BC0E6FF010EDB50DF5CFF0FE66ED1
:1083300082DFE552E552E7CF1BF0E552E7CF1AF0B6
:10834000E552E7CF19F0E552E7CF18F018C00BF06F
:1083500019C00CF01AC00DF01BC00EF0B7EC4CF0B9
:1083600002C014F003C015F004C016F005C017F0E9
:10837000E2D9EE501426EE501522EE501622EE50A1
:108380001722D9D914C0EEFF15C0EEFF16C0EEFFBC
:1083900017C0EEFF010EDB2AA4D7010EF36E020E0A
:1083A000F3CFDBFF9ED7010EF36E020EF3CFDBFFA0
:1083B000020EDB50E552E552E552B0D180D9E652CB
:1083C000E652C5D936E1E9D9780803E0E6D958087C
:1083D00030E1020EDF6EDE52010EDD6EDF50D4D9C9
:1083E00005E3CED9390802E3010EDB6ADF50E4D998
:1083F000410E145C05E3C4D9460802E3010EDB6AB2
:10840000DF50DAD9610E145C05E3BAD9660802E3DD
:10841000010EDB6ADF2AB4D903E0010EDB50DBE09A
:10842000070EDF5C2EE2010EDB502BE19BD994D8C6
:108430001ED0DF6A010EDB6AA3D911E0010EDB500A
:108440000EE1DF50A1D906E39BD9390803E3010E01
:10845000DB6A03D0DE52010EDD6EDF2AEDD7060E99
:10846000DF5C0FE2010EDB500CE17CD912D8E55243
:10847000E552F4CF15F05FD9F3CFEEFF15C0EDFF55
:1084800003D0DE52010EDD6E010EDB50E552E552E7
:1084900045D115D9060EE12402E3E168E652E16E0A
:1084A000DF6A25D96DD902E0DF2AFCD7DF04E76E49
:1084B000010EE7CFDBFFDF6A050EF36E010E42D936
:1084C00032E2DF5061D92AE35BD9390827E3010E94
:1084D000DB50D880DF54E66EB1D8E552F3CF1AF006
:1084E000F4CF1BF04DD9D00F186E196A086E19C061
:1084F00009F0F3CF0DF0F4CF0EF073EC3DF007C0B0
:1085000015F0166A176A10D90650EE261550EE229D
:108510001650EE221750EE22DF2A02D0DF6AE7D88B
:108520002FD9CFE101D0E3D8FFD8D880FF0EEE5489
:10853000FF0EEE54000EEE54000EEE5401E2D7D8BA
:10854000020EDBCF14F0030E14D9060EE15C02E23A
:10855000E16AE552E16EE2D0B2D8070EE12402E30F
:10856000E168E652E16EC3D8F2D851E116D9780835
:1085700003E013D958084BE1020EDE6EDD6A91D894
:108580004AE016D948E1A4D8300E145C06E3B8D806
:10859000390803E386D8D00F14D09AD8410E145C62
:1085A00006E3AED8460803E37CD8BF0F09D090D8C5
:1085B000610E145C0BE3A4D8660808E372D89F0F21
:1085C0000A0FE76E060EE7CFDBFF04D0020EDB6872
:1085D000030EDB68EDD8D3E1040EDBCF16F0050EF9
:1085E000DBCF17F0040ED89016361736E804FBE1FF
:1085F000060EDB501610146E040E14C0DBFF050EC1
:1086000017C0DBFFDF2A010EBAE3DB2AB8D7020E60
:10861000DB6A030EDB6ACCD805E1040EDBCF14F075
:10862000050E04D0020EDBCF14F0030EA2D8070E05
:10863000E15C02E2E16AE552E16E70D0A9D8010E78
:10864000DE6EDD6A020EDB6AFD0EDB50000816E20C
:10865000050EF36EFD0E76D811E2FD0EDB50F36EC3
:10866000020E70D80BE2020E76D8EC02F3CFEDFFCB
:10867000EF02F3CFEEFFF450ED26EFD7DECF14F08C
:10868000DDCF15F014C0F3FF15C0F4FFE552E5523D
:10869000E55244D0E76E85D8E750E926000EEA227D
:1086A0001200FC0EDBCF14F0FD0EDBCF15F0DE5018
:1086B0001424E96EDD501520EA6EEF501200D9CF78
:1086C000E6FFDACFE6FFE1CFD9FFE2CFDAFF120013
:1086D000FC0EDBCF15F0FD0EDBCF16F0DE501524BF
:1086E000E96EDD501620EA6EEFCF14F01200020E94
:1086F000DB6A030EDB6A040EDB6A050EDB6A12001E
:10870000FC0EDBCF17F0FD0EDBCF18F0DE50172488
:10871000E96EDD501820EA6EEF501200E552E5CF09
:10872000DAFFE7CFD9FF1200D950020FE96E000E31
:10873000DA20EA6E1200FA0EDBCFE9FFFB0EDBCF88
:10874000EAFF1200DBCFF4FFF350F45C120029D8EB
:10875000EF5030081200DB2AD9CFE9FFDACFEAFF69
:108760000A0E1200FC0EDBCFE6FFFD0EDBCFE6FFAC
:108770001200DBCF15F014C0F3FF15C0F4FF120098
:10878000DF5088DFEF50120017D8300E145C120053
:1087900096DFE652E652E6521200010E7BDFEF5002
:1087A0001200FC0EDBCFE9FFFD0EDBCFEAFF12006B
:1087B000BBDFEE50ED1012006DDFEFCF14F01200B2
:1087C00032D924D90E0EEE6E010EED6E1FD9EECF0A
:1087D000E6FFEFCFE6FFE66A19D934D9E9CFE6FF25
:1087E000EACFE6FF12EC4CF0166E050EE15C02E2F9
:1087F000E16AE552E16E165076D9EE6AED6A67D904
:10880000EE6AED6A19D10FD9E652DF6A64D9040E17
:1088100026D9FB0EDBCFEFFF53D9040E31D9040E5E
:1088200018D943D906E11750151803E160D90F0E86
:10883000DF6EDF50E55200D1F6D837D905E1175089
:10884000151802E10E0E0AD046D9020E08D9EF50D3
:10885000E66E0FD9E552E750EF6E49D9EDD0E3D877
:108860000F0EE12402E3E168E652E16E0B0EDB6AD3
:108870000C0EDB6A0D0EDB6A0E0EDB6A16D905E103
:108880001750151802E1040EB1D0020EDB6A030E78
:10889000DB6A040EDB6A050EDB6A19D9060EEECF21
:1088A000DBFF070EEDCFDBFF1ED9080EEECFDBFF9F
:1088B000090EEDCFDBFF060EDBCFDEFFDBCFDDFFEA
:1088C0000E0EDB5001E085D0080EDB50DF1804E10E
:1088D000090EDB50DE52DD1801E17BD000D9DE50FD
:1088E000E924E96EDD50EA20EA6E0A0EEFCFDBFFE5
:1088F0008DD8EECF16F0EFCF17F0DECF14F0DDCF2E
:1089000015F0010E1426000E152214C008F015C033
:1089100009F016C00DF017C00EF083EC4EF004C045
:10892000DEFF05C0DDFF040EDB2A050E01E3DB2AB6
:108930000A0EDB50020810E00A0EDB5006080CE0BD
:108940000A0EDB501B0808E00A0EDB50150804E095
:108950000A0EDB501A081DE1F80EDBCFE9FFF90E15
:10896000DBCFEAFF040EDBCFEEFF050EDBCFEDFF22
:108970000B0EDB6A010EF36E020EF3CFDBFF030E6C
:10898000DB6A010EF36E0C0EF3CFDBFF0D0EDB6A1C
:1089900097D70C0EDB5094E0020EDB2A030E01E3A6
:1089A000DB2A0D0EDB5009E10A0EDB50030801E063
:1089B00087D7010EF36E0D0E09D00B0EDB2ADB50AC
:1089C000020801E07DD7010EF36E0E0EF3CFDBFF40
:1089D00077D70E0EDB5009E04CD8020EDBCFEEFF4E
:1089E000030EDBCFEDFFF36A02D0030EF36EF46AE1
:1089F0000F0EE15C02E2E16AE552E16E1DD013D890
:108A00006ED8E9CFF3FFEACFF4FF16D0FC0EDBCF30
:108A1000E9FFFD0EDBCFEAFF12006FD8EECF16F0B4
:108A2000EFCF17F01200D9CFE6FFDACFE6FFE1CFA4
:108A3000D9FFE2CFDAFF1200E552E5CFDAFFE7CF48
:108A4000D9FF1200060E59D8E9CF14F0EACF15F07D
:108A5000120053D804C0EEFF15C0EDFF12004DD830
:108A60001450EE24E76E1550EE20EA6EE7CFE9FFD2
:108A70001200FA0EDBCFE9FFFB0EDBCFEAFF12009C
:108A8000CCDF010E1626000E172216C008F017C004
:108A900009F018C00DF019C00EF083EC4EF004C0C0
:108AA00014F005C015F006EF45F01DD8EECF14F018
:108AB000EFCF15F0ABDF020EB0DF16501418120026
:108AC000A5DFEECF18F0EFCF19F006EF45F09EDFEF
:108AD000020E7DEF45F09ADFB5DF06EF45F096DF39
:108AE000060E7DEF45F092DF040E7DEF45F0E8DFE6
:108AF000020EC6DF020E29EF45F0E926000EEA223B
:028B0000120061
:0E8B02004CD9060EE12402E3E168E652E16E72
:108B1000FC0EDBCF15F05ED967D9FD0EDB0404E156
:108B2000FD0E0401BE15BE6FFD0EDB50020804E110
:108B3000FB0E0401BE15BE6FBEC482FF45D9E66AB6
:108B400078D96CEC4EF0E76E020EE7CFDBFF6CECF1
:108B50004EF0E76E030EE7CFDBFF020EDBCF16F021
:108B600016C017F0166A030EDB501624146E000EA2
:108B70001720156E040E14C0DBFF050E15C0DBFFB9
:108B8000FD0EDB0404E1020E0401BE11BE6FFD0EFA
:108B9000DB50020804E1040E0401BE11BE6FBEC426
:108BA00082FF040EDBCF14F0050EDBCF15F014C0EE
:108BB000F3FF15C0F4FF060EE15C02E2E16AE55244
:108BC00011D1ECD8E652E652E652E652070E040105
:108BD000BE11BE6F826EFD0EDB0403E1FD0EBE15FD
:108BE000BE6FFD0EDB50020803E1FB0EBE15BE6F2B
:108BF000BEC482FFCC501408FDE3FB0EDBCF14F0A3
:108C0000FC0EDBCF15F0000E1416E4D8CC5014087F
:108C1000FDE3EAD8CC501408FDE3F90EFA0EDBCFE1
:108C200015F015C014F0156A020E14C0DBFFCC500D
:108C30001408FDE3F90EDB50E76E030EE7CFDBFF10
:108C4000CC501408FDE3C0D8010EE66EF2D8020E37
:108C5000DFD8030EDDD8070E0401BE11BE6F826E91
:108C6000040EE15C02E2E16AE552BCD0C4D8010E18
:108C70009ED802E2E16AE552E16E1450BCD8020EC1
:108C800096D802E2E16AE552E16E1450120086D8ED
:108C9000E652E652DE6ADD6ADECF14F0DDCF15F073
:108CA000FC0EDBCF16F0FD0EDBCF17F015501718BA
:108CB000E8AE02D0173404D01650145C1750155883
:108CC00014E2FA0EDBCF14F0FB0EDBCF15F0DE5012
:108CD0001424E96EDD501520EA6EEF50E66EA9D837
:108CE000DF2A010ED9E3DB2AD7D7E552E5528AD035
:108CF0009DD8DBCF78F5FD0EDBCF79F55ED8040E7D
:108D00008BD802E2E16AE55241D090D8DBCF72F510
:108D1000FD0EDBCF73F551D8040E83D802E2E16A71
:108D2000E55234D083D8DBCF76F5FD0EDBCF77F577
:108D300044D8050E71D802E2E16AE55227D076D810
:108D4000DBCF70F5FD0EDBCF71F537D8050E69D896
:108D500002E2E16AE5521AD069D8DBCF74F5FD0E64
:108D6000DBCF75F52AD8060E57D802E2E16AE55244
:108D70000DD05CD8DBCF6EF5FD0EDBCF6FF51DD8C7
:108D8000060E4FD802E2E16AE55200D0E16E1450BF
:108D9000640EE66E3EEC4EF0E55234D0D9CFE6FFDD
:108DA000DACFE6FFE1CFD9FFE2CFDAFF1200E66EBD
:108DB00008DF146E050EE15C1200FC0EDBCFE6FF4F
:108DC000FD0EDBCFE6FF1200DFCFE6FF32D8010E4B
:108DD00008EF47F0FF0E151615C014F0156A145071
:108DE000DF6E1200E16E0ED0FB0EDB50E76E010E5F
:108DF000E7CFDBFF1200040EE66EE66A030EE66EB6
:108E0000E66A1200E552E5CFDAFFE7CFD9FF12009C
:108E1000DBCFE6FF19EF47F0E66EE66A010ED7EF0B
:108E200046F0E66EE66A020ED7EF46F0B7DFFC0EBC
:0A8E30001200E9EC4DF0E5521200CB
:068E3A00F1D857D9EF6AE0
:108E40000DD1EDD8E652E652E652E652020EDB6A4A
:108E5000030EDB6ADE6ADD6AFC0EDBCF14F0FD0E6A
:108E6000DBCF15F0DE501424E96EDD501520EA6EDC
:108E7000EF50030819E041D9DE501624E96EDD50A9
:108E80001720EA6EEF50146E156AD950020FE96E82
:108E9000000EDA20EA6E1450EE1A1550ED1ADF2A91
:108EA000010EDAE3DB2AD8D7020EDBCF14F0030E73
:108EB000F1D8040EE15C02E2E16AE552E16ECED047
:108EC000AED8060EE12402E3E168E652E16E040E3C
:108ED000DB6A050EDB6A010E9BD8EFCFDFFF020EC7
:108EE00097D8010EEFCFDBFF030E92D8020EEFCF23
:108EF000DBFF030ED6D8040EF3CFDBFF050EF4CF55
:108F0000DBFF040EDBCF14F0050EC4D8060EE15CC7
:108F100002E2E16AE552E16EA1D081D8070E78D86D
:108F2000EF50230807E1DBD805E3EED87E0802E323
:108F3000EBD801D0000E92D072D8E652E65294D807
:108F4000F3CFDEFFF4CFDDFF070E62D8EF5023082A
:108F500012E1C5D810E3D8D87E080DE3ACD80B0ECB
:108F6000AFD8080E65D802E2E16AE552E16E18500A
:108F7000A2D80B0E0CD09FD8090EA2D8060E58D836
:108F800002E2E16AE552E16E185095D8090E145ECE
:108F9000000E155AFA0EDB501424E96EFB0EDB505E
:108FA0001520EA6EEF6AE552E55258D038D8070E20
:108FB000E12402E3E168E652E16E030EDB6A040E8F
:108FC000DB6A52D8050EF3CFDBFF060EF4CFDBFFD2
:108FD0007FD8020E145E53D8EFCFDFFF79D8140686
:108FE0004ED8010EEFCFDBFF020E5BD8030EF3CF9E
:108FF000DBFF040EF4CFDBFF030EDBCF14F0040E17
:1090000049D8070EE15C02E2E16AE552E16E26D042
:10901000E76E6CD8E750E926000EEA221200D9CF9D
:10902000E6FFDACFE6FFE1CFD9FFE2CFDAFF1200A9
:10903000E76E63D8E7501626000E172216C0E6FF2B
:1090400017C0E6FFFA0EDBCFE6FFFB0EDBCFE6FF35
:109050003AEC4CF0186E060EE15C1200E552E5CFDA
:10906000DAFFE7CFD9FF1200FC0EDBCFE6FFFD0EE3
:10907000DBCFE6FF2CEC4CF0E552E5521200000E7F
:10908000155AFC0EDB501424E96EFD0EDB50152042
:10909000EA6E1200DBCF15F014C0F3FF15C0F4FF29
:1090A0001200DB6AD9CFE6FFDACFE6FF15EC4BF012
:1090B000E552E5521200DECF14F0DDCF15F01200BC
:1090C000145E000E155A14C0E6FF15C0E6FF12002C
:1090D000050EDBCF14F0060EDBCF15F01200060EE6
:1090E00097DFEFCF14F0210E145C1200FC0EDBCFE3
:1090F000E9FFFD0EDBCFEAFF1200FC0EDBCF16F01E
:10910000FD0EDBCF17F01200060E82DFEF501200CB
:109110005DCFE6FF5ECFE6FFE0EC43F0E552E552BF
:10912000140E0F015D25146E010E5E21156E14C024
:10913000E6FFE66EE0EC43F0E552E5521200F4D8AB
:10914000E150FC0FE96EFF0EE220EA6EEE50ED10EA
:1091500004E017D908E1ED5006E1C7D816D9FFECB5
:1091600044F0E552E552E9D0DFD8E6520AD928E1C9
:10917000ED5026E112D9040EE926000EEA22EECFC8
:1091800014F0EFCF15F009D9020EE926000EEA22FD
:10919000EECF16F0EFCF17F01650141802E117506B
:1091A00015180EE0D9CFE6FFDACFE6FF9ED8ADD88E
:1091B000ACA2FED7DFCFE6FF55EC4EF0E552DAD792
:1091C000E552BBD0B1D8E652E652E652DAD801E118
:1091D000ED5004E0A2D8EE50ED1036E1DE6ADD6A13
:1091E000C2D8F60EDBCF16F0F70EDBCF17F016065F
:1091F000000E175A1650145C1750155806E2B8D8CE
:10920000DF2A010EEDE3DB2AEBD7DE6ADD6AABD89D
:10921000F80EDBCF16F0F90E9FD80EE2A9D8DFCFFB
:1092200014F0DF2A010EDBCF15F001E3DB2A8BD827
:10923000020EDBCFEFFFEBD7F80EDBCF14F0F90E09
:10924000DBCF15F080D8EF6AE552E552E55275D0D4
:109250006BD8E652E652E652E652FA0EDBCFE6FF54
:10926000FB0EDBCFE6FF2CEC4CF0E552E552020E94
:10927000F3CFDBFF030EF4CFDBFF83D801E1ED502A
:1092800004E04BD8EE50ED1029E1DE6ADD6A6BD8C0
:10929000020EDBCF16F0030E5FD820E2FA0EDBCF12
:1092A00014F0FB0EDBCF15F0DE501424E96EDD5018
:1092B0001520EA6EEF50E66E18D8166E5E51072044
:1092C000176E16C0E6FFE66E03EC44F0E552E55279
:1092D000E552DF2A010EDBE3DB2AD9D7040EE15C7D
:1092E00002E2E16AE552E16E28D0140E086E010E2A
:1092F000096EFC0EDBCF0DF0FD0EDBCF0EF073EC34
:109300003DF00F015D51062412003FD81CEC44F0E3
:10931000E552E552E552E5521200D950FC0FE96ED4
:10932000FF0EDA20EA6E1200D9CFE6FFDACFE6FFB1
:10933000E1CFD9FFE2CFDAFF1200E552E5CFDAFF45
:10934000E7CFD9FF1200FA0EDB501424E96EFB0EB2
:10935000DB501520EA6E1200DBCF17F01650145CBC
:10936000175015581200DECF14F0DDCF15F01200A3
:10937000D950020FE66E000EDA20E66EB6DF85EFFA
:1093800049F0CBDF010EEE181200146E5E5107207B
:10939000156E14C0E6FFE66E1200A7DFE96E5E519F
:0693A0000720EA6E120036
:0A93A60038D9070EE12402E3E16864
:1093B000E6520FD9000EE66EE66AC9D8E552E552CC
:1093C000E76E060EE7CFDBFFDB5038086EE10C0ED0
:1093D000DE6EDD6A0BD9E4D814E210D9B8D8E552B4
:1093E000E552E66E12D9E552E750EF6E040EDB2A25
:1093F000050E01E3DB2A020EDB2A030EECE3DB2A77
:10940000EAD70501000E6E5D040E6F5908E26EC5C5
:10941000E6FF6FC5E6FFB9EC46F0E552E5520501FF
:10942000000E705D040E715908E270C5E6FF71C54B
:10943000E6FF9FEC46F0E552E5520501000E725D35
:10944000040E735908E272C5E6FF73C5E6FF85ECAA
:1094500046F0E552E5520501000E745D040E7559A3
:1094600008E274C5E6FF75C5E6FFACEC46F0E552D0
:10947000E5520501000E765D040E775908E276C5C7
:10948000E6FF77C5E6FF92EC46F0E552E5520501AE
:10949000000E785D040E795908E278C5E6FF79C5BB
:1094A000E6FF78EC46F0E552E552070EE15C02E299
:1094B000E16AE552E16E87D0AFD8060EE12402E3FF
:1094C000E168E65286D80C0EDE6EDD6A380EE66E76
:1094D000000EE66EE66A23D8E552E552E55286D8DC
:1094E0005FD813E292D8EF50E66E88D818D8E552CC
:1094F000E552E552040EDB2A050E01E3DB2A020EDB
:10950000DB2A030EEDE3DB2AEBD7000E146E060E0A
:10951000E15C02E2E16AE552E16E145054D023D8D6
:10952000DB50AA6EDF50A96EFB0EDB50A86EA69E24
:10953000A69CA684F29E550EA76EAA0EA76EA682C2
:10954000F28EA6B2FED7A694E552E5523CD00BD8D7
:10955000A69EA69CDB50AA6EDF50A96EA680A850DE
:10956000E552E55230D058D8E652E652FF0EE76E8B
:10957000FC0EDBCF14F0E75014161450DF6EFC0E17
:10958000DBCF14F0FD0EDBCF15F0000E1416030E2A
:10959000151615C014F0156A010E14C0DBFF120079
:1095A000020EDBCF14F0030EDBCF15F0DECF16F08A
:1095B000DDCF17F0010E1626000E17221650145C90
:1095C000175015581200E552E5CFDAFFE7CFD9FF63
:1095D0001200E16ED950040FE96EDACFEAFF000EF7
:1095E000EA226E0EEE6E050EED6E1200010EF36EA7
:1095F000020EF3CFDBFF030EDB6A1200020EDBCF9D
:10960000E6FF030EDBCFE6FF1200040EDBCFE9FF1F
:10961000050EDBCFEAFF1200D9CFE6FFDACFE6FF77
:0A962000E1CFD9FFE2CFDAFF12001C
:06962A00D9CFE6FFDACF04
:10963000E6FFE1CFD9FFE2CFDAFFE652E652E6528B
:10964000DE6ADD6AFC0EDBCFE9FFFD0EDBCFEAFF51
:10965000020EEFCFDBFFDB50200804E0020EDB50F0
:10966000090808E1FC0EDB2ADBCFE9FFFD0EEEE383
:10967000DB2AECD7300E4FD80BE3020EDB50390853
:1096800007E350D855D8FEE1020EDB50D00F1CD0B6
:10969000410E41D80BE3020EDB50460807E342D8E7
:1096A00047D8FEE1020EDB50BF0F0DD0610E33D85C
:1096B00019E3020EDB50660815E334D839D8FEE111
:1096C000020EDB509F0F0A0F1624146E000E172097
:1096D00014C0DEFFDD6EFC0EDB2ADBCFE9FFFD0EE2
:1096E0000BE309D0DECF14F0DDCF15F014C0F3FF8B
:1096F00015C0F4FF07D0DB2ADBCFEAFF020EEFCF65
:10970000DBFFB8D7E552E552E552E552E5CFDAFF87
:10971000E7CFD9FF1200F36E020EDBCFF4FFF35058
:10972000F45C1200DECF16F0DDCF17F0040E12004D
:0A973000D89016361736E804120030
:06973A00FF0EE3CFEAFF81
:10974000E552FF0EE3CFE9FFE552E66AE66AD9CFBC
:10975000E6FFDACFE6FFFC0EE124D96EFF0EE22031
:10976000DA6EE66AE66AE66A200EEF5C06E0090E4B
:10977000EF5C03E0EF6603D03FD0EE50F5D72D0E3F
:10978000EF5C03E1FF0EE32A03D02B0EEF5C01E157
:10979000EE502F0EEF6424D03A0EEF6021D0D89017
:1097A000F90EE336FA0EE336FD0EDECFE3FFFE0ED2
:1097B000DDCFE3FFD890F90EE336FA0EE336D8900A
:1097C000F90EE336FA0EE336FD0EE350DE26FE0E0A
:1097D000E350DD22300EEE5CDE26000EDD22D9D70E
:1097E000FF0EE3CFE8FFE85207E0F90EE31EE32A9D
:1097F000FA0ED8B4E306E31EE552E552E552FF0E39
:10980000E3CFDAFFE552FF0EE3CFD9FFE552E1CF18
:10981000E9FFE2CFEAFFED52ED52EECFF3FFEFCFDB
:04982000F4FF12003F
:0C982400FE0EE3CFE9FFFF0EE3CFEAFFEA
:10983000E9CFF3FFEACFF4FFFB0EE35003E1FC0EA8
:10984000E35009E0FB0EE30602E2FC0EE306FD0E28
:10985000E350EE6EF1D71200FE0EE3CFE9FFFF0EEC
:10986000E3CFEAFFF36AF46AEE5203E0F34AF42A24
:10987000FBD71200D9CFE6FFDACFE6FFFA0EE3CF2F
:10988000D9FFFB0EE3CFDAFFFC0EE3CFE9FFFD0EBD
:10989000E3CFEAFFE9CFF3FFEACFF4FFF80EE3509E
:1098A00003E1F90EE3500BE0F80EE30602E2F90ED5
:1098B000E306DECFEFFFEE66F1D7DD52EFD7FF0E06
:1098C000E3CFDAFFE552FF0EE3CFD9FFE5521200F6
:1098D0008C0EF66E020EF76E000EF86E0001090097
:1098E000F550816F0900F550826F03E1816701D067
:1098F0003DD00900F5507C6F0900F5507D6F0900DF
:10990000F5507E6F09000900F550E96E0900F55029
:10991000EA6E090009000900F5507F6F0900F55053
:10992000806F09000900F6CF83F0F7CF84F0F8CFFD
:1099300085F07CC0F6FF7DC0F7FF7EC0F8FF000118
:109940007F5302E1805307E00900F550EE6E7F0778
:10995000F8E28007F9D783C0F6FF84C0F7FF85C01F
:0E996000F8FF00018107000E825BBFD71200E6
:02996E000650A1
:109970000B02F3CF02F0F4CF03F00C02F3500326F6
:10998000000EF420046E06500D02F3500426000E63
:10999000F420056E06500E02F350052607500B0208
:1099A000F3500326F4500422000E052207500C0247
:1099B000F3500426F450052207500D02F3500526FB
:1099C00008500B02F3500426F450052208500C02F4
:0E99D000F350052609500B02F3500526120035
:0299DE00D9CFDF
:1099E000E6FFDACFE6FFE1CFD9FFE2CFDAFF3F0EA5
:1099F000C716C66AFD0EDB50C612FB0EDB50C7123F
:109A0000FC0EDB50030A09E0010A04E0020A06E149
:109A1000C78C04D0C78CC68801D0C688FD0EDB5029
:109A2000050A06E0010A06E19486928A7E9803D030
:109A3000948601D094969488949AC68AE552E5CF8C
:089A4000DAFFE7CFD9FF1200A5
:089A4800056A046A036A026A60
:109A5000200EE76ED89006360736083609360236ED
:109A60000336043605360B50025C0C5003580D507B
:109A700004580E50055809E30B50025E0C50035A6F
:109A80000D50045A0E50055A062AE72EE4D712004C
:109A9000D9CFE6FFDACFE6FFE1CFD9FFE2CFDAFF99
:109AA000FD0EDB50360BB16EB36AB26AA192FD0EA9
:109AB000DBAE02D0A08201D0A092DBA002D0B18E9A
:109AC00001D0B19EB180E552E5CFDAFFE7CFD9FFF3
:029AD000120082
:0E9AD200D9CFE6FFDACFE6FFE1CFD9FFE2CF32
:109AE000DAFFFD0EDB507E0BCD6EFD0EDBAC02D03F
:109AF000CD8E01D0CD9ECF6ACE6A9E90DBAE02D0D5
:109B00009D8001D09D90CD80E552E5CFDAFFE7CF73
:049B1000D9FF120067
:0C9B140031312C30362C323032362C4EE1
:109B2000657743616C6962726174696F6E0076611A
:109B30007269616E743D00796561723D006D6F6E92
:109B400074683D006461793D0074656C3D00302CA3
:059B500030004E43004F
:0A9B5600D9CFE6FFDACFE6FFE1CF3A
:109B6000D9FFE2CFDAFFE652F20E0F015F17ABAC7E
:109B700003D05F91ABB05F81ABB45F85ABB25F8761
:109B8000AE50DF6EDF50E552E552E5CFDAFFE7CFAA
:049B9000D9FF1200E7
:0C9B9400D9CFE6FFDACFE6FFE1CFD9FF22
:109BA000E2CFDAFFE652E652CE50DF6E010ECFCFA3
:109BB000DBFFDECF14F0DDCF15F014C0F3FF15C0CE
:109BC000F4FFE552E552E552E5CFDAFFE7CFD9FFE2
:029BD000120081
:0E9BD200D9CFE6FFDACFE6FFE1CFD9FFE2CF31
:109BE000DAFFE652C950DF6E9E96C69EFD0EDB5030
:109BF000C96EC6AE02D0FF0E03D09EA6FED7000EE1
:0E9C0000E552E552E5CFDAFFE7CFD9FF1200BB
:029C0E00D9CFAC
:109C1000E6FFDACFE6FFE1CFD9FFE2CFDAFFE65287
:109C2000E652FC0EDBCFDEFFDBCFDDFF010EDB50AB
:109C3000CF6EDF50CE6EE552E552E552E5CFDAFF4A
:069C4000E7CFD9FF12007E
:0A9C4600D9CFE6FFDACFE6FFE1CF49
:109C5000D9FFE2CFDAFFFD0EDB50FB0BCA6ECC6AF8
:109C60009E92FD0EDBAE02D09D8201D09D92CA84F1
:0C9C7000E552E5CFDAFFE7CFD9FF120084
:049C7C00FF0EE350A4
:109C80002D6EEF0E01D0F30EE76EE72E45EF4EF08E
:109C90000C0E2C6EE76AE72E4BEF4EF02C2E4AEF9F
:0A9CA0004EF02D2E43EF4EF012009F
:069CAA00D9CFE6FFDACF7E
:109CB000E6FFE1CFD9FFE2CFDAFFACAC04D0AC9045
:109CC0000F015FB3AC80FD0EDB50AD6EE552E5CF0A
:089CD000DAFFE7CFD9FF120013
:089CD800D9CFE6FFDACFE6FF69
:109CE000E1CFD9FFE2CFDAFFE652C950DF6E9E9690
:109CF000C96A9EA6FED7C950E552E552E5CFDAFF04
:069D0000E7CFD9FF1200BD
:0A9D0600056A046A100EE76ED8909B
:109D100008360936043605360D50045C0E500558D9
:109D200005E30D50045E0E50055A082AE72EF0D7C1
:029D300012001F
:0E9D3200600EF36E00EE00F00F0E01D812006E
:109D4000EA6002D0EE6AFCD7F350E9601200EE6AD6
:029D5000FCD73E
:0E9D52001DEE00F02DEE00F0F86A019C68ECAA
:0E9D60004CF003EC00F0BEEC17F0FBD7120045
:029D6E00FF0EE6
:109D7000E3502D6E1B0E00D001D0200EE76EE72EB3
:0A9D8000FED72D2EFAD700D01200F6
:069D8A00056A080EE76EF9
:109D9000D890093605360E50055C02E3056E092A97
:069DA000E72EF7D71200C8
:0A9DA600FF0EE350E84E120000002B
:0C9DB00000D000D000D0E82EFAD712003E
:049DBC00F36AF46AE8
:109DC000F32A0F0B05E0D890F336F436E804FBE1F4
:029DD00012007F
:029DD2007A0510
:0C9DD40000014141424201000200010078
:079DE000020000000000007A
:020000040030CA
:0100010006F8
:0100020005F8
:010003001EDE
:010005008179
:010006008178
:00000001FF
